"Област","Община","Населено място","Училище","Код по НЕИСПУО","БЕЛ Явили се","БЕЛ Ср. успех в точки","МАТ Явили се","МАТ  Ср. успех в точки"
"БЛАГОЕВГРАД","БАНСКО","ГР.БАНСКО","Средно училище ""Неофит Рилски""","105201","39","83.59","39","75.21"
"БЛАГОЕВГРАД","БАНСКО","ГР.БАНСКО","Начално училище ""Св. Паисий Хилендарски""","105204","46","84.5","44","65.1"
"БЛАГОЕВГРАД","БАНСКО","С.ДОБРИНИЩЕ","Основно училище ""Свети Климент Охридски""","105202","23","78.15","23","60.85"
"БЛАГОЕВГРАД","БАНСКО","С.МЕСТА","Основно училище ""Свети свети Кирил и Методий""","102003","7","66.07","7","50"
"БЛАГОЕВГРАД","БЕЛИЦА","ГР.БЕЛИЦА","Средно училище ""Св.Св.Кирил и Методий""","105001","29","74.47","29","59.55"
"БЛАГОЕВГРАД","БЕЛИЦА","С.БАБЯК","Основно училище ""Св.св.Кирил и Методий""","105005","5","74.3","5","65.6"
"БЛАГОЕВГРАД","БЕЛИЦА","С.ГОРНО КРАИЩЕ","Основно училище ""Пейо Крачолов Яворов""","105004","12","78.58","12","77.29"
"БЛАГОЕВГРАД","БЕЛИЦА","С.ДАГОНОВО","Начално училище ""Петко Р. Славейков""","105006","10","61.7","10","66.7"
"БЛАГОЕВГРАД","БЕЛИЦА","С.КРАИЩЕ","Основно училище ""Св.Паисий Хилендарски""","105003","30","69.97","30","69.4"
"БЛАГОЕВГРАД","БЛАГОЕВГРАД","ГР.БЛАГОЕВГРАД","Второ основно училище ""Димитър Благоев""","100020","65","87.76","63","70.93"
"БЛАГОЕВГРАД","БЛАГОЕВГРАД","ГР.БЛАГОЕВГРАД","Четвърто основно училище "" Димчо Дебелянов""","100040","40","82.33","40","61.84"
"БЛАГОЕВГРАД","БЛАГОЕВГРАД","ГР.БЛАГОЕВГРАД","Седмо средно училище ""Кузман Шапкарев""","100070","115","84.23","114","67.25"
"БЛАГОЕВГРАД","БЛАГОЕВГРАД","ГР.БЛАГОЕВГРАД","Единадесето основно училище ""Христо Ботев""","100110","63","86.17","62","69.78"
"БЛАГОЕВГРАД","БЛАГОЕВГРАД","ГР.БЛАГОЕВГРАД","Средно училище с изучаване на чужди езици ""Свети Климент Охридски""","101250","38","83.12","37","66.49"
"БЛАГОЕВГРАД","БЛАГОЕВГРАД","ГР.БЛАГОЕВГРАД","Трето основно училище ""Димитър Талев""","101290","88","86.69","85","70.77"
"БЛАГОЕВГРАД","БЛАГОЕВГРАД","ГР.БЛАГОЕВГРАД","Осмо средно училище ""Арсени Костенцев""","101580","93","85.87","94","69.37"
"БЛАГОЕВГРАД","БЛАГОЕВГРАД","ГР.БЛАГОЕВГРАД","Девето основно училище "" Пейо Крачолов Яворов""","101700","20","80.75","20","62.13"
"БЛАГОЕВГРАД","БЛАГОЕВГРАД","ГР.БЛАГОЕВГРАД","Средно училище ""Иван Вазов""","101880","74","84.39","74","68.22"
"БЛАГОЕВГРАД","БЛАГОЕВГРАД","ГР.БЛАГОЕВГРАД","Пето средно училище ""Георги Измирлиев""","102060","44","87.26","44","71.97"
"БЛАГОЕВГРАД","ГОЦЕ ДЕЛЧЕВ","ГР.ГОЦЕ ДЕЛЧЕВ","Първо основно училище ""Св. Св. Кирил и Методий""","103402","73","88.87","73","71.53"
"БЛАГОЕВГРАД","ГОЦЕ ДЕЛЧЕВ","ГР.ГОЦЕ ДЕЛЧЕВ","Второ основно училище ""Гоце Делчев""","103403","84","87.6","84","73.35"
"БЛАГОЕВГРАД","ГОЦЕ ДЕЛЧЕВ","ГР.ГОЦЕ ДЕЛЧЕВ","Трето основно училище ""Братя Миладинови""","103404","57","78.3","58","55.41"
"БЛАГОЕВГРАД","ГОЦЕ ДЕЛЧЕВ","С.БАНИЧАН","Основно училище ""Свети Паисий Хилендарски""","103408","7","49.93","7","37.93"
"БЛАГОЕВГРАД","ГОЦЕ ДЕЛЧЕВ","С.БОРОВО","Основно училище ""Св. Климент Охридски""","103406","6","35.17","6","24.17"
"БЛАГОЕВГРАД","ГОЦЕ ДЕЛЧЕВ","С.БРЕЗНИЦА","Средно училище ""Св. Св. Кирил и Методий""","103401","28","74.86","28","58.14"
"БЛАГОЕВГРАД","ГОЦЕ ДЕЛЧЕВ","С.БУКОВО","Основно училище "" Иван Вазов""","103407","9","72.17","9","54.11"
"БЛАГОЕВГРАД","ГОЦЕ ДЕЛЧЕВ","С.КОРНИЦА","Oбединено училище ""Св. Паисий Хилендарски""","103410","16","69.91","16","54.47"
"БЛАГОЕВГРАД","ГОЦЕ ДЕЛЧЕВ","С.ЛЪЖНИЦА","Обединено училище ""Петър Берон""","103409","21","76.14","21","63.52"
"БЛАГОЕВГРАД","ГОЦЕ ДЕЛЧЕВ","С.МУСОМИЩА","Основно училище ""Христо Ботев""","103405","13","74.15","13","57.23"
"БЛАГОЕВГРАД","ГЪРМЕН","С.ГОРНО ДРЯНОВО","Основно училище "" Св. Паисий Хилендарски""","103006","9","60.56","9","57.67"
"БЛАГОЕВГРАД","ГЪРМЕН","С.ГЪРМЕН","Средно училище ""Св.Св.Кирил и Методий""","101301","20","48.53","22","59.68"
"БЛАГОЕВГРАД","ГЪРМЕН","С.ДЕБРЕН","Обединено училище ""Св. Климент Охридски""","103005","20","79.53","20","67.48"
"БЛАГОЕВГРАД","ГЪРМЕН","С.ДОЛНО ДРЯНОВО","Обединено училище ""Христо Ботев""","103008","23","72.8","23","55.83"
"БЛАГОЕВГРАД","ГЪРМЕН","С.ДЪБНИЦА","Обединено училище ""Христо Ботев""","103019","14","68.93","14","51.68"
"БЛАГОЕВГРАД","ГЪРМЕН","С.ОГНЯНОВО","Основно училище ""Пейо Крачолов Яворов""","103004","10","83.7","10","78.35"
"БЛАГОЕВГРАД","ГЪРМЕН","С.РИБНОВО","Средно училище ""Йордан Йовков""","103002","45","68.58","43","65.03"
"БЛАГОЕВГРАД","ГЪРМЕН","С.ХВОСТЯНЕ","Основно училище""Димитър Талев""","103009","13","65.12","13","48.73"
"БЛАГОЕВГРАД","КРЕСНА","ГР.КРЕСНА","Средно училище ""Св.Паисий Хилендарски""","105101","29","84.45","29","65.98"
"БЛАГОЕВГРАД","ПЕТРИЧ","ГР.ПЕТРИЧ","Средно училище ""Никола Йонков Вапцаров""","103310","75","77.3","75","61.48"
"БЛАГОЕВГРАД","ПЕТРИЧ","ГР.ПЕТРИЧ","Средно училище ""Антон Попов""","104002","33","43","33","41.55"
"БЛАГОЕВГРАД","ПЕТРИЧ","ГР.ПЕТРИЧ","Първо основно училище ""Кочо Мавродиев""","104006","36","78.64","36","75.79"
"БЛАГОЕВГРАД","ПЕТРИЧ","ГР.ПЕТРИЧ","Трето основно училище ""Гоце Делчев""","104007","61","82.94","61","65.2"
"БЛАГОЕВГРАД","ПЕТРИЧ","ГР.ПЕТРИЧ","Четвърто основно училище""Христо Смирненски""","104008","78","82.01","78","61.49"
"БЛАГОЕВГРАД","ПЕТРИЧ","С.КАВРАКИРОВО","Основно училище ""Св.Св. Кирил и Методий""","104024","13","61.73","13","54.96"
"БЛАГОЕВГРАД","ПЕТРИЧ","С.КОЛАРОВО","Средно училище ""Васил Левски""","104003","28","68.21","28","57.77"
"БЛАГОЕВГРАД","ПЕТРИЧ","С.КЪРНАЛОВО","Основно училище ""Братя Миладинови""","104025","10","82.3","10","64.65"
"БЛАГОЕВГРАД","ПЕТРИЧ","С.МАРИКОСТИНОВО","Основно училище ""Св. Св. Кирил и Методий""","104018","11","67.77","11","48.32"
"БЛАГОЕВГРАД","ПЕТРИЧ","С.ПЪРВОМАЙ","Средно училище ""Св.Паисий Хилендарски""","104004","29","77.19","29","62.95"
"БЛАГОЕВГРАД","ПЕТРИЧ","С.РУПИТЕ","Основно училище ""Св.Св. Кирил и Методий""","104017","7","60.86","8","45.81"
"БЛАГОЕВГРАД","ПЕТРИЧ","С.СКРЪТ","Основно училище ""Пейо Крачолов Яворов""","104005","12","82.79","12","56.96"
"БЛАГОЕВГРАД","РАЗЛОГ","ГР.РАЗЛОГ","Средно училище ""Братя Петър и Иван Каназиреви""","103501","21","84.05","21","67.74"
"БЛАГОЕВГРАД","РАЗЛОГ","ГР.РАЗЛОГ","Основно училище ""Никола Парапунов""","103502","43","76.4","43","58.62"
"БЛАГОЕВГРАД","РАЗЛОГ","ГР.РАЗЛОГ","Начално училище ""Яне Сандански""","103510","20","83.1","20","67.58"
"БЛАГОЕВГРАД","РАЗЛОГ","ГР.РАЗЛОГ","Начално училище""Св.Св.Кирил и Методий""","103511","21","59.12","21","44.81"
"БЛАГОЕВГРАД","РАЗЛОГ","С.БАНЯ","Основно училище""Св. Паисий Хилендарски""","103503","23","71.24","23","54.07"
"БЛАГОЕВГРАД","РАЗЛОГ","С.БАЧЕВО","Основно училище ""Св. Св. Кирил и Методий""","103504","14","79.5","14","62.36"
"БЛАГОЕВГРАД","РАЗЛОГ","С.ГОРНО ДРАГЛИЩЕ","Основно училище ""Неофит Рилски""","103506","9","83","9","61.39"
"БЛАГОЕВГРАД","РАЗЛОГ","С.ЕЛЕШНИЦА","Основно училище""Братя Миладинови""","103508","12","83.92","12","67.17"
"БЛАГОЕВГРАД","САНДАНСКИ","ГР.САНДАНСКИ","Второ основно училище ""Христо Смирненски""","102606","92","83.34","92","68.91"
"БЛАГОЕВГРАД","САНДАНСКИ","ГР.САНДАНСКИ","Първо основно училище ""Свети Климент Охридски""","104104","60","86.1","61","73.07"
"БЛАГОЕВГРАД","САНДАНСКИ","ГР.САНДАНСКИ","Трето основно училище ""Христо Ботев""","104106","116","85.6","115","70.77"
"БЛАГОЕВГРАД","САНДАНСКИ","ГР.САНДАНСКИ","Четвърто основно училище "" Св. Св. Козма и Дамян ""","104107","47","81.03","47","58.86"
"БЛАГОЕВГРАД","САНДАНСКИ","С.ДАМЯНИЦА","Основно училище ""Св.СвКирил и Методий""","104113","19","65.66","19","56.42"
"БЛАГОЕВГРАД","САНДАНСКИ","С.КАТУНЦИ","Основно училище""Христо Ботев""","104116","4","71","4","53.75"
"БЛАГОЕВГРАД","САНДАНСКИ","С.СКЛАВЕ","Основно училище ""Братя Миладинови""","104111","14","53.75","14","41.86"
"БЛАГОЕВГРАД","САТОВЧА","С.ВЪЛКОСЕЛ","Средно училище ""Христо Ботев""","109030","19","70.39","19","56.97"
"БЛАГОЕВГРАД","САТОВЧА","С.ГОДЕШЕВО","Основно училище ""Братя Миладинови""","109038","7","74.71","7","64.29"
"БЛАГОЕВГРАД","САТОВЧА","С.ДОЛЕН","Основно училище "" Св. Св. Кирил и Методий""","109068","1","94.5","1","79"
"БЛАГОЕВГРАД","САТОВЧА","С.ЖИЖЕВО","Начално училище Яне Сандански","109056","4","82","4","73.13"
"БЛАГОЕВГРАД","САТОВЧА","С.КОЧАН","Средно училище ""Христо Смирненски""","109055","15","89.47","15","69"
"БЛАГОЕВГРАД","САТОВЧА","С.ОСИНА","Начално училище ""Васил Левски""","109053","3","78.5","3","56"
"БЛАГОЕВГРАД","САТОВЧА","С.ПЛЕТЕНА","Обединено училище ""Св. Св. Кирил и Методий""","109054","18","68.58","18","52.08"
"БЛАГОЕВГРАД","САТОВЧА","С.САТОВЧА","Средно училище ""Св. Св. Кирил и Методий""","109050","16","72.19","16","53"
"БЛАГОЕВГРАД","САТОВЧА","С.СЛАЩЕН","Средно училище ""Свети Климент Охридски""","109037","6","65.17","6","48.17"
"БЛАГОЕВГРАД","САТОВЧА","С.ТУХОВИЩА","Основно училище ""Св.св.Кирил и Методий""","109039","4","76.13","4","59.25"
"БЛАГОЕВГРАД","САТОВЧА","С.ФЪРГОВО","Начално училище ""Пейо Яворов""","109052","4","82.75","4","75.5"
"БЛАГОЕВГРАД","СИМИТЛИ","ГР.СИМИТЛИ","Средно училище ""Св. Св. Кирил и Методий""","103133","68","78.1","67","57.25"
"БЛАГОЕВГРАД","СИМИТЛИ","С.ДОЛНО ОСЕНОВО","Обединено училище ""Св.Паисий Хилендарски""","109107","15","73.67","15","56.63"
"БЛАГОЕВГРАД","СИМИТЛИ","С.КРУПНИК","Средно училище ""Св.св.Кирил и Методий""","109102","16","76.69","20","40.15"
"БЛАГОЕВГРАД","СТРУМЯНИ","С.МИКРЕВО","Средно училище ""Св. Паисий Хилендарски""","108100","27","54.19","27","40.39"
"БЛАГОЕВГРАД","ХАДЖИДИМОВО","ГР.ХАДЖИДИМОВО","Средно училище ""Никола Йонков Вапцаров""","108001","20","62.85","20","52.68"
"БЛАГОЕВГРАД","ХАДЖИДИМОВО","С.АБЛАНИЦА","Средно училище Св. Паисий Хилендарски""","108004","20","79.23","20","51.78"
"БЛАГОЕВГРАД","ХАДЖИДИМОВО","С.БЕСЛЕН","Основно училище ""Гоце Делчев""","108007","5","62.5","5","51.1"
"БЛАГОЕВГРАД","ХАДЖИДИМОВО","С.БЛАТСКА","Основно училище "" Св. Св. Кирил и Методий""","108006","7","54.21","7","47.36"
"БЛАГОЕВГРАД","ХАДЖИДИМОВО","С.КОПРИВЛЕН","Основно училище ""Никола Й. Вапцаров","108003","11","82.32","11","65.59"
"БЛАГОЕВГРАД","ЯКОРУДА","ГР.ЯКОРУДА","Средно училище ""Свети Свети Кирил и Методий""","107090","38","75.11","38","50.57"
"БЛАГОЕВГРАД","ЯКОРУДА","С.БЕЛ КАМЕН","Основно училище ""Неофит Рилски""","107020","2","72.25","2","45.75"
"БЛАГОЕВГРАД","ЯКОРУДА","С.КОНАРСКО","Обединено училище ""Братя Миладинови""","107092","11","52.55","11","45.64"
"БЛАГОЕВГРАД","ЯКОРУДА","С.СМОЛЕВО","Обединено училище ""Гоце Делчев ""","107021","12","67.67","12","51.67"
"БЛАГОЕВГРАД","ЯКОРУДА","С.ЮРУКОВО","Обединено училище""Васил Левски""","107094","10","82.25","10","68.8"
"БУРГАС","АЙТОС","ГР.АЙТОС","Основно училище ""Атанас Манчев""","200104","41","45.12","41","37.38"
"БУРГАС","АЙТОС","ГР.АЙТОС","Средно училище ""Христо Ботев""","200112","87","77.02","87","63.09"
"БУРГАС","АЙТОС","ГР.АЙТОС","Средно училище ""Никола Йонков Вапцаров""","200113","69","75.92","69","62.43"
"БУРГАС","АЙТОС","С.КАРАГЕОРГИЕВО","Основно училище ""Св.Св.Кирил и Методий""","200105","10","60.95","10","50.5"
"БУРГАС","АЙТОС","С.МЪГЛЕН","Основно училище ""Христо Ботев""","200107","12","44.08","12","37.63"
"БУРГАС","АЙТОС","С.ПИРНЕ","Основно училище ""Христо Ботев""","200109","18","56.14","18","49.78"
"БУРГАС","АЙТОС","С.ТОПОЛИЦА","Основно училище ""Светлина""","200110","10","54","11","43.86"
"БУРГАС","БУРГАС","ГР.БУРГАС","ЧОУ ""Селестен Френе""","200124","11","91.23","10","91.05"
"БУРГАС","БУРГАС","ГР.БУРГАС","Начално базово училище ""Михаил Лъкатник""","200201","105","87.11","104","71.61"
"БУРГАС","БУРГАС","ГР.БУРГАС","Частно средно езиково училище ""Д-р Мария Монтесори""","200203","9","86.94","9","80.33"
"БУРГАС","БУРГАС","ГР.БУРГАС","Основно училище ""Петко Рачев Славейков""","200205","95","87.35","92","69.99"
"БУРГАС","БУРГАС","ГР.БУРГАС","Основно училище ""Свети княз Борис ""","200206","63","85.36","60","69.41"
"БУРГАС","БУРГАС","ГР.БУРГАС","Основно училище ""Любен Каравелов""","200207","89","86.34","89","72.46"
"БУРГАС","БУРГАС","ГР.БУРГАС","Основно училище ""Найден Геров""","200208","82","80.65","82","69.27"
"БУРГАС","БУРГАС","ГР.БУРГАС","Основно училище ""Антон Страшимиров""","200209","117","86.81","117","69.93"
"БУРГАС","БУРГАС","ГР.БУРГАС","Основно училище ""Свети Климент Охридски""","200210","69","88.25","69","72.98"
"БУРГАС","БУРГАС","ГР.БУРГАС","Основно училище ""Георги Бенковски""","200211","71","86.25","71","72.01"
"БУРГАС","БУРГАС","ГР.БУРГАС","Основно училище ""Пейо Крачолов Яворов""","200212","79","84.42","79","64.35"
"БУРГАС","БУРГАС","ГР.БУРГАС","Основно училище ""Васил Априлов""","200213","67","90.42","67","76.75"
"БУРГАС","БУРГАС","ГР.БУРГАС","Основно училище ""Братя Миладинови""","200214","115","85.26","115","67.21"
"БУРГАС","БУРГАС","ГР.БУРГАС","Основно училище ""Елин Пелин""","200215","152","84.08","150","68.08"
"БУРГАС","БУРГАС","ГР.БУРГАС","Обединено училище ""Васил Левски"" - кв. Горно Езерово","200216","32","19.36","30","27.55"
"БУРГАС","БУРГАС","ГР.БУРГАС","Основно училище ""Христо Ботев"" - кв. Сарафово","200217","47","87.95","47","70.33"
"БУРГАС","БУРГАС","ГР.БУРГАС","Основно училище ""Христо Ботев"" - кв. Победа","200218","78","24.86","76","24.83"
"БУРГАС","БУРГАС","ГР.БУРГАС","Основно училище "" Христо Ботев"" - кв. Долно Езерово","200219","20","83.28","20","66.28"
"БУРГАС","БУРГАС","ГР.БУРГАС","Средно училище ""Христо Ботев"" - кв. Черно море","200221","13","71.46","13","60.04"
"БУРГАС","БУРГАС","ГР.БУРГАС","Основно училище ""Иван Вазов"" - кв. Банево","200222","5","65.7","5","57.1"
"БУРГАС","БУРГАС","ГР.БУРГАС","Основно училище "" Христо Ботев"" - кв. Ветрен","200223","17","74.21","17","55.56"
"БУРГАС","БУРГАС","ГР.БУРГАС","Средно училище ""Св. Климент Охридски"" - кв. Рудник","200226","19","46.74","19","58.63"
"БУРГАС","БУРГАС","ГР.БУРГАС","Средно училище ""Иван Вазов""","200227","24","84.54","23","76.33"
"БУРГАС","БУРГАС","ГР.БУРГАС","Средно училище "" Йордан Йовков""","200228","75","87.09","75","71.81"
"БУРГАС","БУРГАС","ГР.БУРГАС","Средно училище ""Епископ Константин Преславски""","200229","74","86.42","73","75.53"
"БУРГАС","БУРГАС","ГР.БУРГАС","Средно училище ""Димчо Дебелянов""","200230","39","81.97","39","69.73"
"БУРГАС","БУРГАС","ГР.БУРГАС","Средно училище ""Добри Чинтулов""","200231","25","80.4","25","69.56"
"БУРГАС","БУРГАС","ГР.БУРГАС","Средно училище ""Константин Петканов""","200232","90","81.7","91","63.08"
"БУРГАС","БУРГАС","ГР.БУРГАС","Средно училище ""Петко Росен""","200233","59","78.75","59","59.81"
"БУРГАС","БУРГАС","ГР.БУРГАС","Средно училище ""Св. св. Кирил и Методий""","200234","95","88.35","93","76.18"
"БУРГАС","БУРГАС","ГР.БУРГАС","Основно училище ""Александър Георгиев-Коджакафалията""","200241","49","90.69","49","74.83"
"БУРГАС","БУРГАС","ГР.БУРГАС","Национално училище за музикално и сценично изкуство "" Проф. Панчо Владигеров""","2902103","40","87.2","39","69.99"
"БУРГАС","БУРГАС","ГР.БЪЛГАРОВО","Основно училище ""Васил Левски""","200220","12","67.58","12","47.46"
"БУРГАС","БУРГАС","С.МАРИНКА","Основно училище ""Христо Ботев""","200224","10","67.6","10","47.9"
"БУРГАС","БУРГАС","С.РАВНЕЦ","Основно училище ""Св. Св. Кирил и Методий""","200225","14","46.39","14","45.29"
"БУРГАС","КАМЕНО","ГР.КАМЕНО","Средно училище ""Христо Ботев""","200308","18","72.47","17","57.32"
"БУРГАС","КАМЕНО","С.КРЪСТИНА","Начално училище "" Братя Миладинови""","200301","7","46.29","7","35.64"
"БУРГАС","КАМЕНО","С.РУСОКАСТРО","Основно училище "" Иван Вазов""","200304","9","56.78","9","52.11"
"БУРГАС","КАМЕНО","С.ТРОЯНОВО","Основно училище "" Христо Ботев""","200306","7","67.29","7","58.93"
"БУРГАС","КАРНОБАТ","ГР.КАРНОБАТ","Основно училище ""Христо Смирненски""","200404","36","71.5","35","63.04"
"БУРГАС","КАРНОБАТ","ГР.КАРНОБАТ","Основно училище ""Петко Рачев Славейков""","200405","20","48.18","20","49.55"
"БУРГАС","КАРНОБАТ","ГР.КАРНОБАТ","Средно училище ""Св.Св.Кирил и Методий""","200411","41","81.09","41","66.65"
"БУРГАС","КАРНОБАТ","ГР.КАРНОБАТ","Средно училище ""Христо Ботев""","200412","67","73.88","67","64.57"
"БУРГАС","КАРНОБАТ","С.ЕКЗАРХ АНТИМОВО","Основно училище""Христо Ботев""","200406","17","51.59","18","47.61"
"БУРГАС","КАРНОБАТ","С.КЛИКАЧ","Основно училище Христо Ботев","200408","8","74.06","8","60.63"
"БУРГАС","МАЛКО ТЪРНОВО","ГР.МАЛКО ТЪРНОВО","Средно училище""Васил Левски""","200503","11","81.41","11","71.59"
"БУРГАС","НЕСЕБЪР","ГР.НЕСЕБЪР","Средно училище ""Любен Каравелов""","200608","129","82.67","125","63.84"
"БУРГАС","НЕСЕБЪР","ГР.ОБЗОР","Обединено училище ""Св.Св.Кирил и Методий""","200601","25","67.6","25","45.6"
"БУРГАС","НЕСЕБЪР","ГР.СВЕТИ ВЛАС","Основно училище ""Свети свети Кирил и Методий""","200606","52","86.13","51","72.5"
"БУРГАС","НЕСЕБЪР","С.ГЮЛЬОВЦА","Основно училище "" Св. Св. Кирил и Методий ""","200602","11","67.95","11","67.36"
"БУРГАС","НЕСЕБЪР","С.КОШАРИЦА","ОСНОВНО УЧИЛИЩЕ ""СВЕТИ ИВАН РИЛСКИ""","200603","21","55.76","21","58.86"
"БУРГАС","НЕСЕБЪР","С.ОРИЗАРЕ","Основно училище ""Георги Стойков Раковски""","200604","8","41.75","8","37.38"
"БУРГАС","НЕСЕБЪР","С.РАВДА","Основно училище "" Св. св. Кирил и Методий ""","200605","25","81.42","25","61.1"
"БУРГАС","НЕСЕБЪР","С.ТЪНКОВО","Основно училище "" Васил Левски ""","200607","9","45.17","9","42.33"
"БУРГАС","ПОМОРИЕ","ГР.КАБЛЕШКОВО","ОУ ""Св. П. Хилендарски""","200702","43","69.14","42","50"
"БУРГАС","ПОМОРИЕ","ГР.ПОМОРИЕ","Основно училище ""Христо Ботев""","200703","23","58.85","23","40.67"
"БУРГАС","ПОМОРИЕ","ГР.ПОМОРИЕ","Средно училище ""Иван Вазов""","200711","73","84.24","72","65.03"
"БУРГАС","ПОМОРИЕ","С.АХЕЛОЙ","Основно училище "" Христо Ботев ""","200704","46","85.54","47","69.38"
"БУРГАС","ПОМОРИЕ","С.БАТА","Основно училище ""Христо Ботев ""","200705","15","78.93","15","75.17"
"БУРГАС","ПОМОРИЕ","С.ГАБЕРОВО","Начално училище ""Константин Величков""","200701","2","65.75","2","44.25"
"БУРГАС","ПОМОРИЕ","С.ГОРИЦА","Основно училище ""Христо Ботев""","200706","1","26","1","21"
"БУРГАС","ПОМОРИЕ","С.ГЪЛЪБЕЦ","Основно училище ""Георги Стойков Раковски""","200707","13","62","13","56.92"
"БУРГАС","ПОМОРИЕ","С.ДЪБНИК","Основно училище "" Елин Пелин""","200708","2","50.25","2","43"
"БУРГАС","ПОМОРИЕ","С.ПОРОЙ","Основно училище ""Свети свети Кирил и Методий""","200709","6","52.33","6","40.17"
"БУРГАС","ПОМОРИЕ","С.СТРАЦИН","Основно училище ""Отец Паисий""","200710","28","41.98","28","41.3"
"БУРГАС","ПРИМОРСКО","ГР.ПРИМОРСКО","Средно училище ""Никола Йонков Вапцаров""","200803","43","70.7","42","57.13"
"БУРГАС","ПРИМОРСКО","С.НОВО ПАНИЧАРЕВО","Основно Училище ""Христо Ботев""","200801","7","29.43","7","23.5"
"БУРГАС","РУЕН","С.ВРЕСОВО","Основно училище ""Д-р Петър Берон""","200907","11","36.23","10","35.7"
"БУРГАС","РУЕН","С.ДОБРА ПОЛЯНА","Основно училище "" Св. Св. Кирил и Методий""","200908","9","66.5","9","60.67"
"БУРГАС","РУЕН","С.ДЪСКОТНА","Основно училище ""Климент Охридски""","200910","15","59.3","15","51.1"
"БУРГАС","РУЕН","С.ЗАЙЧАР","Основно училище ""Никола Йонков Вапцаров""","200912","15","58.37","15","51.97"
"БУРГАС","РУЕН","С.ЛЮЛЯКОВО","Средно Училище "" Отец Паисий""","200931","18","62.53","18","63.06"
"БУРГАС","РУЕН","С.ПЛАНИНИЦА","Основно училище ""Никола Йонков Вапцаров""","200915","4","49.38","4","61.75"
"БУРГАС","РУЕН","С.ПРОСЕНИК","Обединено училище ""Св. Св. Кирил и Методий""","200918","6","49.67","6","42.83"
"БУРГАС","РУЕН","С.РАЗБОЙНА","Основно Училище ""Д-р Петър Берон""","200919","5","52.3","5","50"
"БУРГАС","РУЕН","С.РЕЧИЦА","Основно училище ""Антон Симеонович Макаренко""","200920","4","80.75","4","71.25"
"БУРГАС","РУЕН","С.РУЕН","Средно училище ""Елин Пелин""","200932","37","44","37","49.92"
"БУРГАС","РУЕН","С.РЪЖИЦА","Основно училище ""Иван Вазов""","200922","13","31.27","12","31.33"
"БУРГАС","РУЕН","С.СИНИ РИД","Основно училище ""Реджеб Кюпчу""","200923","16","55.44","16","42.88"
"БУРГАС","РУЕН","С.СНЯГОВО","Основно училище "" Димчо Дебелянов""","200926","8","69.44","8","71.5"
"БУРГАС","РУЕН","С.ТОПЧИЙСКО","Основно училище "" Реджеб Кюпчю""","200928","23","46.61","23","49.22"
"БУРГАС","РУЕН","С.ТРЪНАК","Средно училище "" Димитър Полянов""","200929","18","54.06","18","51.64"
"БУРГАС","РУЕН","С.ЧЕРЕША","Основно училище ""Христо Ботев""","200930","2","53.75","2","44.5"
"БУРГАС","РУЕН","С.ЯБЪЛЧЕВО","Начално училище "" д-р Петър Берон""","200904","10","61.15","10","60.5"
"БУРГАС","СОЗОПОЛ","ГР.СОЗОПОЛ","Средно училище ""Св. св. Кирил и Методий""","201009","18","82.14","17","58.15"
"БУРГАС","СОЗОПОЛ","С.ЗИДАРОВО","ОбУ ""Христо Ботев""","201003","9","52.78","8","35.38"
"БУРГАС","СОЗОПОЛ","С.КРУШЕВЕЦ","Основно училище ""Пейо Крачолов Яворов""","201005","4","45","4","35.88"
"БУРГАС","СОЗОПОЛ","С.РАВНА ГОРА","Основно училище ""Отец Паисий""","201006","5","76.1","5","57.6"
"БУРГАС","СОЗОПОЛ","С.РОСЕН","Основно училище ""Христо Ботев""","201007","10","73.1","10","47.5"
"БУРГАС","СОЗОПОЛ","С.ЧЕРНОМОРЕЦ","Основно училище ""Христо Ботев""","201008","25","79.36","25","60.58"
"БУРГАС","СРЕДЕЦ","ГР.СРЕДЕЦ","Средно училище ""Свети Свети Кирил и Методий""","201104","44","66.66","45","43.63"
"БУРГАС","СРЕДЕЦ","С.ДЕБЕЛТ","Основно училище ""Антон Страшимиров""","201101","14","56.32","14","41.32"
"БУРГАС","СРЕДЕЦ","С.ЗАГОРЦИ","Основно училище ""Св. Св. Кирил и Методий""","201102","12","42.67","13","38.04"
"БУРГАС","СРЕДЕЦ","С.ФАКИЯ","Основно училище""Никола Йонков Вапцаров""","201103","6","21.33","5","18.8"
"БУРГАС","СУНГУРЛАРЕ","ГР.СУНГУРЛАРЕ","Средно училище ""Христо Ботев""","201212","50","55.98","50","51.01"
"БУРГАС","СУНГУРЛАРЕ","С.ГРОЗДЕН","Основно училище ""Св.св.Кирил и Методий""","201206","13","24.81","13","29.42"
"БУРГАС","СУНГУРЛАРЕ","С.ЛОЗАРЕВО","Основно училище ""Христо Ботев""","201207","19","42.82","19","31.32"
"БУРГАС","СУНГУРЛАРЕ","С.МАНОЛИЧ","Основно училище ""Св.Св.Кирил и Методий""","201208","2","66.5","2","47"
"БУРГАС","СУНГУРЛАРЕ","С.ПРИЛЕП","Основно училище ""Васил Левски""","201209","7","41.43","7","45.14"
"БУРГАС","СУНГУРЛАРЕ","С.СЪЕДИНЕНИЕ","Основно училище ""Отец Паисий""","201211","11","64.82","11","49.59"
"БУРГАС","ЦАРЕВО","ГР.АХТОПОЛ","Основно училище""Св.Св.Кирил и Методий""","201304","14","68.71","13","55.58"
"БУРГАС","ЦАРЕВО","ГР.ЦАРЕВО","Средно училище ""Никола Йонков Вапцаров""","201305","57","79.79","56","61.83"
"ВАРНА","АВРЕН","С.АВРЕН","Основно училище ""Христо Ботев""","400079","2","56.5","2","36.5"
"ВАРНА","АВРЕН","С.ДЪБРАВИНО","Основно училище ""Свети Климент Охридски""","400081","7","34.86","7","30.79"
"ВАРНА","АВРЕН","С.ПРИСЕЛЦИ","Основно училище ""Д-р Петър Берон""","400083","14","73.29","14","55.43"
"ВАРНА","АВРЕН","С.СИНДЕЛ","Средно училище ""Св. Св. Кирил и Методий""","400084","4","39","4","33.25"
"ВАРНА","АВРЕН","С.ТРЪСТИКОВО","Основно училище ""Свети Свети Кирил и Методий""","400085","2","50.25","2","48.5"
"ВАРНА","АВРЕН","С.ЦАРЕВЦИ","Основно училище ""Д-р Петър Берон""","400086","2","32.5","2","45.25"
"ВАРНА","АКСАКОВО","ГР.АКСАКОВО","Средно училище ""Свети Климент Охридски""","400087","66","83.7","66","64.87"
"ВАРНА","АКСАКОВО","ГР.ИГНАТИЕВО","Средно училище ""Свети Свети Кирил и Методий""","400090","21","46.57","20","32.33"
"ВАРНА","АКСАКОВО","С.ВЪГЛЕН","Основно училище ""Христо Смирненски""","400089","13","51.96","13","37.96"
"ВАРНА","АКСАКОВО","С.ИЗВОРСКО","Основно училище ""Свети Климент Охридски""","400091","12","67.08","12","47.38"
"ВАРНА","АКСАКОВО","С.КИЧЕВО","Основно училище Свети Климент Охридски","400092","10","81.5","10","64.25"
"ВАРНА","АКСАКОВО","С.ЛЮБЕН КАРАВЕЛОВО","Обединено училище ""Иван Вазов""","400093","20","60.1","20","35.73"
"ВАРНА","БЕЛОСЛАВ","ГР.БЕЛОСЛАВ","Начално училище ""Отец Паисий""","400095","20","74.65","20","49.35"
"ВАРНА","БЕЛОСЛАВ","ГР.БЕЛОСЛАВ","Средно училище ""Св. св. Кирил и Методий""","400096","44","84.06","44","62.85"
"ВАРНА","БЕЛОСЛАВ","ГР.БЕЛОСЛАВ","Основно училище ""Свети Патриарх Евтимий""","400097","17","78.76","17","59.15"
"ВАРНА","БЕЛОСЛАВ","С.ЕЗЕРОВО","Основно училище ""Свети Свети Кирил и Методий""","400099","12","83.96","12","70.58"
"ВАРНА","БЯЛА","ГР.БЯЛА","Основно училище ""Отец Паисий""","400103","34","63.32","33","43.58"
"ВАРНА","ВАРНА","ГР.ВАРНА","Начално училище ""Васил Левски""","400001","77","83.64","76","70.05"
"ВАРНА","ВАРНА","ГР.ВАРНА","Основно училище ""Антон Страшимиров""","400003","87","78.98","86","64.83"
"ВАРНА","ВАРНА","ГР.ВАРНА","Основно училище ""Васил Априлов""","400005","47","87.77","46","72.22"
"ВАРНА","ВАРНА","ГР.ВАРНА","Основно училище ""Георги Сава Раковски""","400006","139","86.63","139","72.38"
"ВАРНА","ВАРНА","ГР.ВАРНА","Основно училище ""Добри Чинтулов""","400007","132","84.28","132","66.69"
"ВАРНА","ВАРНА","ГР.ВАРНА","Основно училище ""Захари Стоянов""","400008","140","88.39","137","74.83"
"ВАРНА","ВАРНА","ГР.ВАРНА","Основно училище ""Иван Вазов""","400009","43","83.22","43","65.03"
"ВАРНА","ВАРНА","ГР.ВАРНА","Основно училище ""Свети Иван Рилски""","400010","18","57.78","17","57.88"
"ВАРНА","ВАРНА","ГР.ВАРНА","Основно училище ""Йордан Йовков""","400011","75","86.7","74","77.28"
"ВАРНА","ВАРНА","ГР.ВАРНА","Основно училище ""Константин Арабаджиев""","400012","38","74.29","38","57.53"
"ВАРНА","ВАРНА","ГР.ВАРНА","Основно училище ""Капитан Петко войвода""","400015","21","75.81","21","63.02"
"ВАРНА","ВАРНА","ГР.ВАРНА","Основно училище ""Отец Паисий""","400017","9","42.17","10","58.55"
"ВАРНА","ВАРНА","ГР.ВАРНА","Основно училище ""Панайот Волов""","400018","64","77.29","64","64.12"
"ВАРНА","ВАРНА","ГР.ВАРНА","Основно училище ""Свети Патриарх Евтимий""","400019","94","80.06","94","60.36"
"ВАРНА","ВАРНА","ГР.ВАРНА","Основно училище ""Петко Рачов Славейков""","400020","140","91.16","138","80.42"
"ВАРНА","ВАРНА","ГР.ВАРНА","Основно училище ""Свети свети Кирил и Методий""","400022","92","87.48","92","76.26"
"ВАРНА","ВАРНА","ГР.ВАРНА","Основно училище ""Стефан Караджа""","400023","61","85.29","61","74.47"
"ВАРНА","ВАРНА","ГР.ВАРНА","Основно училище ""Стоян Михайловски""","400024","76","80.93","76","66.49"
"ВАРНА","ВАРНА","ГР.ВАРНА","Основно училище ""Христо Ботев""","400026","48","85.59","46","65.02"
"ВАРНА","ВАРНА","ГР.ВАРНА","Основно училище ""Цар Симеон І""","400028","100","86.53","99","67.76"
"ВАРНА","ВАРНА","ГР.ВАРНА","Основно училище ""Черноризец Храбър""","400029","96","90.81","95","78.35"
"ВАРНА","ВАРНА","ГР.ВАРНА","Седмо средно училище ""Найден Геров""","400030","137","89.36","137","78.01"
"ВАРНА","ВАРНА","ГР.ВАРНА","Средно училище с езиково обучение ""Ал. С. Пушкин""","400031","118","86.44","118","71.33"
"ВАРНА","ВАРНА","ГР.ВАРНА","Основно училище ""Васил Друмев""","400032","86","84.13","86","70.62"
"ВАРНА","ВАРНА","ГР.ВАРНА","Средно училище ""Гео Милев""","400034","134","86.57","134","70.43"
"ВАРНА","ВАРНА","ГР.ВАРНА","Средно училище ""Елин Пелин""","400036","22","58.48","22","44.2"
"ВАРНА","ВАРНА","ГР.ВАРНА","Средно училище ""Любен Каравелов""","400037","32","58.75","33","45.56"
"ВАРНА","ВАРНА","ГР.ВАРНА","Средно училище ""Пейо Крачолов Яворов""","400039","56","86.46","54","71.69"
"ВАРНА","ВАРНА","ГР.ВАРНА","Средно училище ""Свети Климент Охридски""","400040","136","89.42","134","75.9"
"ВАРНА","ВАРНА","ГР.ВАРНА","Частно средно училище ""Аз съм българче""","400061","25","87.1","25","72.86"
"ВАРНА","ВАРНА","ГР.ВАРНА","Частно основно училище ""Прогресивно образование 2-Варна""","400065","10","81.25","10","63.65"
"ВАРНА","ВАРНА","ГР.ВАРНА","Частно основно училище ""Малкият принц""","400075","6","89.08","6","75.17"
"ВАРНА","ВАРНА","ГР.ВАРНА","Частно основно училище ""МОНТЕСОРИ ВАРНА - ВЕРИТАС""","400120","3","97.17","3","86.33"
"ВАРНА","ВАРНА","ГР.ВАРНА","Частно основно училище Феникс 2020","400167","5","21","5","26.5"
"ВАРНА","ВАРНА","ГР.ВАРНА","Първо основно училище "" Св. княз Борис ""","403535","38","81.75","37","61.92"
"ВАРНА","ВАРНА","ГР.ВАРНА","III Oсновно училище ""Ангел Кънчев""","403536","176","89.88","175","72.69"
"ВАРНА","ВАРНА","ГР.ВАРНА","Средно училище ""Димчо Дебелянов""","403537","82","81.75","82","65.13"
"ВАРНА","ВАРНА","ГР.ВАРНА","Средно училище ""Неофит Бозвели""","403538","58","78.26","57","62.95"
"ВАРНА","ВАРНА","ГР.ВАРНА","Второ основно училище ""Никола Йонков Вапцаров""","403543","146","86.01","146","68.74"
"ВАРНА","ВАРНА","ГР.ВАРНА","Частно средно училище ""Мечтатели""","403558","24","88.42","24","78.31"
"ВАРНА","ВАРНА","ГР.ВАРНА","Частно средно училище ""Монтесори Варна"" ООД","403564","15","82.5","15","73.17"
"ВАРНА","ВАРНА","ГР.ВАРНА","НАЦИОНАЛНО УЧИЛИЩЕ ПО ИЗКУСТВАТА ""ДОБРИ ХРИСТОВ""","2902106","42","85.98","41","70.98"
"ВАРНА","ВАРНА","С.КАМЕНАР","Основно училище ""Добри Войников""","400014","20","20.88","20","31.55"
"ВАРНА","ВАРНА","С.КОНСТАНТИНОВО","Основно училище""Свети Климент Охридски ""","400100","6","78.08","6","52.42"
"ВАРНА","ВАРНА","С.ТОПОЛИ","Основно училище ""Христо Смирненски""","400027","24","84.6","24","68.94"
"ВАРНА","ВЕТРИНО","С.ВЕТРИНО","Средно училище ""Христо Ботев""","400108","26","63.33","26","47.77"
"ВАРНА","ВЪЛЧИ ДОЛ","ГР.ВЪЛЧИДОЛ","Средно училище ""Васил Левски""","400112","24","70.4","24","62.4"
"ВАРНА","ВЪЛЧИ ДОЛ","С.МИХАЛИЧ","Обединено училище ""Васил Левски""","400117","7","46.36","7","35.43"
"ВАРНА","ВЪЛЧИ ДОЛ","С.СТЕФАН КАРАДЖА","Основно училище""Климент Охридски""","400118","7","32.93","9","22.44"
"ВАРНА","ВЪЛЧИ ДОЛ","С.ЧЕРВЕНЦИ","Обединено училище ""Св.Иван Рилски""","400119","6","24.33","6","18.17"
"ВАРНА","ДЕВНЯ","ГР.ДЕВНЯ","Среднo училище ""Васил Левски""","400123","40","65.11","41","40.27"
"ВАРНА","ДОЛНИ ЧИФЛИК","ГР.ДОЛНИ ЧИФЛИК","Средно училище ""Васил Левски""","400126","63","64.31","63","46.22"
"ВАРНА","ДОЛНИ ЧИФЛИК","С.ВЕНЕЛИН","Основно училище ""Свети, Свети Кирил и Методий""","400128","5","37.7","5","41.8"
"ВАРНА","ДОЛНИ ЧИФЛИК","С.ГОЛИЦА","Основно училище ""Свети Свети Кирил и Методий""","400129","4","68.75","4","70.63"
"ВАРНА","ДОЛНИ ЧИФЛИК","С.ГОРЕН ЧИФЛИК","Основно училище ""Паисий Хилендарски""","400130","12","39.17","12","40.88"
"ВАРНА","ДОЛНИ ЧИФЛИК","С.ГРОЗДЬОВО","Основно училище ""Христо Смирненски""","400131","15","39.73","15","27.53"
"ВАРНА","ДОЛНИ ЧИФЛИК","С.ПЧЕЛНИК","Основно училище ""Христо Ботев""","400133","7","44.14","7","42.5"
"ВАРНА","ДОЛНИ ЧИФЛИК","С.СТАРО ОРЯХОВО","Основно училище ""Св. св. Кирил и Методий""","400134","25","59.78","24","39.06"
"ВАРНА","ДЪЛГОПОЛ","ГР.ДЪЛГОПОЛ","Средно училище ""Свети Климент Охридски""","400136","32","62.77","32","61.7"
"ВАРНА","ДЪЛГОПОЛ","ГР.ДЪЛГОПОЛ","Начално училище ""Иван Вазов""","400137","31","56.63","31","43.16"
"ВАРНА","ДЪЛГОПОЛ","С.МЕДОВЕЦ","Средно училище ""Назъм Хикмет""","400142","10","50.05","10","45.25"
"ВАРНА","ДЪЛГОПОЛ","С.ПАРТИЗАНИ","Основно училище ""Христо Ботев""","400143","10","38.85","10","35.6"
"ВАРНА","ДЪЛГОПОЛ","С.ЦОНЕВО","Обединено училище ""Христо Ботев""","400145","18","29.44","17","24.62"
"ВАРНА","ПРОВАДИЯ","ГР.ПРОВАДИЯ","Първо основно училище ""Христо Смирненски""","400146","42","78.62","42","55.86"
"ВАРНА","ПРОВАДИЯ","ГР.ПРОВАДИЯ","Второ основно училище ""Иван Вазов""","400147","20","70.43","20","56.75"
"ВАРНА","ПРОВАДИЯ","ГР.ПРОВАДИЯ","Средно училище ""Димитър Благоев""","400148","23","67.8","24","55.1"
"ВАРНА","ПРОВАДИЯ","С.БЛЪСКОВО","Обединено училище ""Св.Св.Кирил и Методий""","400152","10","47.85","10","52.8"
"ВАРНА","ПРОВАДИЯ","С.БОЗВЕЛИЙСКО","Основно училище ""Васил Левски""","400153","10","45.95","10","42.5"
"ВАРНА","ПРОВАДИЯ","С.ГРАДИНАРОВО","Основно училище ""Св. Св. Кирил и Методий""","400155","12","52.96","12","55.42"
"ВАРНА","ПРОВАДИЯ","С.ЖИТНИЦА","Основно училище ""Христо Ботев""","400156","12","50.42","12","45.29"
"ВАРНА","ПРОВАДИЯ","С.СНЕЖИНА","Начално училище ""Христо Ботев""","400160","12","63.04","12","69.67"
"ВАРНА","СУВОРОВО","ГР.СУВОРОВО","Средно училище ""Никола Йонков Вапцаров""","400163","40","45.63","40","32.2"
"ВАРНА","СУВОРОВО","С.ЧЕРНЕВО","Основно училище ""Христо Ботев""","400165","12","43.46","11","41.18"
"ВЕЛИКО ТЪРНОВО","ВЕЛИКО ТЪРНОВО","ГР.ВЕЛИКО ТЪРНОВО","Основно училище ""Христо Ботев""","300101","10","51.4","10","39.65"
"ВЕЛИКО ТЪРНОВО","ВЕЛИКО ТЪРНОВО","ГР.ВЕЛИКО ТЪРНОВО","Основно училище ""Бачо Киро""","300102","115","85.99","114","68.21"
"ВЕЛИКО ТЪРНОВО","ВЕЛИКО ТЪРНОВО","ГР.ВЕЛИКО ТЪРНОВО","Основно училище ""Св. Патриарх Евтимий""","300103","104","87.52","105","72.54"
"ВЕЛИКО ТЪРНОВО","ВЕЛИКО ТЪРНОВО","ГР.ВЕЛИКО ТЪРНОВО","Основно училище ""Димитър Благоев""","300104","43","75.1","42","59.8"
"ВЕЛИКО ТЪРНОВО","ВЕЛИКО ТЪРНОВО","ГР.ВЕЛИКО ТЪРНОВО","Основно училище ""Петко Рачев Славейков""","300105","72","83.06","72","66.65"
"ВЕЛИКО ТЪРНОВО","ВЕЛИКО ТЪРНОВО","ГР.ВЕЛИКО ТЪРНОВО","Средно училище ""Емилиян Станев""","300124","141","85.22","141","69.27"
"ВЕЛИКО ТЪРНОВО","ВЕЛИКО ТЪРНОВО","ГР.ВЕЛИКО ТЪРНОВО","Средно училище ""Вела Благоева""","300125","93","81.1","93","59.61"
"ВЕЛИКО ТЪРНОВО","ВЕЛИКО ТЪРНОВО","ГР.ВЕЛИКО ТЪРНОВО","Средно училище ""Владимир Комаров""","300126","22","74.75","22","51.57"
"ВЕЛИКО ТЪРНОВО","ВЕЛИКО ТЪРНОВО","ГР.ВЕЛИКО ТЪРНОВО","Средно училище ""Георги Стойков Раковски""","300127","15","76.6","15","56.13"
"ВЕЛИКО ТЪРНОВО","ВЕЛИКО ТЪРНОВО","ГР.ДЕБЕЛЕЦ","Основно училище ""Д-р Петър Берон""","300109","14","74.86","14","50.86"
"ВЕЛИКО ТЪРНОВО","ВЕЛИКО ТЪРНОВО","ГР.КИЛИФАРЕВО","Основно училище "" Неофит Рилски ""","300116","9","76.44","9","58.39"
"ВЕЛИКО ТЪРНОВО","ВЕЛИКО ТЪРНОВО","С.БАЛВАН","Основно училище ""Св. Иван Рилски""","300110","3","77.83","3","49"
"ВЕЛИКО ТЪРНОВО","ВЕЛИКО ТЪРНОВО","С.ВОДОЛЕЙ","Основно училище ""Христо Смирненски""","300112","5","29","5","19.9"
"ВЕЛИКО ТЪРНОВО","ВЕЛИКО ТЪРНОВО","С.ЛЕДЕНИК","Основно училище ""Васил Левски""","300106","1","17.5","1","18"
"ВЕЛИКО ТЪРНОВО","ВЕЛИКО ТЪРНОВО","С.РЕСЕН","Основно училище ""Христо Ботев""","300111","10","74.6","10","58.9"
"ВЕЛИКО ТЪРНОВО","ВЕЛИКО ТЪРНОВО","С.РУСАЛЯ","Частно основно училище ""Димитър Екимов""","300144","3","69.5","3","57.33"
"ВЕЛИКО ТЪРНОВО","ВЕЛИКО ТЪРНОВО","С.САМОВОДЕНЕ","Основно училище ""Христо Смирненски""","300113","4","77.13","4","47.63"
"ВЕЛИКО ТЪРНОВО","ВЕЛИКО ТЪРНОВО","С.ЦЕРОВА КОРИЯ","Основно училище ""Петко Рачев Славейков""","300114","6","57.42","6","39.08"
"ВЕЛИКО ТЪРНОВО","ГОРНА ОРЯХОВИЦА","ГР.ГОРНА ОРЯХОВИЦА","Основно училище ""Иван Вазов""","300201","61","80.98","60","64.95"
"ВЕЛИКО ТЪРНОВО","ГОРНА ОРЯХОВИЦА","ГР.ГОРНА ОРЯХОВИЦА","Основно училище ""Св. св. Кирил и Методий""","300202","37","81.62","37","63.41"
"ВЕЛИКО ТЪРНОВО","ГОРНА ОРЯХОВИЦА","ГР.ГОРНА ОРЯХОВИЦА","Основно училище ""Св. Паисий Хилендарски""","300205","18","51.44","20","27.73"
"ВЕЛИКО ТЪРНОВО","ГОРНА ОРЯХОВИЦА","ГР.ГОРНА ОРЯХОВИЦА","Средно училище ""Георги Измирлиев""","300216","97","86.36","97","65.51"
"ВЕЛИКО ТЪРНОВО","ГОРНА ОРЯХОВИЦА","ГР.ГОРНА ОРЯХОВИЦА","Средно училище ""Вичо Грънчаров""","300217","24","74.31","24","57.54"
"ВЕЛИКО ТЪРНОВО","ГОРНА ОРЯХОВИЦА","ГР.ДОЛНА ОРЯХОВИЦА","Основно училище ""Св. св. Кирил и Методий""","300208","13","70.38","13","55.38"
"ВЕЛИКО ТЪРНОВО","ГОРНА ОРЯХОВИЦА","С.ВЪРБИЦА","Основно училище ""Васил Левски""","300210","3","27.67","3","30.67"
"ВЕЛИКО ТЪРНОВО","ГОРНА ОРЯХОВИЦА","С.ДРАГАНОВО","Основно училище ""Климент Охридски""","300211","2","82.5","2","60.5"
"ВЕЛИКО ТЪРНОВО","ГОРНА ОРЯХОВИЦА","С.ПИСАРЕВО","Основно училище ""Отец Паисий""","300209","5","42.9","5","31.4"
"ВЕЛИКО ТЪРНОВО","ГОРНА ОРЯХОВИЦА","С.ПОЛИКРАЙЩЕ","Основно училище ""Св.Св.Кирил и Методий""","300212","6","48.17","6","39.33"
"ВЕЛИКО ТЪРНОВО","ГОРНА ОРЯХОВИЦА","С.ПЪРВОМАЙЦИ","Основно училище ""Елин Пелин""","300206","7","84.64","7","73.36"
"ВЕЛИКО ТЪРНОВО","ЕЛЕНА","ГР.ЕЛЕНА","Начално училище ""Иларион Макариополски""","300301","19","77.89","19","58.13"
"ВЕЛИКО ТЪРНОВО","ЕЛЕНА","ГР.ЕЛЕНА","Средно училище ""Иван Николов Момчилов""","300305","24","74.71","24","53.48"
"ВЕЛИКО ТЪРНОВО","ЕЛЕНА","С.БЕБРОВО","Основно училище ""Христо Ботев""","300302","1","73","1","41.5"
"ВЕЛИКО ТЪРНОВО","ЕЛЕНА","С.КОНСТАНТИН","Основно училище ""Отец Паисий""","300303","10","40.55","10","37.15"
"ВЕЛИКО ТЪРНОВО","ЕЛЕНА","С.МАЙСКО","Обединено училище ""Отец Паисий""","300304","13","40.96","13","42.31"
"ВЕЛИКО ТЪРНОВО","ЗЛАТАРИЦА","ГР.ЗЛАТАРИЦА","Средно училище ""Св. св. Кирил и Методий""","300404","23","63.93","23","43.67"
"ВЕЛИКО ТЪРНОВО","ЗЛАТАРИЦА","С.СРЕДНО СЕЛО","Основно Училище ""Васил Левски""","300403","2","81.25","2","54"
"ВЕЛИКО ТЪРНОВО","ЛЯСКОВЕЦ","ГР.ЛЯСКОВЕЦ","Начално училище ""Цани Гинчев""","300501","18","80.33","18","77.75"
"ВЕЛИКО ТЪРНОВО","ЛЯСКОВЕЦ","ГР.ЛЯСКОВЕЦ","Средно училище ""Максим Райкович""","300507","34","72.37","34","55.88"
"ВЕЛИКО ТЪРНОВО","ЛЯСКОВЕЦ","С.ДЖУЛЮНИЦА","Обединено училище ""Петко Рачев Славейков""","300506","16","63.56","16","46.53"
"ВЕЛИКО ТЪРНОВО","ПАВЛИКЕНИ","ГР.БЯЛА ЧЕРКВА","Основно училище ""Бачо Киро""","300604","6","63","5","40.3"
"ВЕЛИКО ТЪРНОВО","ПАВЛИКЕНИ","ГР.ПАВЛИКЕНИ","Основно училище ""Св. Климент Охридски""","300602","39","78.01","38","59.36"
"ВЕЛИКО ТЪРНОВО","ПАВЛИКЕНИ","ГР.ПАВЛИКЕНИ","Средно училище ""Бачо Киро""","300618","81","61.42","80","42.36"
"ВЕЛИКО ТЪРНОВО","ПАВЛИКЕНИ","С.БАТАК","Основно училище ""Св.Св.Кирил и Методий""","300612","4","18.13","4","14.25"
"ВЕЛИКО ТЪРНОВО","ПАВЛИКЕНИ","С.ВЪРБОВКА","Основно училище ""Филип Тотю""","300607","14","44.43","15","31.6"
"ВЕЛИКО ТЪРНОВО","ПОЛСКИ ТРЪМБЕШ","ГР.ПОЛСКИ ТРЪМБЕШ","Средно училище ""Цанко Церковски""","300711","51","59.53","51","49.47"
"ВЕЛИКО ТЪРНОВО","ПОЛСКИ ТРЪМБЕШ","С.ПЕТКО КАРАВЕЛОВО","Основно училище ""Васил Левски""","300708","14","37.04","14","34.07"
"ВЕЛИКО ТЪРНОВО","ПОЛСКИ ТРЪМБЕШ","С.РАДАНОВО","Основно училище ""Св.Св.Кирил и Методий""","300704","10","62.6","10","44.25"
"ВЕЛИКО ТЪРНОВО","СВИЩОВ","ГР.СВИЩОВ","Основно училище ""Филип Сакелариевич""","300801","4","50.88","4","27.75"
"ВЕЛИКО ТЪРНОВО","СВИЩОВ","ГР.СВИЩОВ","Средно училище ""Цветан Радославов""","300814","32","74.8","32","57.78"
"ВЕЛИКО ТЪРНОВО","СВИЩОВ","ГР.СВИЩОВ","Средно училище ""Николай Катранов""","300815","57","79.15","57","62.09"
"ВЕЛИКО ТЪРНОВО","СВИЩОВ","ГР.СВИЩОВ","Средно училище ""Димитър Благоев""","300816","67","82.97","67","65.81"
"ВЕЛИКО ТЪРНОВО","СВИЩОВ","С.АЛЕКОВО","Основно училище ""Христо Ботев""","300803","4","15.5","4","17.75"
"ВЕЛИКО ТЪРНОВО","СВИЩОВ","С.МОРАВА","Основно училище ""Свети свети Кирил и Методий""","300808","10","45.8","10","37"
"ВЕЛИКО ТЪРНОВО","СВИЩОВ","С.ОВЧА МОГИЛА","Основно училище ""Св. Св. Кирил и Методий""","300809","8","57.81","8","41.81"
"ВЕЛИКО ТЪРНОВО","СВИЩОВ","С.ОРЕШ","Основно училище ""Христо Ботев""","300810","4","54.38","4","43.75"
"ВЕЛИКО ТЪРНОВО","СТРАЖИЦА","ГР.СТРАЖИЦА","Средно училище ""Ангел Каралийчев""","300911","45","63.19","45","50.97"
"ВЕЛИКО ТЪРНОВО","СТРАЖИЦА","С.АСЕНОВО","Основно училище ""Свети свети Кирил и Методий""","300904","8","42.63","8","32.13"
"ВЕЛИКО ТЪРНОВО","СТРАЖИЦА","С.ВИНОГРАД","Основно училище ""Свети Климент Охридски""","300905","1","51.5","1","36"
"ВЕЛИКО ТЪРНОВО","СТРАЖИЦА","С.КАМЕН","Средно училище ""Св. Климент Охридски""","300916","21","46.48","21","35.81"
"ВЕЛИКО ТЪРНОВО","СТРАЖИЦА","С.СУШИЦА","Начално училище ""Отец Паисий""","300908","3","59.33","3","45.33"
"ВЕЛИКО ТЪРНОВО","СТРАЖИЦА","С.ЦАРСКИ ИЗВОР","Начално училище ""Иван Вазов""","300901","3","43.5","3","36.17"
"ВЕЛИКО ТЪРНОВО","СУХИНДОЛ","ГР.СУХИНДОЛ","Средно училище ""Св. Климент Охридски""","300991","11","76.18","11","43.77"
"ВИДИН","БЕЛОГРАДЧИК","ГР.БЕЛОГРАДЧИК","НУ ""Васил Левски""","500203","25","66.3","23","51.3"
"ВИДИН","БЕЛОГРАДЧИК","С.РАБИША","ОУ ""Васил Евстатиев Априлов""","500204","2","69.75","2","31.5"
"ВИДИН","БОЙНИЦА","С.БОЙНИЦА","ОУ ""Васил Левски""","500301","4","36.25","4","35.25"
"ВИДИН","БРЕГОВО","ГР.БРЕГОВО","СУ ""Св. св. Кирил и Методий""","500401","12","54.04","12","48.67"
"ВИДИН","ВИДИН","ГР.ВИДИН","ОУ ""Любен Каравелов""","500104","65","75.75","65","54.7"
"ВИДИН","ВИДИН","ГР.ВИДИН","ОУ ""Епископ Софроний Врачански""","500111","29","47.64","29","67.79"
"ВИДИН","ВИДИН","ГР.ВИДИН","ОУ ""Св. Климент Охридски""","500113","7","32.64","7","32.86"
"ВИДИН","ВИДИН","ГР.ВИДИН","СУ ""Цар Симеон Велики""","503132","74","85.68","73","67.85"
"ВИДИН","ВИДИН","ГР.ВИДИН","СУ ""Св. св. Кирил и Методий""","503241","27","62.1","27","51.77"
"ВИДИН","ВИДИН","ГР.ВИДИН","СУ ""Петко Рачов Славейков""","503242","36","74.79","36","51.38"
"ВИДИН","ВИДИН","ГР.ВИДИН","ОУ ""Иван Вазов""","503312","68","81.74","68","61.29"
"ВИДИН","ВИДИН","ГР.ДУНАВЦИ","ОУ ""Христо Ботев""","503311","8","51.19","8","42.06"
"ВИДИН","ГРАМАДА","ГР.ГРАМАДА","СУ ""Христо Ботев""","500501","3","65","3","47"
"ВИДИН","ДИМОВО","ГР.ДИМОВО","СУ ""Св. св. Кирил и Методий""","500103","7","69.64","7","57.36"
"ВИДИН","ДИМОВО","С.АРЧАР","СУ ""Христо Ботев""","500603","10","51","8","26.13"
"ВИДИН","ДИМОВО","С.ОРЕШЕЦ (ГАРА ОРЕШЕЦ)","ОУ ""Димитър Благоев""","500604","5","56.8","5","52.7"
"ВИДИН","КУЛА","ГР.КУЛА","СУ ""Васил Левски""","500701","9","71.17","9","53.78"
"ВИДИН","МАКРЕШ","С.РАКОВИЦА","ОУ ""Христо Ботев""","500802","6","43.58","6","44.83"
"ВИДИН","НОВО СЕЛО","С.НОВО СЕЛО","СУ ""Св. св. Кирил и Методий""","500901","7","54.86","7","46.93"
"ВИДИН","РУЖИНЦИ","С.БЕЛО ПОЛЕ","ОУ ""Св. св. Кирил и Методий""","501004","2","24","2","24.5"
"ВИДИН","РУЖИНЦИ","С.ДРЕНОВЕЦ","СУ ""Никола Йонков Вапцаров""","501003","11","34.09","11","21.95"
"ВИДИН","РУЖИНЦИ","С.РУЖИНЦИ","СУ ""Никола Й. Вапцаров""","501010","13","29.19","13","44.73"
"ВИДИН","ЧУПРЕНЕ","С.ГОРНИ ЛОМ","ОУ ""Христо Ботев""","501102","6","37.67","6","37.5"
"ВИДИН","ЧУПРЕНЕ","С.ЧУПРЕНЕ","ОУ ""Акад. Михаил Димитров""","501101","5","61.2","5","60.4"
"ВРАЦА","БОРОВАН","С.БОРОВАН","Основно училище ""Отец Паисий""","602003","24","64.73","24","42.33"
"ВРАЦА","БОРОВАН","С.ДОБРОЛЕВО","Основно училище "" Свети свети Кирил и Методий""","602001","15","61.83","15","43.97"
"ВРАЦА","БОРОВАН","С.МАЛОРАД","Основно училище ""Свети свети Кирил и Методий""","602002","11","64.09","11","43.23"
"ВРАЦА","БЯЛА СЛАТИНА","ГР.БЯЛА СЛАТИНА","Начално училище ""Христо Ботев""","601007","40","79.74","40","66.7"
"ВРАЦА","БЯЛА СЛАТИНА","ГР.БЯЛА СЛАТИНА","Начално училище ""Цани Гинчев""","601008","27","70.28","28","48.57"
"ВРАЦА","БЯЛА СЛАТИНА","ГР.БЯЛА СЛАТИНА","Начално училище ""Христо Смирненски""","601009","21","52","19","36.76"
"ВРАЦА","БЯЛА СЛАТИНА","ГР.БЯЛА СЛАТИНА","Средно училище ""Васил Левски""","603024","21","66.95","21","45.83"
"ВРАЦА","БЯЛА СЛАТИНА","С.ГАБАРЕ","Средно училище ""Христо Ботев""","602022","8","55.88","8","50.25"
"ВРАЦА","БЯЛА СЛАТИНА","С.ГАЛИЧЕ","Средно училище ""Христо Ботев""","603025","7","66","7","57.79"
"ВРАЦА","БЯЛА СЛАТИНА","С.ПОПИЦА","Основно училище ""Св.св.Кирил и Методий""","602018","11","42.77","11","30.91"
"ВРАЦА","БЯЛА СЛАТИНА","С.ТЪРНАВА","Основно училище ""Христо Ботев""","601013","25","65.16","25","47.64"
"ВРАЦА","БЯЛА СЛАТИНА","С.ТЪРНАК","Основно училище ""Георги Стойков Раковски""","601014","12","54.96","12","39.54"
"ВРАЦА","ВРАЦА","ГР.ВРАЦА","Начално училище ""Иванчо Младенов""","601031","73","90.89","72","71.08"
"ВРАЦА","ВРАЦА","ГР.ВРАЦА","Начално училище ""Иван Вазов""","601035","86","89.53","86","74.08"
"ВРАЦА","ВРАЦА","ГР.ВРАЦА","Начално училище ""Свети Софроний Врачански""","601037","86","88.02","86","69.58"
"ВРАЦА","ВРАЦА","ГР.ВРАЦА","Основно училище ""Васил Левски""","602041","26","75.42","27","51.15"
"ВРАЦА","ВРАЦА","ГР.ВРАЦА","Основно училище ""Свeти свети Кирил и Методий""","602042","17","65.44","15","44.73"
"ВРАЦА","ВРАЦА","ГР.ВРАЦА","Средно училище ""Отец Паисий""","603057","13","50.31","13","30.85"
"ВРАЦА","ВРАЦА","ГР.ВРАЦА","Средно училище ""Христо Ботев""","603058","41","88.05","41","71.06"
"ВРАЦА","ВРАЦА","ГР.ВРАЦА","Средно училище ""Васил Кънчов""","603059","23","85.37","23","66.2"
"ВРАЦА","ВРАЦА","ГР.ВРАЦА","Средно училище ""Никола Войводов""","603070","91","75.76","91","50.29"
"ВРАЦА","ВРАЦА","С.БАНИЦА","Обединено училище ""Христо Ботев""","602052","7","73.07","7","66.21"
"ВРАЦА","ВРАЦА","С.ДЕВЕНЕ","Обединено училище ""Свети свети Кирил и Методий""","602045","8","61.69","9","38.56"
"ВРАЦА","ВРАЦА","С.ТИШЕВИЦА","Обединено училище ""Св.Климент Охридски""","601040","14","61.14","14","36.64"
"ВРАЦА","КОЗЛОДУЙ","ГР.КОЗЛОДУЙ","Начално училище ""Васил Левски""","601071","15","55.57","14","64.18"
"ВРАЦА","КОЗЛОДУЙ","ГР.КОЗЛОДУЙ","Средно училище ""Христо Ботев""","603076","55","83.88","56","65.05"
"ВРАЦА","КОЗЛОДУЙ","ГР.КОЗЛОДУЙ","Средно училище ""Св. св. Кирил и Методий""","603077","68","78.17","65","60.55"
"ВРАЦА","КОЗЛОДУЙ","С.БУТАН","Средно училище ""Св. Св. Кирил и Методий""","602073","21","55.02","21","43.36"
"ВРАЦА","КОЗЛОДУЙ","С.ГЛОЖЕНЕ","Основно училище ""Христо Ботев""","602075","16","67.59","16","48.25"
"ВРАЦА","КОЗЛОДУЙ","С.ХЪРЛЕЦ","Основно училище ""Васил Евстатиев Априлов""","602074","4","88.25","4","65.5"
"ВРАЦА","КРИВОДОЛ","ГР.КРИВОДОЛ","Средно училище ""Св. св. Кирил и Методий""","603087","27","54.67","27","35.35"
"ВРАЦА","КРИВОДОЛ","С.КРАВОДЕР","Обединено училище ""Св. св. Кирил и Методий""","602083","14","32.71","14","22.68"
"ВРАЦА","КРИВОДОЛ","С.ЛЕСУРА","Основно училище ""Васил Левски""","602084","6","54.92","6","34.33"
"ВРАЦА","КРИВОДОЛ","С.РАКЕВО","Основно училище ""Васил Левски""","602086","7","39.43","7","28.14"
"ВРАЦА","МЕЗДРА","ГР.МЕЗДРА","Основно училище ""Свети Свети Кирил и Методий""","602092","18","73.11","18","52.56"
"ВРАЦА","МЕЗДРА","ГР.МЕЗДРА","Основно училище ""Христо Ботев""","602093","54","81.46","54","59.27"
"ВРАЦА","МЕЗДРА","ГР.МЕЗДРА","Средно училище ""Иван Вазов""","603098","16","55.06","15","36.83"
"ВРАЦА","МЕЗДРА","С.ЗВЕРИНО","Средно училище ""Свети Климент Охридски""","603099","12","73.96","11","64"
"ВРАЦА","МИЗИЯ","ГР.МИЗИЯ","Основно училище ""Цанко Церкoвски""","602106","35","70.66","35","54.14"
"ВРАЦА","МИЗИЯ","С.КРУШОВИЦА","Основно училище ""Христо Ботев""","602104","7","53.57","7","25.57"
"ВРАЦА","МИЗИЯ","С.СОФРОНИЕВО","Основно училище ""Отец Паисий""","602107","5","51.5","5","47.8"
"ВРАЦА","ОРЯХОВО","ГР.ОРЯХОВО","Начално училище ""Св.Св.Кирил и Методий""","601110","29","83.26","29","69.29"
"ВРАЦА","ОРЯХОВО","ГР.ОРЯХОВО","Начално училище ""Д-р Петър Берон""","601111","8","55.94","7","42.64"
"ВРАЦА","ОРЯХОВО","С.ОСТРОВ","Основно училище ""Христо Ботев""","601113","11","71.23","11","45.05"
"ВРАЦА","ОРЯХОВО","С.СЕЛАНОВЦИ","Основно училище ""Никола Йонков Вапцаров""","602115","15","53.6","13","38.08"
"ВРАЦА","РОМАН","ГР.РОМАН","Начално училище ""Петко Рачов Славейков""","601119","23","69.52","23","56.2"
"ВРАЦА","РОМАН","С.КАМЕНО ПОЛЕ","Основно училище ""Свети Свети Кирил и Методий""","602121","5","52.6","5","42.8"
"ВРАЦА","ХАЙРЕДИН","С.МИХАЙЛОВО","Основно училище ""Горан Червеняшки""","602128","10","56.55","10","45.9"
"ВРАЦА","ХАЙРЕДИН","С.ХАЙРЕДИН","Средно училище ""Васил Воденичарски""","603130","14","72.21","14","58.86"
"ГАБРОВО","ГАБРОВО","ГР.ГАБРОВО","Начално училище ""Васил Левски""","700101","42","85.31","42","72.42"
"ГАБРОВО","ГАБРОВО","ГР.ГАБРОВО","Основно училище ""Ран Босилек""","700102","72","92.63","72","80.35"
"ГАБРОВО","ГАБРОВО","ГР.ГАБРОВО","Основно училище ""Неофит Рилски""","700103","52","84.82","52","70.71"
"ГАБРОВО","ГАБРОВО","ГР.ГАБРОВО","VI Основно училище ""Иван Вазов""","700106","19","76.03","18","60.94"
"ГАБРОВО","ГАБРОВО","ГР.ГАБРОВО","Основно училище""Свети Свети Кирил и Методий""","700108","62","86.15","62","68.42"
"ГАБРОВО","ГАБРОВО","ГР.ГАБРОВО","Основно училище ""Христо Ботев""","700112","31","78.66","31","64.35"
"ГАБРОВО","ГАБРОВО","ГР.ГАБРОВО","Средно училище ""Отец Паисий""","700113","40","79.48","40","61.64"
"ГАБРОВО","ГАБРОВО","ГР.ГАБРОВО","Средно училище ""Райчо Каролев""","700114","52","82.56","52","63.09"
"ГАБРОВО","ДРЯНОВО","ГР.ДРЯНОВО","Средно училище ""Максим Райкович""","700204","39","66.97","39","50.15"
"ГАБРОВО","СЕВЛИЕВО","ГР.СЕВЛИЕВО","Основно училище ""Христо Ботев""","700307","20","39.95","20","28.03"
"ГАБРОВО","СЕВЛИЕВО","ГР.СЕВЛИЕВО","Основно училище ""Стефан Пешев""","700308","85","81.13","85","61.09"
"ГАБРОВО","СЕВЛИЕВО","ГР.СЕВЛИЕВО","Средно училище ""Васил Левски""","700318","95","79.21","95","63.48"
"ГАБРОВО","СЕВЛИЕВО","С.ГРАДНИЦА","Основно училище ""Свети Свети Кирил и Методий""","700312","10","54.2","10","43.6"
"ГАБРОВО","СЕВЛИЕВО","С.ДОБРОМИРКА","Основно училище ""Христо Ботев""","700310","6","37.17","6","29.75"
"ГАБРОВО","СЕВЛИЕВО","С.ДУШЕВО","Основно училище ""Св. Св. Кирил и Методий""","700311","7","70.64","7","49.79"
"ГАБРОВО","СЕВЛИЕВО","С.КРАМОЛИН","Основно училище""Свети Солунски братя""","700314","4","52","4","36.63"
"ГАБРОВО","СЕВЛИЕВО","С.ПЕТКО СЛАВЕЙКОВ","Основно училище ""Св.Св.Кирил и Методий""","700315","6","51.25","6","36.58"
"ГАБРОВО","СЕВЛИЕВО","С.ШУМАТА","Основно училище""Васил Левски""","700317","13","68.23","13","45.27"
"ГАБРОВО","ТРЯВНА","ГР.ТРЯВНА","Основно училище ""Професор Пенчо Николов Райков""","700401","12","74.88","12","60.88"
"ГАБРОВО","ТРЯВНА","ГР.ТРЯВНА","Средно училище ""Петко Рачев Славейков""","700403","25","78.48","25","62.38"
"ДОБРИЧ","БАЛЧИК","ГР.БАЛЧИК","Основно училище ""Свети Свети Кирил и Методий""","800059","21","71.4","21","55.07"
"ДОБРИЧ","БАЛЧИК","ГР.БАЛЧИК","Основно училище Антим","800060","48","81.41","48","56.39"
"ДОБРИЧ","БАЛЧИК","ГР.БАЛЧИК","Средно училище ""Христо Ботев""","800061","15","57.37","14","47.36"
"ДОБРИЧ","БАЛЧИК","С.ОБРОЧИЩЕ","Средно училище ""Христо Смирненски""","800065","10","60.5","9","45.22"
"ДОБРИЧ","БАЛЧИК","С.СЕНОКОС","Основно училище""Георги Раковски""","800057","12","67.17","12","63.46"
"ДОБРИЧ","БАЛЧИК","С.СОКОЛОВО","Основно училище ""Васил Левски""","800056","6","34.25","6","31.5"
"ДОБРИЧ","ГЕНЕРАЛ ТОШЕВО","ГР.ГЕНЕРАЛ ТОШЕВО","Основно училище ""Христо Смирненски""","800073","20","42.83","20","35.08"
"ДОБРИЧ","ГЕНЕРАЛ ТОШЕВО","ГР.ГЕНЕРАЛ ТОШЕВО","Средно училищe ""Никола Йонков Вапцаров""","800074","30","68.17","30","54.18"
"ДОБРИЧ","ГЕНЕРАЛ ТОШЕВО","С.КРАСЕН","Основно училище ""Йордан Йовков""","800071","4","31","3","40.83"
"ДОБРИЧ","ГЕНЕРАЛ ТОШЕВО","С.ПРЕСЕЛЕНЦИ","Основно училище ""Васил Левски""","800069","5","44.7","5","34.9"
"ДОБРИЧ","ГЕНЕРАЛ ТОШЕВО","С.СПАСОВО","Основно училище ""Йордан Йовков""","800068","3","19.67","3","22.17"
"ДОБРИЧ","ГР.ДОБРИЧ","ГР.ДОБРИЧ","Обединено училище ""Йордан Йовков""","800003","10","50.9","10","43.7"
"ДОБРИЧ","ГР.ДОБРИЧ","ГР.ДОБРИЧ","Основно училище ""Панайот Волов""","800007","11","39.64","11","30.32"
"ДОБРИЧ","ГР.ДОБРИЧ","ГР.ДОБРИЧ","Основно училище ""Стефан Караджа""","800008","34","80.57","34","70.29"
"ДОБРИЧ","ГР.ДОБРИЧ","ГР.ДОБРИЧ","Основно училище ""Хан Аспарух""","800009","62","91.31","63","79.72"
"ДОБРИЧ","ГР.ДОБРИЧ","ГР.ДОБРИЧ","Основно училище ""Христо Смирненски""","800010","37","50.36","36","45.56"
"ДОБРИЧ","ГР.ДОБРИЧ","ГР.ДОБРИЧ","Основно училище ""Христо Ботев""","800011","57","91.33","56","77.24"
"ДОБРИЧ","ГР.ДОБРИЧ","ГР.ДОБРИЧ","Средно училище ""Димитър Талев""","800013","60","88.05","59","70.52"
"ДОБРИЧ","ГР.ДОБРИЧ","ГР.ДОБРИЧ","Средно училище ""Свети Климент Охридски""","800015","85","86.87","83","64.39"
"ДОБРИЧ","ГР.ДОБРИЧ","ГР.ДОБРИЧ","Средно училище ""Любен Каравелов""","800016","39","86.01","38","60.03"
"ДОБРИЧ","ГР.ДОБРИЧ","ГР.ДОБРИЧ","Средно училище ""Петко Рачов Славейков""","800017","75","90.03","75","72.63"
"ДОБРИЧ","ГР.ДОБРИЧ","ГР.ДОБРИЧ","Средно училище ""Свети свети Кирил и Методий""","800018","58","83.28","58","64.83"
"ДОБРИЧ","ГР.ДОБРИЧ","ГР.ДОБРИЧ","Частно основно училище ""Мария Монтесори""","800112","11","88.95","11","72.23"
"ДОБРИЧ","ГР.ДОБРИЧ","ГР.ДОБРИЧ","Частно средно училище с профилирана подготовка по чужди езици и математика ""Леонардо да Винчи""","800326","5","72.4","5","59.9"
"ДОБРИЧ","ДОБРИЧ","С.БАТОВО","Основно училище ""Отец Паисий""","800045","16","54.81","16","32.31"
"ДОБРИЧ","ДОБРИЧ","С.БОЖУРОВО","Основно училище ""Васил Левски""","800038","6","65.5","6","62.83"
"ДОБРИЧ","ДОБРИЧ","С.ВЕДРИНА","Основно училище ""Свети Свети Кирил и Методий""","800049","1","82","1","63"
"ДОБРИЧ","ДОБРИЧ","С.ДОНЧЕВО","Основно училище ""Св. св. Кирил и Методий""","800050","5","62.4","5","41.6"
"ДОБРИЧ","ДОБРИЧ","С.ЖИТНИЦА","Основно училище ""Стефан Караджа""","800052","7","69.5","7","54.93"
"ДОБРИЧ","ДОБРИЧ","С.КАРАПЕЛИТ","Средно училище ""Никола Вапцаров""","800043","17","45.71","18","60.72"
"ДОБРИЧ","ДОБРИЧ","С.ЛОВЧАНЦИ","Основно училище "" Неофит Рилски ""","800044","8","32","8","30.31"
"ДОБРИЧ","ДОБРИЧ","С.ОВЧАРОВО","Основно училище ""Отец Паисий""","800046","2","46.5","2","41.5"
"ДОБРИЧ","ДОБРИЧ","С.ПОБЕДА","Обединено училище""Добри Войников""","800042","15","53.83","15","44.03"
"ДОБРИЧ","ДОБРИЧ","С.СМОЛНИЦА","Основно училище""Климент Охридски""","800048","5","49.3","5","43.6"
"ДОБРИЧ","ДОБРИЧ","С.СТЕФАНОВО","Обединено училище ""Пейо Крачолов Яворов""","800047","5","58","5","58.1"
"ДОБРИЧ","ДОБРИЧ","С.СТОЖЕР","Основно училище""Христо Ботев""","800054","13","46.23","13","32.65"
"ДОБРИЧ","ДОБРИЧ","С.ХИТОВО","Основно училище ""Васил Левски""","800039","8","46.5","8","41.56"
"ДОБРИЧ","КАВАРНА","ГР.КАВАРНА","ОСНОВНО УЧИЛИЩЕ ""ЙОРДАН ЙОВКОВ""","800080","30","71.42","30","53.07"
"ДОБРИЧ","КАВАРНА","ГР.КАВАРНА","Средно училище ""Стефан Караджа""","800082","47","82.56","47","62.17"
"ДОБРИЧ","КАВАРНА","С.БЕЛГУН","Основно училище ""Свети Свети Кирил и Методий""","800085","5","33.9","5","48.8"
"ДОБРИЧ","КРУШАРИ","С.КОРИТЕН","Основно училище ""Васил Левски""","800090","1","20.5","1","45.5"
"ДОБРИЧ","КРУШАРИ","С.КРУШАРИ","Средно училище ""Христо Смирненски""","800093","16","26.63","17","22.97"
"ДОБРИЧ","КРУШАРИ","С.ЛОЗЕНЕЦ","Основно училище""Отец Паисий""","800092","7","33.57","7","31.64"
"ДОБРИЧ","ТЕРВЕЛ","ГР.ТЕРВЕЛ","Средно училище "" Йордан Йовков ""","800094","37","68.36","35","54.43"
"ДОБРИЧ","ТЕРВЕЛ","С.БЕЗМЕР","Основно училище ""Паисий Хилендарски""","800101","4","47.75","4","58"
"ДОБРИЧ","ТЕРВЕЛ","С.ЗЪРНЕВО","Основно училище ""Христо Ботев""","800103","6","53.33","7","45.36"
"ДОБРИЧ","ТЕРВЕЛ","С.КАБЛЕШКОВО","Начално училище ""Христо Ботев""","800096","10","50.75","10","47.2"
"ДОБРИЧ","ТЕРВЕЛ","С.КОЛАРЦИ","Обединено училище""Д-р Петър Берон""","800099","5","49.6","5","57.9"
"ДОБРИЧ","ТЕРВЕЛ","С.НОВА КАМЕНА","Основно училище ""Отец Паисий""","800100","6","48.08","6","49.17"
"ДОБРИЧ","ТЕРВЕЛ","С.ОРЛЯК","Обединено училище""Васил Друмев""","800104","8","59.56","8","52.25"
"ДОБРИЧ","ШАБЛА","ГР.ШАБЛА","Средно училище ""Асен Златаров""","800109","11","79.41","11","61.05"
"ДОБРИЧ","ШАБЛА","С.ДУРАНКУЛАК","Основно училище ""Свети Климент Охридски""","800108","4","50","4","32.5"
"КЪРДЖАЛИ","АРДИНО","ГР.АРДИНО","Средно училище ""Васил Левски""","909201","35","82.5","35","60.53"
"КЪРДЖАЛИ","АРДИНО","С.ГОРНО ПРАХОВО","Основно училище ""Св. Св. Кирил и Методий""","909206","1","56","1","67"
"КЪРДЖАЛИ","АРДИНО","С.ЖЪЛТУША","Основно училище ""Отец Паисий""","909209","1","74.5","1","67.5"
"КЪРДЖАЛИ","ДЖЕБЕЛ","ГР.ДЖЕБЕЛ","Средно училище ""Христо Ботев""","909301","46","67.87","46","54.28"
"КЪРДЖАЛИ","ДЖЕБЕЛ","С.РОГОЗЧЕ","Основно училище ""Христо Смирненски""","909309","3","25.67","3","45"
"КЪРДЖАЛИ","ДЖЕБЕЛ","С.УСТРЕН","Основно училище ""Васил Левски""","909310","1","42.5","1","41"
"КЪРДЖАЛИ","КИРКОВО","С.БЕНКОВСКИ","Средно училище ""Никола Йонков Вапцаров ""","909402","30","74.77","28","64.77"
"КЪРДЖАЛИ","КИРКОВО","С.ДРАНГОВО","Основно училище ""Васил Левски""","909410","3","79","3","67.33"
"КЪРДЖАЛИ","КИРКОВО","С.КИРКОВО","Средно училище ""Отец Паисий""","909401","24","77.17","24","61.29"
"КЪРДЖАЛИ","КИРКОВО","С.ТИХОМИР","Основно училище ""Васил Левски""","909415","9","62","9","49.06"
"КЪРДЖАЛИ","КИРКОВО","С.ФОТИНОВО","Основно училище ""Христо Смирненски""","909417","12","81.5","12","73.54"
"КЪРДЖАЛИ","КИРКОВО","С.ЧАКАЛАРОВО","Основно училище ""Иван Вазов""","909416","10","85.45","10","65.85"
"КЪРДЖАЛИ","КИРКОВО","С.ЧОРБАДЖИЙСКО","Средно училище "" Христо Ботев ""","909403","28","61.11","27","44.43"
"КЪРДЖАЛИ","КРУМОВГРАД","ГР.КРУМОВГРАД","Средно училище ""Васил Левски""","909501","82","66.65","82","54.82"
"КЪРДЖАЛИ","КРУМОВГРАД","С.ГОРНА КУЛА","Основно училище ""Никола Йонков Вапцаров""","909506","4","33.5","4","32.25"
"КЪРДЖАЛИ","КРУМОВГРАД","С.ГУЛИЙКА","Основно училище ""Христо Ботев""","909507","14","42.93","14","46.68"
"КЪРДЖАЛИ","КРУМОВГРАД","С.ЕГРЕК","Държавно основно училище ""Васил Левски""","909504","1","86","1","49"
"КЪРДЖАЛИ","КРУМОВГРАД","С.ЗВЪНАРКА","Начално училище ""Васил Левски""","909515","4","46.25","4","46"
"КЪРДЖАЛИ","КРУМОВГРАД","С.ЛУЛИЧКА","Основно училище ""Васил Левски""","909510","5","30.8","5","31.9"
"КЪРДЖАЛИ","КРУМОВГРАД","С.ПОДРУМЧЕ","Основно училище ""Никола Йонков Вапцаров""","909512","10","69.15","10","67.3"
"КЪРДЖАЛИ","КРУМОВГРАД","С.ПОТОЧНИЦА","Основно училище ""Иван Вазов""","909513","4","72.5","4","71.63"
"КЪРДЖАЛИ","КРУМОВГРАД","С.СТРАНДЖЕВО","Основно училище ""Св.Св.Кирил и Методий""","909514","6","47.42","6","40.83"
"КЪРДЖАЛИ","КРУМОВГРАД","С.ТОКАЧКА","Обединено училище ""Пейо Крачолов Яворов""","909509","6","76.75","6","65.83"
"КЪРДЖАЛИ","КЪРДЖАЛИ","ГР.КЪРДЖАЛИ","Средно училище ""Владимир Димитров - Майстора""","909101","39","68.59","39","52.32"
"КЪРДЖАЛИ","КЪРДЖАЛИ","ГР.КЪРДЖАЛИ","Средно училище ""Йордан Йовков""","909103","82","73.8","80","59.84"
"КЪРДЖАЛИ","КЪРДЖАЛИ","ГР.КЪРДЖАЛИ","Основно училище ""Свети Климент Охридски""","909104","8","32.19","8","25.88"
"КЪРДЖАЛИ","КЪРДЖАЛИ","ГР.КЪРДЖАЛИ","Средно училище ""Отец Паисий"" с природоматематическа насоченост","909105","109","79.78","109","63.76"
"КЪРДЖАЛИ","КЪРДЖАЛИ","ГР.КЪРДЖАЛИ","Средно училище ""Петко Рачов Славейков""","909106","172","72.76","172","55.64"
"КЪРДЖАЛИ","КЪРДЖАЛИ","ГР.КЪРДЖАЛИ","Основно училище ""Васил Левски""","909115","15","42.07","15","34.9"
"КЪРДЖАЛИ","КЪРДЖАЛИ","ГР.КЪРДЖАЛИ","Основно училище ""Свети Свети Кирил и Методий""","909116","67","53.06","68","44.43"
"КЪРДЖАЛИ","КЪРДЖАЛИ","ГР.КЪРДЖАЛИ","Основно училище ""Пейо Крачолов Яворов""","909117","18","17","19","21.68"
"КЪРДЖАЛИ","КЪРДЖАЛИ","С.ГЛУХАР","Основно училище ""Свети Свети Кирил и Методий""","909120","6","36.33","6","44.42"
"КЪРДЖАЛИ","КЪРДЖАЛИ","С.ЕНЧЕЦ","Основно училище ""Св. св. Кирил и Методий""","909121","1","49","1","40"
"КЪРДЖАЛИ","КЪРДЖАЛИ","С.КОСТИНО","Основно училище ""Иван Вазов""","909125","2","62.5","2","58"
"КЪРДЖАЛИ","КЪРДЖАЛИ","С.МИЛАДИНОВО","Основно училище ""Христо Ботев""","909128","6","35.25","6","52.83"
"КЪРДЖАЛИ","КЪРДЖАЛИ","С.МОСТ","Основно училище ""Христо Смирненски""","909129","6","49","6","55.67"
"КЪРДЖАЛИ","КЪРДЖАЛИ","С.ПЕРПЕРЕК","Основно училище "" Паисий Хилендарски ""","909135","11","38.18","11","46.82"
"КЪРДЖАЛИ","КЪРДЖАЛИ","С.СТРЕМЦИ","Основно училище ""Свети свети Кирил и Методий""","909138","7","49.43","7","39.64"
"КЪРДЖАЛИ","КЪРДЖАЛИ","С.ЧИФЛИК","Основно училище ""Максим Горки""","909139","2","33","2","56"
"КЪРДЖАЛИ","КЪРДЖАЛИ","С.ШИРОКО ПОЛЕ","Основно училище ""Иван Вазов""","909140","1","34","1","33"
"КЪРДЖАЛИ","МОМЧИЛГРАД","ГР.МОМЧИЛГРАД","Средно училище ""Никола Йонков Вапцаров""","909601","32","73.53","30","57.78"
"КЪРДЖАЛИ","МОМЧИЛГРАД","ГР.МОМЧИЛГРАД","Основно училище ""Д-р Петър Берон""","909608","37","79.86","37","67.43"
"КЪРДЖАЛИ","МОМЧИЛГРАД","С.ГРУЕВО","Основно училище ""Никола Йонков Вапцаров""","909604","1","38","1","40"
"КЪРДЖАЛИ","МОМЧИЛГРАД","С.ЗВЕЗДЕЛ","Основно училище ""Никола Йонков Вапцаров""","909605","2","52","2","50.5"
"КЪРДЖАЛИ","МОМЧИЛГРАД","С.НАНОВИЦА","Основно училище ""Св. Св. Кирил и Методий""","909609","2","24.5","2","33"
"КЪРДЖАЛИ","МОМЧИЛГРАД","С.РАВЕН","Основно училище ""Васил Левски""","909612","2","48","2","42"
"КЪРДЖАЛИ","ЧЕРНООЧЕНЕ","С.КОМУНИГА","Основно училище "" Васил Левски ""","909705","2","53","2","37.5"
"КЪРДЖАЛИ","ЧЕРНООЧЕНЕ","С.ЧЕРНООЧЕНЕ","Средно училище ""Христо Смирненски""","909701","25","68.74","23","56.54"
"КЮСТЕНДИЛ","БОБОВ ДОЛ","ГР.БОБОВ ДОЛ","Основно училище ""Никола Йонков Вапцаров""","1000015","21","60.07","21","44.62"
"КЮСТЕНДИЛ","БОБОВ ДОЛ","ГР.БОБОВ ДОЛ","Средно училище ""Христо Ботев""","1000016","14","65.82","14","42.36"
"КЮСТЕНДИЛ","БОБОШЕВО","ГР.БОБОШЕВО","Основно училище ""Св. св. Кирил и Методий""","1000021","2","66.5","2","47.5"
"КЮСТЕНДИЛ","ДУПНИЦА","ГР.ДУПНИЦА","Основно училище ""Свети свети Кирил и Методий""","1000034","43","75.45","41","57.89"
"КЮСТЕНДИЛ","ДУПНИЦА","ГР.ДУПНИЦА","Средно езиково училище ""Св. Паисий Хилендарски""","1000035","88","80.93","89","60.66"
"КЮСТЕНДИЛ","ДУПНИЦА","ГР.ДУПНИЦА","Основно училище ""Неофит Рилски""","1000036","53","79.91","53","62.67"
"КЮСТЕНДИЛ","ДУПНИЦА","ГР.ДУПНИЦА","Основно училище ""Христаки Павлович""","1000037","13","44","13","28.46"
"КЮСТЕНДИЛ","ДУПНИЦА","ГР.ДУПНИЦА","Основно училище ""Евлоги Георгиев""","1000038","46","86.46","44","68.78"
"КЮСТЕНДИЛ","ДУПНИЦА","ГР.ДУПНИЦА","Основно училище ""Свети Климент Охридски""","1000039","27","80.19","27","54.59"
"КЮСТЕНДИЛ","ДУПНИЦА","С.КРАЙНИЦИ","Основно училище ""Христо Ботев""","1000045","15","61.07","15","47.83"
"КЮСТЕНДИЛ","ДУПНИЦА","С.САМОРАНОВО","Основно училище ""Христо Ботев""","1000046","10","81.8","10","61.45"
"КЮСТЕНДИЛ","ДУПНИЦА","С.ЯХИНОВО","Основно училище ""Свети свети Кирил и Методий""","1000048","18","79.36","18","53.78"
"КЮСТЕНДИЛ","КОЧЕРИНОВО","ГР.КОЧЕРИНОВО","Средно училище ""Христо Ботев""","1000025","18","67.14","18","49.64"
"КЮСТЕНДИЛ","КЮСТЕНДИЛ","ГР.КЮСТЕНДИЛ","Основно училище ""Иван Вазов""","1000005","32","34.34","32","20.89"
"КЮСТЕНДИЛ","КЮСТЕНДИЛ","ГР.КЮСТЕНДИЛ","Основно училище ""Професор Марин Дринов""","1000330","41","69.11","41","50.89"
"КЮСТЕНДИЛ","КЮСТЕНДИЛ","ГР.КЮСТЕНДИЛ","Начално училище ""Свети Климент Охридски""","1000380","77","82.94","77","75.9"
"КЮСТЕНДИЛ","КЮСТЕНДИЛ","ГР.КЮСТЕНДИЛ","Шесто основно училище ""Свети Паисий Хилендарски""","1001410","74","82.57","74","62.75"
"КЮСТЕНДИЛ","КЮСТЕНДИЛ","ГР.КЮСТЕНДИЛ","Основно училище""Св. Св. Кирил и Методий""","1001830","100","82.16","98","62.07"
"КЮСТЕНДИЛ","КЮСТЕНДИЛ","С.РАЖДАВИЦА","Начално училище ""Св. Св. Кирил и Методий""","1001630","18","45.94","17","50.82"
"КЮСТЕНДИЛ","НЕВЕСТИНО","С.НЕВЕСТИНО","Основно училище ""Христо Ботев""","1000004","16","55.16","15","44.17"
"КЮСТЕНДИЛ","РИЛА","ГР.РИЛА","Основно училище ""Аверкий Попстоянов""","1000032","8","62.44","7","49.07"
"КЮСТЕНДИЛ","САПАРЕВА БАНЯ","ГР.САПАРЕВА БАНЯ","Средно училище ""Христо Ботев""","1000009","31","78.47","31","60.24"
"КЮСТЕНДИЛ","ТРЕКЛЯНО","С.ТРЕКЛЯНО","Основно училище ""Св. Климент Охридски""","1000007","2","47.25","3","39"
"ЛОВЕЧ","АПРИЛЦИ","ГР.АПРИЛЦИ","Средно училище ""Васил Левски""","1100108","10","71.95","11","50.05"
"ЛОВЕЧ","ЛЕТНИЦА","ГР.ЛЕТНИЦА","Средно училище ""Бачо Киро""","1100201","19","52.39","18","47.22"
"ЛОВЕЧ","ЛОВЕЧ","ГР.ЛОВЕЧ","Сдружение ""Частно основно училище ""Свети Седмочисленици""""","1100102","5","88.3","5","78.5"
"ЛОВЕЧ","ЛОВЕЧ","ГР.ЛОВЕЧ","Основно училище ""Васил Левски""","1100301","75","83.39","74","70.05"
"ЛОВЕЧ","ЛОВЕЧ","ГР.ЛОВЕЧ","Основно училище ""Христо Никифоров""","1100304","68","89.2","68","78.53"
"ЛОВЕЧ","ЛОВЕЧ","ГР.ЛОВЕЧ","Основно училище ""Свети Свети Кирил и Методий""","1100305","14","27.64","13","29.65"
"ЛОВЕЧ","ЛОВЕЧ","ГР.ЛОВЕЧ","Средно училище ""Тодор Кирков""","1100316","11","69.55","11","49.73"
"ЛОВЕЧ","ЛОВЕЧ","ГР.ЛОВЕЧ","Основно училище ""Панайот Пипков""","1100317","12","56.08","12","57.25"
"ЛОВЕЧ","ЛОВЕЧ","ГР.ЛОВЕЧ","Средно училище ""Свети Климент Охридски""","1100318","17","71.88","17","50.41"
"ЛОВЕЧ","ЛОВЕЧ","ГР.ЛОВЕЧ","Основно училище ""Професор Димитър Димов""","1100336","40","78.56","38","57.71"
"ЛОВЕЧ","ЛОВЕЧ","С.АЛЕКСАНДРОВО","Основно училище ""Свети Свети Кирил и Методий""","1100321","8","63.19","7","64.79"
"ЛОВЕЧ","ЛОВЕЧ","С.МАЛИНОВО","Основно училище ""Васил Левски""","1100311","3","42.83","3","31"
"ЛОВЕЧ","ЛУКОВИТ","ГР.ЛУКОВИТ","Средно училище ""Алеко Константинов""","1100402","60","61.44","61","45.12"
"ЛОВЕЧ","ЛУКОВИТ","ГР.ЛУКОВИТ","Начално училище ""Инж. Георги Иванов Вълков""","1100411","35","52.96","35","50.17"
"ЛОВЕЧ","ЛУКОВИТ","С.БЕЖАНОВО","Основно училище ""Свети Свети Кирил и Методий""","1100403","14","57.21","14","48.43"
"ЛОВЕЧ","ЛУКОВИТ","С.ДЕРМАНЦИ","Обединено училище ""Неофит Рилски""","1100404","16","65.19","17","46.44"
"ЛОВЕЧ","ЛУКОВИТ","С.РУМЯНЦЕВО","Основно училище ""Христо Ботев""","1100406","18","57.67","18","49.42"
"ЛОВЕЧ","ЛУКОВИТ","С.ТОРОС","Основно училище ""Васил Левски""","1100408","17","56.62","17","47.32"
"ЛОВЕЧ","ТЕТЕВЕН","ГР.ТЕТЕВЕН","Начално училище ""Хаджи Генчо""","1100513","56","85.54","56","74.38"
"ЛОВЕЧ","ТЕТЕВЕН","С.БАБИНЦИ","Начално училище ""Любен Каравелов""","1100510","4","79.63","4","70.38"
"ЛОВЕЧ","ТЕТЕВЕН","С.БЪЛГАРСКИ ИЗВОР","Основно училище ""Васил Левски""","1100501","14","56.93","12","54.25"
"ЛОВЕЧ","ТЕТЕВЕН","С.ГАЛАТА","Основно училище ""Георги Бенковски""","1100502","23","69.15","23","42.09"
"ЛОВЕЧ","ТЕТЕВЕН","С.ГЛОГОВО","Основно училище ""Христо Ботев""","1100503","7","66.57","7","75.29"
"ЛОВЕЧ","ТЕТЕВЕН","С.ГОЛЯМ ИЗВОР","Основно училище ""Васил Левски""","1100505","4","46.5","4","36.25"
"ЛОВЕЧ","ТЕТЕВЕН","С.ГРАДЕЖНИЦА","Основно училище ""Васил Априлов""","1100506","13","71.27","13","58.19"
"ЛОВЕЧ","ТЕТЕВЕН","С.РИБАРИЦА","Основно училище ""Георги Бенковски""","1100507","1","93.5","1","68.5"
"ЛОВЕЧ","ТЕТЕВЕН","С.ЧЕРНИ ВИТ","Основно училище ""Георги Бенковски""","1100508","13","70.96","13","54.31"
"ЛОВЕЧ","ТРОЯН","ГР.ТРОЯН","Основно училище ""Иван Хаджийски""","1100601","8","61.56","9","40.89"
"ЛОВЕЧ","ТРОЯН","ГР.ТРОЯН","Средно училище ""Васил Левски""","1100612","42","82.67","42","60.04"
"ЛОВЕЧ","ТРОЯН","ГР.ТРОЯН","Средно училище ""Свети Климент Охридски""","1100613","25","85.5","25","67.38"
"ЛОВЕЧ","ТРОЯН","ГР.ТРОЯН","Начално училище ""Св. Св. Кирил и Методий""","1100614","38","88.12","38","71.96"
"ЛОВЕЧ","ТРОЯН","ГР.ТРОЯН","Начално училище ""Христо Ботев""","1100615","39","84.49","39","67.68"
"ЛОВЕЧ","ТРОЯН","С.БОРИМА","Основно училище ""Васил Левски""","1100603","7","79.29","7","69.86"
"ЛОВЕЧ","ТРОЯН","С.ДЕБНЕВО","Основно училище ""Иван Вазов""","1100107","4","63.63","4","52.63"
"ЛОВЕЧ","ТРОЯН","С.ОРЕШАК","Основно училище ""Васил Левски""","1100609","6","68.92","6","65.58"
"ЛОВЕЧ","ТРОЯН","С.ЧЕРНИ ОСЪМ","Средно училище ""Васил Левски""","1100610","1","81.5","1","76.5"
"ЛОВЕЧ","УГЪРЧИН","ГР.УГЪРЧИН","Средно училище ""Св. Св. Кирил и Методий""","1100705","26","44.9","29","42.47"
"ЛОВЕЧ","УГЪРЧИН","С.КИРЧЕВО","Основно училище ""Христо Ботев""","1100702","12","73.17","12","61.42"
"ЛОВЕЧ","ЯБЛАНИЦА","ГР.ЯБЛАНИЦА","Средно училище ""Васил Левски""","1100805","18","50.44","18","46.28"
"ЛОВЕЧ","ЯБЛАНИЦА","С.БРЕСТНИЦА","Основно училище ""Христо Ботев""","1100801","15","55.17","15","53.93"
"ЛОВЕЧ","ЯБЛАНИЦА","С.ЗЛАТНА ПАНЕГА","Основно училище ""Любен Каравелов""","1100803","12","68.13","12","63.67"
"ЛОВЕЧ","ЯБЛАНИЦА","С.ОРЕШЕНЕ","Основно училище ""Васил Левски""","1100804","14","56.82","14","64.46"
"МОНТАНА","БЕРКОВИЦА","ГР.БЕРКОВИЦА","Първо основно училище ""Никола Йонков Вапцаров""","1202001","18","85.28","18","55.56"
"МОНТАНА","БЕРКОВИЦА","ГР.БЕРКОВИЦА","Второ основно училище ""Христо Смирненски""","1202002","21","61.29","21","42.52"
"МОНТАНА","БЕРКОВИЦА","ГР.БЕРКОВИЦА","Трето основно училище ""Иван Вазов""","1202003","22","82.45","23","62.63"
"МОНТАНА","БЕРКОВИЦА","ГР.БЕРКОВИЦА","IV Основно училище ""Георги Сава Раковски""","1202004","20","50.3","21","44.12"
"МОНТАНА","БЕРКОВИЦА","С.ЗАМФИРОВО","Основно училище ""Св. Св. Кирил и Методий""","1202009","4","60","4","38.63"
"МОНТАНА","БОЙЧИНОВЦИ","ГР.БОЙЧИНОВЦИ","Средно училище ""Васил Левски""","1203000","8","43.63","8","29.25"
"МОНТАНА","БОЙЧИНОВЦИ","С.ВЛАДИМИРОВО","Основно училище""Владимир Минчев""","1203004","11","54.68","11","35.32"
"МОНТАНА","БОЙЧИНОВЦИ","С.ЛЕХЧЕВО","Средно училище ""Св. Св. Кирил и Методий""","1203001","7","63.36","7","49.86"
"МОНТАНА","БОЙЧИНОВЦИ","С.МАДАН","Oсновно училище ""Отец Паисий""","1203005","5","58.5","5","47.7"
"МОНТАНА","БОЙЧИНОВЦИ","С.МЪРЧЕВО","Oсновно училище ""Христо Ботев""","1203006","6","58.5","6","41.67"
"МОНТАНА","БРУСАРЦИ","ГР.БРУСАРЦИ","Средно училище ""Христо Ботев""","1204000","5","64.2","5","53.4"
"МОНТАНА","БРУСАРЦИ","С.ВАСИЛОВЦИ","Основно училище ""Петко Рачов Славейков""","1204003","3","53.5","3","53.83"
"МОНТАНА","БРУСАРЦИ","С.КРИВА БАРА","Основно училище ""Пейо Крачолов Яворов""","1204001","3","72","3","58"
"МОНТАНА","ВЪЛЧЕДРЪМ","ГР.ВЪЛЧЕДРЪМ","Първо основно училище ""Васил Левски""","1207001","17","45.94","16","35.09"
"МОНТАНА","ВЪЛЧЕДРЪМ","ГР.ВЪЛЧЕДРЪМ","Второ основнo училище ""Иван Вaзов""","1207002","31","71.66","31","49.05"
"МОНТАНА","ВЪЛЧЕДРЪМ","С.ДОЛНИ ЦИБЪР","Средно училище ""Христо Ботев""","1207003","14","41","12","26.46"
"МОНТАНА","ВЪЛЧЕДРЪМ","С.СЕПТЕМВРИЙЦИ","Основно училище ""Д-р Петър Берон""","1207007","5","43.6","5","42.8"
"МОНТАНА","ВЪРШЕЦ","ГР.ВЪРШЕЦ","Начално училище ""Васил Левски""","1208000","26","49.27","27","57.31"
"МОНТАНА","ВЪРШЕЦ","ГР.ВЪРШЕЦ","Средно училище ""Иван Вазов""","1208002","26","71.04","26","56.19"
"МОНТАНА","ГЕОРГИ ДАМЯНОВО","С.ГЕОРГИ ДАМЯНОВО","Основно училище ""Отец Паисий""","1206002","6","50.5","6","39"
"МОНТАНА","ЛОМ","ГР.ЛОМ","Първо основно училище ""Никола Първанов""","1203512","37","72.41","36","58.08"
"МОНТАНА","ЛОМ","ГР.ЛОМ","II Основно училище ""Константин Фотинов""","1209002","64","76.94","64","56.12"
"МОНТАНА","ЛОМ","ГР.ЛОМ","Средно училище ""Отец Паисий""","1209003","12","60.04","12","61.79"
"МОНТАНА","ЛОМ","ГР.ЛОМ","IV Основно училище ""Христо Ботев""","1209004","9","51.72","9","42.44"
"МОНТАНА","ЛОМ","ГР.ЛОМ","Средно училище ""Димитър Маринов""","1209005","22","84.95","22","58.09"
"МОНТАНА","ЛОМ","С.ЗАМФИР","Основно училище ""Кирил и Методий""","1209007","2","85.25","2","58"
"МОНТАНА","ЛОМ","С.КОВАЧИЦА","Основно училище ""Св.Св.Кирил и Методий""","1209008","3","29.33","3","32.17"
"МОНТАНА","ЛОМ","С.СТАЛИЙСКА МАХАЛА","Основно Училище ""Климент Охридски""","1209010","2","83.5","2","59.75"
"МОНТАНА","МЕДКОВЕЦ","С.МЕДКОВЕЦ","Средно училище ""Отец Паисий""","1205000","13","49.77","13","30.62"
"МОНТАНА","МЕДКОВЕЦ","С.РАСОВО","Основно училище ""Христо Ботев""","1205001","5","44.2","6","25.08"
"МОНТАНА","МОНТАНА","ГР.МОНТАНА","Начално училище ""Георги Бенковски""","1201000","12","31.38","12","42.17"
"МОНТАНА","МОНТАНА","ГР.МОНТАНА","Първо основно училище ""Св.Св. Кирил и Методий""","1201003","68","84.16","68","68.24"
"МОНТАНА","МОНТАНА","ГР.МОНТАНА","Второ средно училище ""Никола Йонков Вапцаров""","1201004","43","72.58","41","57.99"
"МОНТАНА","МОНТАНА","ГР.МОНТАНА","Tрето основно училище ""Д-р Петър Берон""","1201005","46","81.5","45","59.63"
"МОНТАНА","МОНТАНА","ГР.МОНТАНА","Четвърто основно училище ""Иван Вазов""","1201006","47","85.67","47","69.82"
"МОНТАНА","МОНТАНА","ГР.МОНТАНА","Пето основно училище ""Христо Ботев""","1201007","40","60.38","37","41.07"
"МОНТАНА","МОНТАНА","ГР.МОНТАНА","Седмо средно училище ""Йордан Радичков""","1201011","22","78.32","22","65.16"
"МОНТАНА","МОНТАНА","ГР.МОНТАНА","Шесто средно училище ""Отец Паисий""","1201034","56","80.36","56","56.82"
"МОНТАНА","МОНТАНА","С.ГАБРОВНИЦА","Основно училище ""Св. Св. Кирил и Методий""","1201015","9","50.22","9","50.78"
"МОНТАНА","МОНТАНА","С.СМОЛЯНОВЦИ","Основно училище ""Васил Левски""","1201012","3","77.33","3","58.17"
"МОНТАНА","ЧИПРОВЦИ","ГР.ЧИПРОВЦИ","Основно училище ""Петър Парчевич""","1201101","6","74.08","6","59.92"
"МОНТАНА","ЯКИМОВО","С.ЯКИМОВО","Средно училище ""Д-р Петър Берон""","1201200","9","29.72","9","24.39"
"ПАЗАРДЖИК","БАТАК","ГР.БАТАК","Основно училище ""Отец Паисий""","1302491","21","73.38","21","56.1"
"ПАЗАРДЖИК","БАТАК","С.НОВА МАХАЛА","Средно училище ""Кирил и Методий""","1300015","16","66.72","16","46.63"
"ПАЗАРДЖИК","БЕЛОВО","ГР.БЕЛОВО","СРЕДНО УЧИЛИЩЕ ""АЛЕКСАНДЪР ИВАНОВ - ЧАПАЙ""","1308667","50","80.91","50","63.25"
"ПАЗАРДЖИК","БЕЛОВО","С.МЕНЕНКЬОВО","Основно училище ""Отец Паисий""","1308560","2","54.25","2","26.5"
"ПАЗАРДЖИК","БРАЦИГОВО","ГР.БРАЦИГОВО","Начално Училище ""Васил Петлешков""","1307213","30","66.5","27","56.2"
"ПАЗАРДЖИК","БРАЦИГОВО","С.БЯГА","Основно училище ""Христо Ботев""","1302071","2","50","2","43"
"ПАЗАРДЖИК","БРАЦИГОВО","С.ИСПЕРИХОВО","ОСНОВНО УЧИЛИЩЕ ""ХРИСТО БОТЕВ""","1302096","5","38.2","5","38.9"
"ПАЗАРДЖИК","ВЕЛИНГРАД","ГР.ВЕЛИНГРАД","Средно училище ""Св. св. Кирил и Методий""","1301674","39","86","39","57.72"
"ПАЗАРДЖИК","ВЕЛИНГРАД","ГР.ВЕЛИНГРАД","Основно училище "" Христо Ботев ""","1301699","34","78.43","33","56.74"
"ПАЗАРДЖИК","ВЕЛИНГРАД","ГР.ВЕЛИНГРАД","Основно училище ""Георги Бенковски""","1301707","16","48.25","17","33.53"
"ПАЗАРДЖИК","ВЕЛИНГРАД","ГР.ВЕЛИНГРАД","Средно училище ""Васил Левски""","1302573","47","83.27","47","70.59"
"ПАЗАРДЖИК","ВЕЛИНГРАД","ГР.ВЕЛИНГРАД","Основно училище ""Неофит Рилски""","1306811","62","43.77","62","45.85"
"ПАЗАРДЖИК","ВЕЛИНГРАД","С.АБЛАНИЦА","Основно училище ""Христо Ботев""","1302438","1","49","1","73"
"ПАЗАРДЖИК","ВЕЛИНГРАД","С.БИРКОВА","Основно училище ""Д-р Петър Берон""","1301610","9","69.67","9","65.5"
"ПАЗАРДЖИК","ВЕЛИНГРАД","С.ГРАШЕВО","Основно Училище ""Васил Левски""","1301382","5","84.7","5","75.1"
"ПАЗАРДЖИК","ВЕЛИНГРАД","С.ДРАГИНОВО","Средно училище ""Методий Драгинов""","1301852","36","66.94","37","51.89"
"ПАЗАРДЖИК","ВЕЛИНГРАД","С.КРЪСТАВА","Обединено училище ""Васил Левски""","1301628","14","75.82","14","66.96"
"ПАЗАРДЖИК","ВЕЛИНГРАД","С.ПАШОВИ","Обединено училище ""Иван Вазов""","1301514","13","65.54","13","46.65"
"ПАЗАРДЖИК","ВЕЛИНГРАД","С.СВЕТА ПЕТКА","Средно училище ""Христо Смирненски""","1302349","9","67.28","9","53.28"
"ПАЗАРДЖИК","ЛЕСИЧОВО","С.ДИНКАТА","Основно училище ""Кочо Честеменски""","1309813","9","64.39","9","58.44"
"ПАЗАРДЖИК","ЛЕСИЧОВО","С.КАЛУГЕРОВО","Обединено училище ""Христо Ботев ""","1302114","8","38.13","8","43.81"
"ПАЗАРДЖИК","ЛЕСИЧОВО","С.ЦЕРОВО","Основно училище ""Христо Ботев""","1302445","9","77.83","9","50.44"
"ПАЗАРДЖИК","ПАЗАРДЖИК","ГР.ПАЗАРДЖИК","Начално училище ""Васил Левски""","1301215","68","86.04","68","71.32"
"ПАЗАРДЖИК","ПАЗАРДЖИК","ГР.ПАЗАРДЖИК","Начално училище ""Отец Паисий""","1301222","72","91.1","72","85.5"
"ПАЗАРДЖИК","ПАЗАРДЖИК","ГР.ПАЗАРДЖИК","Средно училище ""Димитър Гачев""","1301234","15","38.2","15","48.8"
"ПАЗАРДЖИК","ПАЗАРДЖИК","ГР.ПАЗАРДЖИК","Начално училище ""Васил Друмев""","1301247","50","85.79","51","73.68"
"ПАЗАРДЖИК","ПАЗАРДЖИК","ГР.ПАЗАРДЖИК","Начално училище ""Георги Сава Раковски""","1301254","26","42.29","26","67.21"
"ПАЗАРДЖИК","ПАЗАРДЖИК","ГР.ПАЗАРДЖИК","Oсновно училище ""Проф. Иван Батаклиев""","1301717","45","77.46","45","59.18"
"ПАЗАРДЖИК","ПАЗАРДЖИК","ГР.ПАЗАРДЖИК","Основно училище""Св.св.Кирил и Методий""","1301724","12","11.63","12","22.33"
"ПАЗАРДЖИК","ПАЗАРДЖИК","ГР.ПАЗАРДЖИК","Първо основно училище ""Свети Климент Охридски""","1302502","43","88.9","43","85.03"
"ПАЗАРДЖИК","ПАЗАРДЖИК","ГР.ПАЗАРДЖИК","Основно училище ""Стефан Захариев""","1302517","4","8","4","12.75"
"ПАЗАРДЖИК","ПАЗАРДЖИК","ГР.ПАЗАРДЖИК","Основно училище ""Христо Ботев""","1302534","15","42","15","52.4"
"ПАЗАРДЖИК","ПАЗАРДЖИК","ГР.ПАЗАРДЖИК","Основно училище ""Христо Смирненски""","1304930","41","75.66","42","55.44"
"ПАЗАРДЖИК","ПАЗАРДЖИК","ГР.ПАЗАРДЖИК","Средно училище ""Георги Бенковски""","1304948","86","84.91","86","69.02"
"ПАЗАРДЖИК","ПАЗАРДЖИК","ГР.ПАЗАРДЖИК","Начално училище ""Никола Фурнаджиев""","1305320","49","85.56","49","69.65"
"ПАЗАРДЖИК","ПАЗАРДЖИК","ГР.ПАЗАРДЖИК","Средно училище ""Георги Брегов""","1305338","27","85.5","26","68.23"
"ПАЗАРДЖИК","ПАЗАРДЖИК","ГР.ПАЗАРДЖИК","Средно училище ""Д-р Петър Берон""","1305831","44","76.3","44","59.75"
"ПАЗАРДЖИК","ПАЗАРДЖИК","ГР.ПАЗАРДЖИК","Основно училище ""Любен Каравелов""","1307267","51","83.33","50","62.34"
"ПАЗАРДЖИК","ПАЗАРДЖИК","С.АЛЕКО КОНСТАНТИНОВО","Основно училище ""Свети Климент Охридски""","1302453","20","44.38","20","33.88"
"ПАЗАРДЖИК","ПАЗАРДЖИК","С.БРАТАНИЦА","Основно училище ""Христо Ботев""","1302025","15","45.1","15","46.87"
"ПАЗАРДЖИК","ПАЗАРДЖИК","С.ВЕЛИЧКОВО","Основно училище ""Васил Левски""","1301860","1","57.5","1","61"
"ПАЗАРДЖИК","ПАЗАРДЖИК","С.ГЕЛЕМЕНОВО","Основно училище "" Отец Паисий ""","1303456","6","47.25","5","53.4"
"ПАЗАРДЖИК","ПАЗАРДЖИК","С.ГЛАВИНИЦА","Основно училище ""Христо Ботев""","1307598","0","0","1","23"
"ПАЗАРДЖИК","ПАЗАРДЖИК","С.ГОВЕДАРЕ","Основно училище ""Отец Паисий""","1302178","15","62.67","15","40.9"
"ПАЗАРДЖИК","ПАЗАРДЖИК","С.ЗВЪНИЧЕВО","Основно училище ""Васил Левски""","1302032","7","49.43","7","50"
"ПАЗАРДЖИК","ПАЗАРДЖИК","С.ИВАЙЛО","Основно училище""Св. Св. Кирил и Методий""","1302235","8","49.5","6","51.17"
"ПАЗАРДЖИК","ПАЗАРДЖИК","С.МАЛО КОНАРЕ","Основно училище ""Свети свети Кирил и Методий""","1302146","19","59.66","18","49.92"
"ПАЗАРДЖИК","ПАЗАРДЖИК","С.МОКРИЩЕ","Основно училище ""Свети Климент Охридски""","1302228","3","62.17","3","51.83"
"ПАЗАРДЖИК","ПАЗАРДЖИК","С.ОГНЯНОВО","Основно училище ""Отец Паисий""","1302185","9","33.56","8","42.63"
"ПАЗАРДЖИК","ПАЗАРДЖИК","С.ПАТАЛЕНИЦА","Основно училище ""Константин Величков ""","1302043","14","70.04","14","50.57"
"ПАЗАРДЖИК","ПАЗАРДЖИК","С.ПИЩИГОВО","Основно Училище "" Кочо Честименски ""","1302299","5","28.6","4","52.5"
"ПАЗАРДЖИК","ПАЗАРДЖИК","С.САРАЯ","Основно училище ""Христо Ботев""","1301980","6","47.75","5","58"
"ПАЗАРДЖИК","ПАЗАРДЖИК","С.СИНИТОВО","Основно училище ""Васил Априлов""","1303321","5","35","5","19.8"
"ПАЗАРДЖИК","ПАЗАРДЖИК","С.ХАДЖИЕВО","ОСНОВНО УЧИЛИЩЕ ""ГЕОРГИ БЕНКОВСКИ""","1302192","2","58.75","2","33.75"
"ПАЗАРДЖИК","ПАЗАРДЖИК","С.ЧЕРНОГОРОВО","Начално училище ""Кирил и Методий""","1301654","13","68.65","13","49.5"
"ПАЗАРДЖИК","ПАЗАРДЖИК","С.ЮНАЦИТЕ","Основно училище "" Христо Ботев""","1307713","5","26","5","39.8"
"ПАЗАРДЖИК","ПАНАГЮРИЩЕ","ГР.ПАНАГЮРИЩЕ","Основно училище ""Професор Марин Дринов""","1301731","50","75.38","50","59.05"
"ПАЗАРДЖИК","ПАНАГЮРИЩЕ","ГР.ПАНАГЮРИЩЕ","Основно училище ""Двайсти април""","1301749","20","68.78","20","51.03"
"ПАЗАРДЖИК","ПАНАГЮРИЩЕ","ГР.ПАНАГЮРИЩЕ","Средно училище ""Нешо Бончев""","1302623","61","80.78","61","59.19"
"ПАЗАРДЖИК","ПАНАГЮРИЩЕ","С.ПОИБРЕНЕ","ОСНОВНО УЧИЛИЩЕ ""СВЕЩЕНИК НЕДЕЛЬО ИВАНОВ""","1305555","12","37.71","12","33.33"
"ПАЗАРДЖИК","ПАНАГЮРИЩЕ","С.ПОПИНЦИ","ОБЕДИНЕНО УЧИЛИЩЕ ""ОТЕЦ ПАИСИЙ""","1302301","10","67.25","9","49.94"
"ПАЗАРДЖИК","ПЕЩЕРА","ГР.ПЕЩЕРА","Основно училище ""Петко Рачов Славейков""","1300034","17","71.09","15","71.57"
"ПАЗАРДЖИК","ПЕЩЕРА","ГР.ПЕЩЕРА","Начално Училище "" Михаил Каролиди ""","1301329","16","86.19","16","80.63"
"ПАЗАРДЖИК","ПЕЩЕРА","ГР.ПЕЩЕРА","Начално училище ""Михаил Куманов""","1301343","16","47.16","16","54.31"
"ПАЗАРДЖИК","ПЕЩЕРА","ГР.ПЕЩЕРА","Основно училище ""Свети Патриарх Евтимий""","1301763","13","66.15","13","59.5"
"ПАЗАРДЖИК","ПЕЩЕРА","ГР.ПЕЩЕРА","Средно училище ""Свети Климент Охридски""","1302630","20","74.53","20","51.7"
"ПАЗАРДЖИК","ПЕЩЕРА","ГР.ПЕЩЕРА","Обединено училище ""Любен Каравелов""","1304357","13","29.23","14","30.86"
"ПАЗАРДЖИК","РАКИТОВО","ГР.КОСТАНДОВО","Основно училище ""Неофит Рилски""","1300054","31","68.92","31","50.84"
"ПАЗАРДЖИК","РАКИТОВО","ГР.РАКИТОВО","Средно училище ""Свети Климент Охридски""","1301770","34","78.93","33","53.12"
"ПАЗАРДЖИК","РАКИТОВО","ГР.РАКИТОВО","Възпитателно училище-интернат ""Ангел Узунов"" I-XII клас","1302722","2","46.5","2","62"
"ПАЗАРДЖИК","РАКИТОВО","ГР.РАКИТОВО","ОСНОВНО УЧИЛИЩЕ ""ХРИСТО БОТЕВ""","1304532","34","37.22","33","38.36"
"ПАЗАРДЖИК","РАКИТОВО","С.ДОРКОВО","Основно училище ""Христо Ботев""","1302324","30","70.9","31","56.95"
"ПАЗАРДЖИК","СЕПТЕМВРИ","ГР.ВЕТРЕН","Основно училище ""Св. св. Кирил и Методий""","1301891","14","77.36","14","62.39"
"ПАЗАРДЖИК","СЕПТЕМВРИ","ГР.СЕПТЕМВРИ","Начално училище ""Васил Левски""","1301368","11","55.45","11","63.59"
"ПАЗАРДЖИК","СЕПТЕМВРИ","ГР.СЕПТЕМВРИ","Средно училище ""Христо Ботев""","1301788","40","83.41","41","57.49"
"ПАЗАРДЖИК","СЕПТЕМВРИ","ГР.СЕПТЕМВРИ","Средно училище ""Христо Смирненски""","1303889","11","54.64","11","50.14"
"ПАЗАРДЖИК","СЕПТЕМВРИ","С.ВАРВАРА","Основно училище ""Никола Йонков Вапцаров""","1301806","8","18.25","8","22.56"
"ПАЗАРДЖИК","СЕПТЕМВРИ","С.ВЕТРЕН ДОЛ","Основно училище ""Христо Смирненски""","1301813","10","53.65","10","38.75"
"ПАЗАРДЖИК","СЕПТЕМВРИ","С.ВИНОГРАДЕЦ","ОСНОВНО УЧИЛИЩЕ "" ГЕОРГИ БЕНКОВСКИ ""","1301902","3","52.67","4","41.25"
"ПАЗАРДЖИК","СЕПТЕМВРИ","С.ЗЛОКУЧЕНЕ","Начално училище ""Св. св. Кирил и Методий""","1301521","7","20.21","6","19.58"
"ПАЗАРДЖИК","СЕПТЕМВРИ","С.КАРАБУНАР","ОСНОВНО УЧИЛИЩЕ ""ХРИСТО БОТЕВ""","1302064","10","84","10","65.9"
"ПАЗАРДЖИК","СЕПТЕМВРИ","С.КОВАЧЕВО","Основно училище Св. Св. Кирил и Методий","1301810","12","38.38","12","35"
"ПАЗАРДЖИК","СЕПТЕМВРИ","С.СЕМЧИНОВО","Обединено училище ""Христо Ботев""","1301838","16","42.25","15","41.13"
"ПАЗАРДЖИК","СТРЕЛЧА","ГР.СТРЕЛЧА","Начално училище ""Паисий Хилендарски""","1301375","29","67.28","29","50.12"
"ПАЗАРДЖИК","СЪРНИЦА","ГР.СЪРНИЦА","Средно училище ""Св. св. Кирил и Методий""","1300706","23","69.96","23","53.96"
"ПАЗАРДЖИК","СЪРНИЦА","С.МЕДЕНИ ПОЛЯНИ","Основно училище ""Георги Сава Раковски""","1302406","5","53.5","5","32.7"
"ПАЗАРДЖИК","СЪРНИЦА","С.ПОБИТ КАМЪК","Основно училище ""Никола Вапцаров""","1304923","10","58.85","10","46.25"
"ПЕРНИК","БРЕЗНИК","ГР.БРЕЗНИК","Средно училище ""Васил Левски""","1400842","23","76.85","23","61.09"
"ПЕРНИК","БРЕЗНИК","С.НОЕВЦИ","Основно училище ""Христо Смирненски""","1400841","2","60.5","2","50.25"
"ПЕРНИК","ЗЕМЕН","ГР.ЗЕМЕН","Средно училище ""Свeти Свети Кирил и Методий""","1401946","6","82.67","6","58.5"
"ПЕРНИК","КОВАЧЕВЦИ","С.КАЛИЩЕ","Основно училище ""Свети Свети Кирил и Методий""","1402258","1","70","1","31"
"ПЕРНИК","ПЕРНИК","ГР.БАТАНОВЦИ","Основно училище ""Христо Ботев""","1403218","16","77.69","16","58.75"
"ПЕРНИК","ПЕРНИК","ГР.ПЕРНИК","Основно училище ""Свети Иван Рилски""","1403201","116","85.16","115","71.14"
"ПЕРНИК","ПЕРНИК","ГР.ПЕРНИК","VII Основно училище ""Георги Сава Раковски""","1403202","34","77.31","33","62.38"
"ПЕРНИК","ПЕРНИК","ГР.ПЕРНИК","VIII основно училище ""Кракра Пернишки""","1403203","24","73.27","24","45.42"
"ПЕРНИК","ПЕРНИК","ГР.ПЕРНИК","Средно училище ""Темелко Ненков""","1403204","21","60.45","22","53.84"
"ПЕРНИК","ПЕРНИК","ГР.ПЕРНИК","Х Основно училище ""Алеко Константинов""","1403205","108","85","108","66.64"
"ПЕРНИК","ПЕРНИК","ГР.ПЕРНИК","ХI Основно Училище ""Елин Пелин""","1403206","68","86.25","67","70.35"
"ПЕРНИК","ПЕРНИК","ГР.ПЕРНИК","ХII Основно училище ""Васил Левски"" - град Перник","1403207","16","73.34","16","53.28"
"ПЕРНИК","ПЕРНИК","ГР.ПЕРНИК","ХIII Основно училище ""Свети свети Кирил и Методий""","1403208","28","79.91","28","59.43"
"ПЕРНИК","ПЕРНИК","ГР.ПЕРНИК","Основно училище ""Свети Константин Кирил Философ""","1403211","21","82.38","21","60.76"
"ПЕРНИК","ПЕРНИК","ГР.ПЕРНИК","Пето средно училище ""Петко Рачов Славейков""","1403213","20","83.75","20","61.3"
"ПЕРНИК","ПЕРНИК","ГР.ПЕРНИК","VI Средно училище ""Свети Свети Кирил и Методий ""","1403214","39","84.36","39","64.09"
"ПЕРНИК","ПЕРНИК","ГР.ПЕРНИК","XVI Основно училище ""Свети свети Кирил и Методий""","1403215","33","79.5","31","57.03"
"ПЕРНИК","ПЕРНИК","ГР.ПЕРНИК","Средно училище с разширено изучаване на чужди езици ""Д-р Петър Берон""","1403216","64","82.65","64","66.37"
"ПЕРНИК","ПЕРНИК","С.ДИВОТИНО","Основно училище ""Свети Свети Кирил и Методий""","1403223","6","77.83","6","58.08"
"ПЕРНИК","ПЕРНИК","С.ДРАГИЧЕВО","Основно училище ""Свети Свети Кирил и Методий""","1403228","21","76.19","21","61.43"
"ПЕРНИК","ПЕРНИК","С.КЛАДНИЦА","ОУ ""Свети Климент Охридски""","1403222","1","84.5","1","49"
"ПЕРНИК","ПЕРНИК","С.РУДАРЦИ","ОУ ""Св. Климент Охридски""","1403229","11","84.77","11","62.41"
"ПЕРНИК","ПЕРНИК","С.ЯРДЖИЛОВЦИ","Основно училище ""Отец Паисий""","1403227","2","89.25","2","71.5"
"ПЕРНИК","РАДОМИР","ГР.РАДОМИР","Начално училище ""Архимандрит Зиновий""","1403648","44","85.22","44","69.16"
"ПЕРНИК","РАДОМИР","ГР.РАДОМИР","Основно училище ""Христо Смирненски""","1403650","62","78.62","62","77.46"
"ПЕРНИК","РАДОМИР","С.ГЪЛЪБНИК","Основно училище ""Христо Ботев""","1403653","2","22.5","2","37.5"
"ПЕРНИК","РАДОМИР","С.ИЗВОР","Основно училище ""Иван Вазов""","1403652","3","71.5","3","54.5"
"ПЕРНИК","ТРЪН","ГР.ТРЪН","Средно училище ""Гео Милев""","1405144","14","52.29","14","33.46"
"ПЛЕВЕН","БЕЛЕНЕ","ГР.БЕЛЕНЕ","Основно училище ""Васил Левски""","1500702","6","52.42","7","47"
"ПЛЕВЕН","БЕЛЕНЕ","ГР.БЕЛЕНЕ","Средно училище ""Димчо Дебелянов""","1500705","41","85.37","41","68.06"
"ПЛЕВЕН","ГУЛЯНЦИ","ГР.ГУЛЯНЦИ","Средно училище ""Христо Смирненски""","1500807","25","60.82","25","47.44"
"ПЛЕВЕН","ГУЛЯНЦИ","С.БРЕСТ","Основно училище ""Христо Ботев""","1501136","6","69","6","52.75"
"ПЛЕВЕН","ГУЛЯНЦИ","С.ГИГЕН","Средно училище ""Асен Златаров""","1500808","8","73.13","7","42.57"
"ПЛЕВЕН","ГУЛЯНЦИ","С.МИЛКОВИЦА","Основно училище ""Христо Ботев""","1500804","6","60.25","6","46.92"
"ПЛЕВЕН","ДОЛНА МИТРОПОЛИЯ","ГР.ДОЛНА МИТРОПОЛИЯ","Средно училище ""Васил Априлов""","1500914","11","83.59","11","70.14"
"ПЛЕВЕН","ДОЛНА МИТРОПОЛИЯ","ГР.ТРЪСТЕНИК","Средно училище ""Евлоги Георгиев""","1500915","31","70.13","31","50.72"
"ПЛЕВЕН","ДОЛНА МИТРОПОЛИЯ","С.БОЖУРИЦА","Основно училище ""Христо Ботев""","1500903","18","39.58","18","44.61"
"ПЛЕВЕН","ДОЛНА МИТРОПОЛИЯ","С.ГОРНА МИТРОПОЛИЯ","Основно училище ""Свети Свети Кирил и Методий""","1500905","9","72.78","9","69.06"
"ПЛЕВЕН","ДОЛНА МИТРОПОЛИЯ","С.КОМАРЕВО","Основно училище ""Христо Ботев""","1500906","2","46.5","2","36"
"ПЛЕВЕН","ДОЛНА МИТРОПОЛИЯ","С.КРУШОВЕНЕ","Основно училище ""Климент Охридски""","1500907","6","36.58","6","39.92"
"ПЛЕВЕН","ДОЛНА МИТРОПОЛИЯ","С.ОРЕХОВИЦА","Основно училище ""Христо Смирненски""","1500908","6","54.33","6","51.92"
"ПЛЕВЕН","ДОЛНА МИТРОПОЛИЯ","С.СТАВЕРЦИ","Основно училище ""Св.св.Кирил и Методий""","1500913","10","61.2","10","38.45"
"ПЛЕВЕН","ДОЛНИ ДЪБНИК","ГР.ДОЛНИ ДЪБНИК","Начално училище ""Св.св. Кирил и Методий""","1500501","26","74.65","26","65.5"
"ПЛЕВЕН","ДОЛНИ ДЪБНИК","С.ГОРНИ ДЪБНИК","Основно училище ""Св. Св. Кирил и Методий""","1500505","11","62.41","11","59.05"
"ПЛЕВЕН","ДОЛНИ ДЪБНИК","С.ГРАДИНА","Основно училище ""Неофит Рилски""","1500506","8","47.88","8","42.88"
"ПЛЕВЕН","ДОЛНИ ДЪБНИК","С.КРУШОВИЦА","Основно училище ""Свети свети Кирил и Методий""","1500502","9","60.61","9","44.83"
"ПЛЕВЕН","ДОЛНИ ДЪБНИК","С.ПЕТЪРНИЦА","Основно училище ""Св. Св. Кирил и Методий""","1500504","16","45.03","16","44.66"
"ПЛЕВЕН","ДОЛНИ ДЪБНИК","С.САДОВЕЦ","Основно училище ""Христо Ботев""","1500503","9","55.5","9","60.44"
"ПЛЕВЕН","ИСКЪР","ГР.ИСКЪР","Средно училище ""Христо Смирненски""","1500404","31","66.34","31","46.79"
"ПЛЕВЕН","ИСКЪР","С.ДОЛНИ ЛУКОВИТ","Основно училище ""Васил Левски""","1500401","16","52.22","16","36.44"
"ПЛЕВЕН","КНЕЖА","ГР.КНЕЖА","Начално училище ""Кнежица""","1501101","10","55.1","10","42.85"
"ПЛЕВЕН","КНЕЖА","ГР.КНЕЖА","Основно училище ""Васил Левски""","1501102","30","86.02","29","73.64"
"ПЛЕВЕН","КНЕЖА","ГР.КНЕЖА","Основно училище ""Отец Паисий""","1501103","13","49.04","13","34.58"
"ПЛЕВЕН","КНЕЖА","ГР.КНЕЖА","Средно училище ""Неофит Рилски""","1501108","14","57.71","14","60.11"
"ПЛЕВЕН","КНЕЖА","С.БРЕНИЦА","Основно училище ""Христо Ботев""","1501104","5","82.8","5","72.8"
"ПЛЕВЕН","КНЕЖА","С.ЕНИЦА","Основно училище ""Васил Левски ""","1501105","9","66.94","9","45.28"
"ПЛЕВЕН","ЛЕВСКИ","ГР.ЛЕВСКИ","Основно училище ""Максим Горки""","1500602","46","77.62","46","60.92"
"ПЛЕВЕН","ЛЕВСКИ","ГР.ЛЕВСКИ","Средно училище ""Крум Попов""","1500611","42","62.81","41","45.38"
"ПЛЕВЕН","ЛЕВСКИ","С.АСЕНОВЦИ","Основно училище ""Христо Ботев""","1500603","9","39.17","9","37.5"
"ПЛЕВЕН","ЛЕВСКИ","С.БЪЛГАРЕНЕ","Основно училище ""Христо Ботев""","1500604","3","66","3","65"
"ПЛЕВЕН","ЛЕВСКИ","С.ОБНОВА","Основно училище ""Неофит Рилски""","1500608","7","51.07","7","49.36"
"ПЛЕВЕН","НИКОПОЛ","ГР.НИКОПОЛ","Средно училище ""Христо Ботев""","1501007","13","70.54","13","53.88"
"ПЛЕВЕН","НИКОПОЛ","С.НОВАЧЕНЕ","Основно училище ""Патриарх Евтимий""","1501006","16","36.09","15","28.27"
"ПЛЕВЕН","ПЛЕВЕН","ГР.ПЛЕВЕН","Начално училище ""Единство""","1500101","37","80.14","37","57.49"
"ПЛЕВЕН","ПЛЕВЕН","ГР.ПЛЕВЕН","Начално училище ""Христо Ботев""","1500102","75","86.94","74","81.69"
"ПЛЕВЕН","ПЛЕВЕН","ГР.ПЛЕВЕН","Начално училище ""Патриарх Евтимий""","1500103","94","90.04","94","74.88"
"ПЛЕВЕН","ПЛЕВЕН","ГР.ПЛЕВЕН","Начално училище ""Отец Паисий""","1500105","66","80.48","66","58.64"
"ПЛЕВЕН","ПЛЕВЕН","ГР.ПЛЕВЕН","Основно училище ""Д-р Петър Берон""","1500110","78","84.29","77","70.27"
"ПЛЕВЕН","ПЛЕВЕН","ГР.ПЛЕВЕН","Основно училищe ""Свети Климент Охридски""","1500112","88","84.49","88","66.22"
"ПЛЕВЕН","ПЛЕВЕН","ГР.ПЛЕВЕН","Основно училище ""Васил Левски""","1500113","61","87.27","61","67.91"
"ПЛЕВЕН","ПЛЕВЕН","ГР.ПЛЕВЕН","Основно училище ""Йордан Йовков""","1500114","26","80.21","26","63.56"
"ПЛЕВЕН","ПЛЕВЕН","ГР.ПЛЕВЕН","Основно училище ""Лазар Станев""","1500115","16","85.19","16","68.5"
"ПЛЕВЕН","ПЛЕВЕН","ГР.ПЛЕВЕН","Средно училище ""Стоян Заимов""","1500133","47","85.07","48","63.27"
"ПЛЕВЕН","ПЛЕВЕН","ГР.ПЛЕВЕН","Средно училище ""Иван Вазов""","1500134","111","86.72","111","66.59"
"ПЛЕВЕН","ПЛЕВЕН","ГР.ПЛЕВЕН","Средно училище ""Пейо Крачолов Яворов""","1500135","25","73.54","25","48.12"
"ПЛЕВЕН","ПЛЕВЕН","ГР.ПЛЕВЕН","Средно училище ""Христо Смирненски""","1500136","10","51.6","10","38.3"
"ПЛЕВЕН","ПЛЕВЕН","ГР.ПЛЕВЕН","Основно училище Валери Петров","1500201","67","87.75","67","71.22"
"ПЛЕВЕН","ПЛЕВЕН","ГР.ПЛЕВЕН","Национално училище по изкуствата ""Панайот Пипков""","2902107","17","87.18","17","69.74"
"ПЛЕВЕН","ПЛЕВЕН","ГР.СЛАВЯНОВО","Начално училище ""Св.св. Кирил и Методий""","1500106","1","85.5","1","55"
"ПЛЕВЕН","ПЛЕВЕН","ГР.СЛАВЯНОВО","Средно училище ""Христо Ботев""","1500137","9","78.11","9","61.22"
"ПЛЕВЕН","ПЛЕВЕН","С.БЕГЛЕЖ","Основно училище ""Васил Левски""","1500121","2","37","2","39.5"
"ПЛЕВЕН","ПЛЕВЕН","С.БОХОТ","Основно училище ""Антон Страшимиров""","1500126","7","6.86","6","14.5"
"ПЛЕВЕН","ПЛЕВЕН","С.БРЪШЛЯНИЦА","Основно училище ""Св. Св. Кирил и Методий""","1500128","4","73","4","70.25"
"ПЛЕВЕН","ПЛЕВЕН","С.БУКОВЛЪК","Основно училище ""Свети Климент Охридски""","1500119","44","43.28","42","54.35"
"ПЛЕВЕН","ПЛЕВЕН","С.ВЪРБИЦА","Начално училище ""Отец Паисий""","1500107","8","46.5","8","57.94"
"ПЛЕВЕН","ПЛЕВЕН","С.ДИСЕВИЦА","Начално училище ""Христо Ботев""","1500108","10","20.65","10","18.5"
"ПЛЕВЕН","ПЛЕВЕН","С.МЕЧКА","Обединено училище ""Христо Ботев""","1500117","10","64.5","10","57.3"
"ПЛЕВЕН","ПЛЕВЕН","С.НИКОЛАЕВО","Основно училище ""Христо Ботев""","1500123","11","39.05","11","43.68"
"ПЛЕВЕН","ПЛЕВЕН","С.ОПАНЕЦ","Основно училище""Отец Паисий""","1500118","3","42.67","3","36"
"ПЛЕВЕН","ПЛЕВЕН","С.ПЕЛИШАТ","Основно училище ""Христо Ботев""","1500125","3","43.17","3","26"
"ПЛЕВЕН","ПЛЕВЕН","С.ТЪРНЕНЕ","Обединено училище ""Свети Свети Кирил и Методий""","1500127","9","39.89","9","24.89"
"ПЛЕВЕН","ПОРДИМ","ГР.ПОРДИМ","Средно училище ""Свети Свети Кирил и Методий""","1500305","18","52.92","19","58.58"
"ПЛЕВЕН","ПОРДИМ","С.ВЪЛЧИТРЪН","Обединено училище ""Никола Йонков Вапцаров""","1500304","6","56.42","6","58.5"
"ПЛЕВЕН","ЧЕРВЕН БРЯГ","ГР.КОЙНАРЕ","Средно училище "" Христо Смирненски""","1500216","19","70.37","19","50.08"
"ПЛЕВЕН","ЧЕРВЕН БРЯГ","ГР.ЧЕРВЕН БРЯГ","Основно училище ""Христо Смирненски""","1500203","41","63.65","40","48.01"
"ПЛЕВЕН","ЧЕРВЕН БРЯГ","ГР.ЧЕРВЕН БРЯГ","Основно училище ""Алеко Константинов""","1500204","11","30.91","11","49.45"
"ПЛЕВЕН","ЧЕРВЕН БРЯГ","ГР.ЧЕРВЕН БРЯГ","Средно училище ""Д-р Петър Берон""","1500215","74","81.17","74","64.07"
"ПЛЕВЕН","ЧЕРВЕН БРЯГ","С.ГЛАВА","Основно училище ""Христо Ботев""","1500206","7","40.79","7","27.86"
"ПЛЕВЕН","ЧЕРВЕН БРЯГ","С.РАДОМИРЦИ","Обединено училище ""Отец Паисий""","1500210","11","36.86","11","28.77"
"ПЛЕВЕН","ЧЕРВЕН БРЯГ","С.РУПЦИ","Основно училище ""Христо Ботев""","1500209","9","48.78","9","63.56"
"ПЛЕВЕН","ЧЕРВЕН БРЯГ","С.ЧОМАКОВЦИ","Основно училище ""Христо Ботев""","1500207","15","58.07","15","44.17"
"ПЛОВДИВ","АСЕНОВГРАД","ГР.АСЕНОВГРАД","Основно училище ""Ангел Кънчев""","1600101","58","83.78","58","69.16"
"ПЛОВДИВ","АСЕНОВГРАД","ГР.АСЕНОВГРАД","Основно училище ""Христо Ботев""","1600102","72","87.17","72","70.12"
"ПЛОВДИВ","АСЕНОВГРАД","ГР.АСЕНОВГРАД","Основно училище ""Отец Паисий"" Асеновград","1600103","36","78.88","36","65.35"
"ПЛОВДИВ","АСЕНОВГРАД","ГР.АСЕНОВГРАД","Основно училище ""Петко Каравелов""","1600104","91","82.15","91","61.3"
"ПЛОВДИВ","АСЕНОВГРАД","ГР.АСЕНОВГРАД","Основно училище ""Никола Йонков Вапцаров""","1600105","34","11.68","32","21.72"
"ПЛОВДИВ","АСЕНОВГРАД","ГР.АСЕНОВГРАД","Основно училище ""Панайот Волов""","1600107","21","68.19","21","62.21"
"ПЛОВДИВ","АСЕНОВГРАД","ГР.АСЕНОВГРАД","Средно училище Свети княз Борис I","1600114","33","82.08","33","70.95"
"ПЛОВДИВ","АСЕНОВГРАД","ГР.АСЕНОВГРАД","Средно училище ""Свети свети Кирил и Методий""","1600116","60","82.62","59","67.59"
"ПЛОВДИВ","АСЕНОВГРАД","С.БОЯНЦИ","Основно училище ""Професор доктор Асен Златаров""","1600108","24","47.92","23","34.28"
"ПЛОВДИВ","АСЕНОВГРАД","С.ЗЛАТОВРЪХ","Основно училище ""Климент Охридски""","1600113","4","73.63","4","64.63"
"ПЛОВДИВ","АСЕНОВГРАД","С.МУЛДАВА","Основно училище ""Отец Паисий""","1600111","8","71.94","8","68.56"
"ПЛОВДИВ","АСЕНОВГРАД","С.ТОПОЛОВО","Основно училище ""Отец Паисий""","1600115","9","77.22","9","63.11"
"ПЛОВДИВ","БРЕЗОВО","ГР.БРЕЗОВО","Средно училище ""Христо Смирненски""","1600705","36","64.68","36","44.32"
"ПЛОВДИВ","БРЕЗОВО","С.БОРЕЦ","Начално училище ""Свети Свети Кирил и Методий""","1600704","4","66.63","4","60.5"
"ПЛОВДИВ","БРЕЗОВО","С.СТРЕЛЦИ","Основно училище ""Свети Свети Кирил и Методий""","1600703","15","50.27","15","30.17"
"ПЛОВДИВ","КАЛОЯНОВО","С.ДЪЛГО ПОЛЕ","Обединено училище ""Христо Ботев""","1601203","6","50.17","5","51.2"
"ПЛОВДИВ","КАЛОЯНОВО","С.ЖИТНИЦА","Основно училище ""Христо Смирненски""","1601202","6","88.08","6","76.83"
"ПЛОВДИВ","КАЛОЯНОВО","С.КАЛОЯНОВО","Основно училище ""Иван Вазов""","1601201","18","58.64","18","42.06"
"ПЛОВДИВ","КАЛОЯНОВО","С.ПЕСНОПОЙ","Основно Училище ""Отец Паисий""","1601206","4","23.25","4","16.5"
"ПЛОВДИВ","КАЛОЯНОВО","С.РЪЖЕВО КОНАРЕ","Основно училище ""Христо Ботев""","1601204","10","47.65","10","46.95"
"ПЛОВДИВ","КАРЛОВО","ГР.БАНЯ","Основно училище ""Неофит Рилски""","1601316","16","60.31","15","42.07"
"ПЛОВДИВ","КАРЛОВО","ГР.КАЛОФЕР","Средно училище ""Христо Ботев""","1601306","21","73.55","21","45.05"
"ПЛОВДИВ","КАРЛОВО","ГР.КАРЛОВО","Средно училище ""Васил Левски""","1601301","95","84.76","95","67.12"
"ПЛОВДИВ","КАРЛОВО","ГР.КАРЛОВО","Средно училище ""Христо Проданов""","1601302","49","73.56","49","65.36"
"ПЛОВДИВ","КАРЛОВО","ГР.КАРЛОВО","Основно училище ""Св. Св. Кирил и Методий""","1601304","100","76.25","100","58.19"
"ПЛОВДИВ","КАРЛОВО","ГР.КАРЛОВО","Основно училище ""Райно Попович""","1601305","30","69.07","27","47.87"
"ПЛОВДИВ","КАРЛОВО","ГР.КЛИСУРА","Основно училище ""Христо Груев Данов""","1601318","21","65.38","21","51.64"
"ПЛОВДИВ","КАРЛОВО","С.ВЕДРАРЕ","Основно училище ""Свети Свети Кирил и Методий""","1601309","8","59.38","8","41.63"
"ПЛОВДИВ","КАРЛОВО","С.ИГАНОВО","Начално училище ""Васил Левски""","1601321","10","52.65","11","53.95"
"ПЛОВДИВ","КАРЛОВО","С.КЪРНАРЕ","Основно училище ""Васил Левски""","1601308","18","65.72","17","56.97"
"ПЛОВДИВ","КАРЛОВО","С.РОЗИНО","Основно училище ""Христо Г. Данов""","1601307","30","54.17","30","43.75"
"ПЛОВДИВ","КАРЛОВО","С.ХРИСТО ДАНОВО","Основно училище ""Генерал Карцов""","1601317","16","36.94","15","38.1"
"ПЛОВДИВ","КРИЧИМ","ГР.КРИЧИМ","Начално училище Васил Левски","1601401","32","69.94","31","67.81"
"ПЛОВДИВ","КРИЧИМ","ГР.КРИЧИМ","Средно училище ""Петко Рачов Славейков""","1601403","18","75","18","59.25"
"ПЛОВДИВ","КУКЛЕН","ГР.КУКЛЕН","Средно училище ""Отец Паисий""","1601101","39","78.47","40","63.3"
"ПЛОВДИВ","ЛЪКИ","ГР.ЛЪКИ","Средно училище ""Христо Ботев""","1601501","5","70.4","5","54.7"
"ПЛОВДИВ","МАРИЦА","С.БЕНКОВСКИ","Средно училище ""Георги Бенковски""","1601704","13","71.31","13","61.42"
"ПЛОВДИВ","МАРИЦА","С.ВОЙВОДИНОВО","Основно училище ""Св. Св. Кирил и Методий""","1601702","18","89.56","17","69.47"
"ПЛОВДИВ","МАРИЦА","С.ВОЙСИЛ","Начално училище ""Свети Климент Охридски""","1601721","10","88.05","10","84.9"
"ПЛОВДИВ","МАРИЦА","С.ГРАФ ИГНАТИЕВО","Основно училище ""Граф Николай Игнатиев""","1601705","13","77.23","13","61.31"
"ПЛОВДИВ","МАРИЦА","С.ДИНК","Начално училище ""Отец Паисий""","1601700","17","55.03","17","59.29"
"ПЛОВДИВ","МАРИЦА","С.КАЛЕКОВЕЦ","Средно училище ""Свети свети Кирил и Методий""","1601709","23","47.72","22","33.27"
"ПЛОВДИВ","МАРИЦА","С.КОСТИЕВО","Основно училище ""Свети Свети Кирил и Методий""","1601707","14","55.5","14","28.36"
"ПЛОВДИВ","МАРИЦА","С.МАНОЛЕ","Средно училище ""Васил Левски""","1601708","30","76.25","30","55.73"
"ПЛОВДИВ","МАРИЦА","С.РОГОШ","Основно училище ""Васил Левски""","1601710","27","58.37","27","42.09"
"ПЛОВДИВ","МАРИЦА","С.СКУТАРЕ","Основно училище ""Св. Климент Охридски""","1601701","28","69.04","28","60.05"
"ПЛОВДИВ","МАРИЦА","С.СТРОЕВО","Основно училище ""Христо Смирненски""","1601706","16","74.25","16","52.69"
"ПЛОВДИВ","МАРИЦА","С.ТРУД","Основно училище ""Свети Свети Кирил и Методий""","1601711","22","80","22","76.82"
"ПЛОВДИВ","МАРИЦА","С.ЦАРАЦОВО","Основно училище ""Дядо Иван Арабаджията""","1601703","16","83","17","54.71"
"ПЛОВДИВ","ПЕРУЩИЦА","ГР.ПЕРУЩИЦА","ОСНОВНО УЧИЛИЩЕ ""ПЕТЪР БОНЕВ""","1602401","26","71.83","28","41.55"
"ПЛОВДИВ","ПЛОВДИВ","ГР.ПЛОВДИВ","ЧАСТНО НАЧАЛНО УЧИЛИЩЕ ""ИСКРА""","1600033","4","90.13","4","65.38"
"ПЛОВДИВ","ПЛОВДИВ","ГР.ПЛОВДИВ","Основно училище ""Алеко Константинов""","1690142","79","91.16","79","75.51"
"ПЛОВДИВ","ПЛОВДИВ","ГР.ПЛОВДИВ","ОУ""Виктория и Крикор Тютюнджян""","1690143","40","87.68","40","70.06"
"ПЛОВДИВ","ПЛОВДИВ","ГР.ПЛОВДИВ","Основно училище ""Гео Милев""","1690144","12","27.58","12","24.42"
"ПЛОВДИВ","ПЛОВДИВ","ГР.ПЛОВДИВ","Основно училище ""Д-р Петър Берон""","1690146","67","84.78","66","71.28"
"ПЛОВДИВ","ПЛОВДИВ","ГР.ПЛОВДИВ","Основно Училище""Душо Хаджидеков""","1690147","117","87.86","117","71.21"
"ПЛОВДИВ","ПЛОВДИВ","ГР.ПЛОВДИВ","Основно училище ""Екзарх Антим I""","1690148","74","90.49","75","74.11"
"ПЛОВДИВ","ПЛОВДИВ","ГР.ПЛОВДИВ","Основно училище ""Кочо Честеменски""","1690149","70","84.67","69","68.67"
"ПЛОВДИВ","ПЛОВДИВ","ГР.ПЛОВДИВ","Средно училище ""Любен Каравелов""","1690150","24","83.4","24","65.1"
"ПЛОВДИВ","ПЛОВДИВ","ГР.ПЛОВДИВ","Основно училище ""Княз Александър I""","1690152","98","87.24","98","73.23"
"ПЛОВДИВ","ПЛОВДИВ","ГР.ПЛОВДИВ","Средно училище "" СВ. ПАИСИЙ ХИЛЕНДАРСКИ ""","1690154","71","85.34","69","66.83"
"ПЛОВДИВ","ПЛОВДИВ","ГР.ПЛОВДИВ","Средно училище ""Свети Климент Охридски""","1690155","23","78.72","23","61.89"
"ПЛОВДИВ","ПЛОВДИВ","ГР.ПЛОВДИВ","Средно училище ""Свети Патриарх Евтимий""","1690156","94","90.04","94","75.72"
"ПЛОВДИВ","ПЛОВДИВ","ГР.ПЛОВДИВ","Средно училище ""Цар Симеон Велики""","1690157","25","89.7","25","74.36"
"ПЛОВДИВ","ПЛОВДИВ","ГР.ПЛОВДИВ","39-то Начално училище ""Кирил Нектариев""","1690242","36","35.24","36","41.18"
"ПЛОВДИВ","ПЛОВДИВ","ГР.ПЛОВДИВ","Начално училище "" Петко Рачов Славейков ""","1690243","95","88.39","96","72.29"
"ПЛОВДИВ","ПЛОВДИВ","ГР.ПЛОВДИВ","Основно училище ""Васил Левски""","1690244","70","86.38","70","69.93"
"ПЛОВДИВ","ПЛОВДИВ","ГР.ПЛОВДИВ","Основно училище ""Димчо Дебелянов""","1690245","59","15.75","59","17.69"
"ПЛОВДИВ","ПЛОВДИВ","ГР.ПЛОВДИВ","Обединено училище ""Пенчо Славейков""","1690246","66","29.95","66","31.53"
"ПЛОВДИВ","ПЛОВДИВ","ГР.ПЛОВДИВ","Средно училище ""Найден Геров""","1690247","37","20.97","37","20.47"
"ПЛОВДИВ","ПЛОВДИВ","ГР.ПЛОВДИВ","Средно училище ""Симон Боливар""","1690248","42","45.94","41","35.52"
"ПЛОВДИВ","ПЛОВДИВ","ГР.ПЛОВДИВ","Специално училище за ученици с увреден слух ""Проф. Д-р Ст. Белинов""","1690271","4","19.25","4","21"
"ПЛОВДИВ","ПЛОВДИВ","ГР.ПЛОВДИВ","Основно училище ""Васил Петлешков""","1690341","74","91.66","74","78.01"
"ПЛОВДИВ","ПЛОВДИВ","ГР.ПЛОВДИВ","Основно училище ""Драган Манчов ""","1690342","97","88.72","95","78.94"
"ПЛОВДИВ","ПЛОВДИВ","ГР.ПЛОВДИВ","Основно училище ""Елин Пелин""","1690343","65","86.6","64","72.33"
"ПЛОВДИВ","ПЛОВДИВ","ГР.ПЛОВДИВ","Основно училище ""Тодор Каблешков""","1690344","21","87.26","21","73.36"
"ПЛОВДИВ","ПЛОВДИВ","ГР.ПЛОВДИВ","Средно училище ""Свети свети Кирил и Методий""","1690345","40","82.05","40","63.54"
"ПЛОВДИВ","ПЛОВДИВ","ГР.ПЛОВДИВ","Начално училище ""Христо Ботев""","1690441","112","90.76","110","82.02"
"ПЛОВДИВ","ПЛОВДИВ","ГР.ПЛОВДИВ","Основно училище ""Димитър Тодоров Димов""","1690442","45","83.63","44","61.81"
"ПЛОВДИВ","ПЛОВДИВ","ГР.ПЛОВДИВ","Обединено училище ""Йордан Йовков""","1690443","8","35.75","13","51.77"
"ПЛОВДИВ","ПЛОВДИВ","ГР.ПЛОВДИВ","Основно училище ""Панайот Волов""","1690444","33","9.62","33","18.27"
"ПЛОВДИВ","ПЛОВДИВ","ГР.ПЛОВДИВ","Основно училище ""Райна Княгиня""","1690445","113","89.81","113","72.81"
"ПЛОВДИВ","ПЛОВДИВ","ГР.ПЛОВДИВ","Средно училище ""Никола Вапцаров""","1690446","47","88.2","46","72.5"
"ПЛОВДИВ","ПЛОВДИВ","ГР.ПЛОВДИВ","Средно училище ""Пейо Крачолов Яворов""","1690447","72","81","72","66.42"
"ПЛОВДИВ","ПЛОВДИВ","ГР.ПЛОВДИВ","Средно училище ""Христо Груев Данов""","1690448","46","86.73","46","64.01"
"ПЛОВДИВ","ПЛОВДИВ","ГР.ПЛОВДИВ","Средно училище ""Братя Миладинови""","1690542","39","74.97","39","61.58"
"ПЛОВДИВ","ПЛОВДИВ","ГР.ПЛОВДИВ","Начално училище ""Климент Охридски""","1690543","69","87.43","69","73.82"
"ПЛОВДИВ","ПЛОВДИВ","ГР.ПЛОВДИВ","Основно училище ""Димитър Талев""","1690544","148","87.86","145","69.7"
"ПЛОВДИВ","ПЛОВДИВ","ГР.ПЛОВДИВ","Основно училище ""Захари Стоянов""","1690545","42","91.3","42","80.18"
"ПЛОВДИВ","ПЛОВДИВ","ГР.ПЛОВДИВ","Основно училище ""Стоян Михайловски""","1690546","77","84.68","77","72.18"
"ПЛОВДИВ","ПЛОВДИВ","ГР.ПЛОВДИВ","Основно училище ""Яне Сандански""","1690547","94","86.53","93","69.48"
"ПЛОВДИВ","ПЛОВДИВ","ГР.ПЛОВДИВ","Средно училище "" Константин Величков ""","1690549","68","82.09","67","65.11"
"ПЛОВДИВ","ПЛОВДИВ","ГР.ПЛОВДИВ","Средно училище ""Свети Константин - Кирил Философ""","1690550","116","86.57","116","67.9"
"ПЛОВДИВ","ПЛОВДИВ","ГР.ПЛОВДИВ","Средно училище ""Димитър Матевски""","1690642","138","90.03","136","67.29"
"ПЛОВДИВ","ПЛОВДИВ","ГР.ПЛОВДИВ","Средно училище ""Свети Седмочисленици""","1690643","106","87.58","103","73.93"
"ПЛОВДИВ","ПЛОВДИВ","ГР.ПЛОВДИВ","Средно училище ""Свети Софроний Врачански""","1690644","108","84.59","107","65.42"
"ПЛОВДИВ","ПЛОВДИВ","ГР.ПЛОВДИВ","Средно училище ""Черноризец Храбър""","1690645","134","90.29","133","76.62"
"ПЛОВДИВ","ПЛОВДИВ","ГР.ПЛОВДИВ","ЧАСТНО СРЕДНО УЧИЛИЩЕ ""ДРУЖБА""","1690901","8","87.88","8","74.81"
"ПЛОВДИВ","ПЛОВДИВ","ГР.ПЛОВДИВ","Частно основно училище ""Класик""","1690907","12","81.54","11","64.95"
"ПЛОВДИВ","ПЛОВДИВ","ГР.ПЛОВДИВ","Частно основно училище ""Бъдеще""","1690912","4","83.63","4","80.63"
"ПЛОВДИВ","ПЛОВДИВ","ГР.ПЛОВДИВ","Национално училище за музикално и танцово изкуство ""Добрин Петков""","2902102","32","90.17","31","74.98"
"ПЛОВДИВ","ПЪРВОМАЙ","ГР.ПЪРВОМАЙ","Основно училище ""Свети Свети Кирил и Методий""","1602301","7","53.21","8","38.13"
"ПЛОВДИВ","ПЪРВОМАЙ","ГР.ПЪРВОМАЙ","Основно Училище ""Георги Караславов""","1602302","19","40.34","18","33.58"
"ПЛОВДИВ","ПЪРВОМАЙ","ГР.ПЪРВОМАЙ","Начално училище ""Христо Ботев""","1602311","4","66.25","4","53.5"
"ПЛОВДИВ","ПЪРВОМАЙ","ГР.ПЪРВОМАЙ","Средно училище ""Проф. д-р Асен Златаров""","1602314","58","80.93","57","58.18"
"ПЛОВДИВ","ПЪРВОМАЙ","С.БУКОВО","Основно училище ""Д-р Петър Берон""","1602309","1","24","1","30"
"ПЛОВДИВ","ПЪРВОМАЙ","С.БЯЛА РЕКА","Основно училище ""Любен Каравелов""","1602308","7","41.86","7","37.14"
"ПЛОВДИВ","ПЪРВОМАЙ","С.ВИНИЦА","Основно училище ""Васил Априлов""","1602306","9","29.17","9","40.5"
"ПЛОВДИВ","ПЪРВОМАЙ","С.ГРАДИНА","Основно училище ""Христо Ботев""","1602303","18","57.06","18","47.33"
"ПЛОВДИВ","ПЪРВОМАЙ","С.ДЪЛБОК ИЗВОР","Основно училище ""Свети Свети Кирил и Методий""","1602305","3","40.67","3","36"
"ПЛОВДИВ","ПЪРВОМАЙ","С.ИСКРА","Основно училище ""Отец Паисий""","1602304","6","30.08","6","28.83"
"ПЛОВДИВ","ПЪРВОМАЙ","С.КАРАДЖАЛОВО","Основно училище ""Св. Св. Кирил и Методий""","1602307","7","49.93","7","34.07"
"ПЛОВДИВ","РАКОВСКИ","ГР.РАКОВСКИ","Основно училище ""Христо Ботев""","1602502","76","83.44","76","63.78"
"ПЛОВДИВ","РАКОВСКИ","ГР.РАКОВСКИ","Основно училище ""Христо Смирненски""","1602503","64","73.87","62","55.64"
"ПЛОВДИВ","РАКОВСКИ","С.БЕЛОЗЕМ","Основно училище ""Гео Милев""","1602507","49","56.88","49","49.04"
"ПЛОВДИВ","РАКОВСКИ","С.СТРЯМА","Основно училище ""Отец Паисий""","1602504","30","54.52","31","32.16"
"ПЛОВДИВ","РАКОВСКИ","С.ЧАЛЪКОВИ","Основно училище ""Д-р Петър Берон""","1602505","20","53.43","19","33.82"
"ПЛОВДИВ","РОДОПИ","С.БЕЛАЩИЦА","Основно училище "" Пенчо Славейков""","1602602","17","89.76","17","79.5"
"ПЛОВДИВ","РОДОПИ","С.БРАНИПОЛЕ","Основно училище "" Свети Свети Кирил и Методий ""","1602608","33","67.61","33","56.02"
"ПЛОВДИВ","РОДОПИ","С.БРЕСТНИК","Основно училище ""Васил Левски""","1602604","21","75.76","20","66.48"
"ПЛОВДИВ","РОДОПИ","С.БРЕСТОВИЦА","Основно училище ""Христо Ботев""","1602605","23","85.17","23","69.46"
"ПЛОВДИВ","РОДОПИ","С.КАДИЕВО","Основно училище "" Свети Свети Кирил и Методий""","1602606","6","61.25","6","43.33"
"ПЛОВДИВ","РОДОПИ","С.КРУМОВО","Основно училище ""Христо Ботев""","1602613","26","87.85","26","70.15"
"ПЛОВДИВ","РОДОПИ","С.МАРКОВО","Частно основно училище ""Слънчев лъч""","1600018","17","90.06","17","77.06"
"ПЛОВДИВ","РОДОПИ","С.МАРКОВО","Основно училище ""Св. св. Кирил и Методий""","1602607","44","81.57","44","59.92"
"ПЛОВДИВ","РОДОПИ","С.ПЪРВЕНЕЦ","Основно училище ""Св.Св. Кирил и Методий""","1602603","25","73.1","25","56.2"
"ПЛОВДИВ","РОДОПИ","С.УСТИНА","Основно училище ""Свети свети Кирил и Методий""","1602609","11","72.59","11","53.82"
"ПЛОВДИВ","РОДОПИ","С.ЦАЛАПИЦА","Основно училище ""Паисий Хилендарски""","1602611","21","68.95","21","51.14"
"ПЛОВДИВ","РОДОПИ","С.ЯГОДОВО","Основно училище ""Неофит Рилски""","1602612","16","77.41","16","64.69"
"ПЛОВДИВ","САДОВО","ГР.САДОВО","Основно училище ""Гео Милев""","1602803","22","59.43","21","39.57"
"ПЛОВДИВ","САДОВО","С.БОГДАНИЦА","Основно училище ""Княз Борис Първи""","1602806","14","20.5","13","21.5"
"ПЛОВДИВ","САДОВО","С.БОЛЯРЦИ","Основно училище ""Георги Сава Раковски ""","1602808","18","57.03","18","44.83"
"ПЛОВДИВ","САДОВО","С.КАРАДЖОВО","Основно училище ""Васил Левски""","1602807","12","69.58","12","50.54"
"ПЛОВДИВ","САДОВО","С.КАТУНИЦА","Основно училище ""Христо Ботев""","1602801","17","84.44","17","68.24"
"ПЛОВДИВ","САДОВО","С.ПОПОВИЦА","Основно училище "" Христо Ботев ""","1602805","13","69.85","13","56.35"
"ПЛОВДИВ","САДОВО","С.ЧЕШНЕГИРОВО","Основно училище ""Свети Свети Кирил и Методий""","1602804","11","50.64","11","30.36"
"ПЛОВДИВ","СОПОТ","ГР.СОПОТ","Средно училище ""Иван Вазов""","1601303","19","75.16","20","51.85"
"ПЛОВДИВ","СОПОТ","ГР.СОПОТ","Начално училище ""Неделя Петкова""","1601320","62","82.41","61","68.79"
"ПЛОВДИВ","СТАМБОЛИЙСКИ","ГР.СТАМБОЛИЙСКИ","Обединено училище ""Христо Ботев"" гр. Стамболийски","1602904","16","42.38","16","53.75"
"ПЛОВДИВ","СТАМБОЛИЙСКИ","ГР.СТАМБОЛИЙСКИ","Основно училище ""Христо Смирненски""","1602905","36","77.82","36","58.67"
"ПЛОВДИВ","СТАМБОЛИЙСКИ","ГР.СТАМБОЛИЙСКИ","Средно училище Отец Паисий","1602907","41","86","41","67.09"
"ПЛОВДИВ","СТАМБОЛИЙСКИ","С.ЙОАКИМ ГРУЕВО","Основно училище ""Христо Ботев""","1602901","15","54.03","15","35.9"
"ПЛОВДИВ","СТАМБОЛИЙСКИ","С.КУРТОВО КОНАРЕ","Основно училище ""Св. Св. Кирил и Методий""","1602902","7","46.14","7","41.71"
"ПЛОВДИВ","СТАМБОЛИЙСКИ","С.НОВО СЕЛО","Основно училище "" Христо Смирненски ""","1602903","8","21.25","8","35.69"
"ПЛОВДИВ","СТАМБОЛИЙСКИ","С.ТРИВОДИЦИ","Основно училище ""Васил Левски""","1602906","14","61","15","43.53"
"ПЛОВДИВ","СЪЕДИНЕНИЕ","ГР.СЪЕДИНЕНИЕ","Средно училище ""Недялка Шилева""","1600035","57","76.62","57","54.41"
"ПЛОВДИВ","ХИСАРЯ","ГР.ХИСАРЯ","Основно училище ""Васил Левски""","1603704","9","80.89","9","63"
"ПЛОВДИВ","ХИСАРЯ","ГР.ХИСАРЯ","Основно училище "" Климент Охридски""","1603705","16","76.13","16","61"
"ПЛОВДИВ","ХИСАРЯ","ГР.ХИСАРЯ","Средно училище ""Христо Смирненски""","1603708","32","85.95","32","65.95"
"ПЛОВДИВ","ХИСАРЯ","С.КРАСНОВО","Обединено училище "" Христо Ботев ""","1603706","15","25.4","14","21.5"
"ПЛОВДИВ","ХИСАРЯ","С.ПАНИЧЕРИ","Основно училище "" Христо Ботев ""","1603703","3","21","3","18"
"РАЗГРАД","ЗАВЕТ","ГР.ЗАВЕТ","Средно училище ""Свети Свети Кирил и Методий""","1701101","37","56.01","37","43.82"
"РАЗГРАД","ЗАВЕТ","С.БРЕСТОВЕНЕ","Основно училище ""Христо Ботев""","1701104","21","58.17","21","47.62"
"РАЗГРАД","ЗАВЕТ","С.ВЕСЕЛЕЦ","Основно училище ""Христо Ботев""","1701106","7","73.71","7","65.14"
"РАЗГРАД","ЗАВЕТ","С.ОСТРОВО","ОУ ""Христо Ботев""","1701105","5","49","5","46.6"
"РАЗГРАД","ЗАВЕТ","С.СУШЕВО","Основно училише ""Васил Левски""","1701108","1","21","1","45"
"РАЗГРАД","ИСПЕРИХ","ГР.ИСПЕРИХ","Основно училище ""Васил Априлов""","1701402","78","56.41","78","47.06"
"РАЗГРАД","ИСПЕРИХ","ГР.ИСПЕРИХ","ОСНОВНО УЧИЛИЩЕ ""ХРИСТО БОТЕВ"",ГРАД ИСПЕРИХ","1701403","40","55.38","40","46.93"
"РАЗГРАД","ИСПЕРИХ","С.ВАЗОВО","Основно училище ""Никола Йонков Вапцаров""","1701408","4","61","4","54.38"
"РАЗГРАД","ИСПЕРИХ","С.КИТАНЧЕВО","Основно училище ""Христо Ботев""","1701411","12","35.42","12","37.13"
"РАЗГРАД","ИСПЕРИХ","С.ЛУДОГОРЦИ","Основно училище ""Христо Ботев""","1701412","8","49.88","9","41.56"
"РАЗГРАД","ИСПЕРИХ","С.ПОДАЙВА","Основно училище ""Отец Паисий""","1701413","16","49.69","16","53.22"
"РАЗГРАД","КУБРАТ","ГР.КУБРАТ","Средно училище ""Христо Ботев""","1701601","54","68.85","54","46.39"
"РАЗГРАД","КУБРАТ","ГР.КУБРАТ","Основно училище ""Христо Смирненски""","1701604","11","27.82","10","28.5"
"РАЗГРАД","КУБРАТ","С.БЕЛОВЕЦ","Основно училище ""Васил Левски""","1701606","9","34.44","9","25.44"
"РАЗГРАД","КУБРАТ","С.СЕВАР","Основно училище ""Никола Йонков Вапцаров""","1701607","12","45.25","11","42.68"
"РАЗГРАД","КУБРАТ","С.СЕСЛАВ","Основно училище ""Свети Свети Кирил и Методий""","1701612","1","0","1","6"
"РАЗГРАД","КУБРАТ","С.ЮПЕР","Основно училище ""Свети Климент""","1701608","9","61.28","8","42.38"
"РАЗГРАД","ЛОЗНИЦА","ГР.ЛОЗНИЦА","Начално училище""Васил Левски""","1701711","22","71.7","22","51.59"
"РАЗГРАД","ЛОЗНИЦА","С.ГОРОЦВЕТ","Основно училище ""Христо Ботев""","1701709","16","35.56","16","29.84"
"РАЗГРАД","ЛОЗНИЦА","С.СЕЙДОЛ","Основно училище Виделина","1701703","12","56.54","12","44.13"
"РАЗГРАД","РАЗГРАД","ГР.РАЗГРАД","Основно училище Никола Йонков Вапцаров","1702611","66","72.38","66","53.95"
"РАЗГРАД","РАЗГРАД","ГР.РАЗГРАД","Средно училище ""Христо Ботев""","1702612","15","73.07","14","51.14"
"РАЗГРАД","РАЗГРАД","ГР.РАЗГРАД","Основно училище ""Васил Левски""","1702613","92","86.66","92","70.41"
"РАЗГРАД","РАЗГРАД","ГР.РАЗГРАД","Основно училище ""Никола Икономов""","1702614","90","81.5","89","65.6"
"РАЗГРАД","РАЗГРАД","ГР.РАЗГРАД","Основно училище ""Иван Сергеевич Тургенев""","1702615","42","79.76","42","65.61"
"РАЗГРАД","РАЗГРАД","ГР.РАЗГРАД","Основно училище""Отец Паисий""","1702616","18","58.83","18","40.39"
"РАЗГРАД","РАЗГРАД","С.ДЯНКОВО","Основно училище ""Отец Паисий""","1702621","9","54.22","9","43.61"
"РАЗГРАД","РАЗГРАД","С.ОСЕНЕЦ","Основно училище ""Д-р Петър Берон""","1702618","4","50","4","55.5"
"РАЗГРАД","РАЗГРАД","С.РАКОВСКИ","Основно училище ""Георги Сава Раковски""","1702620","11","59.18","11","57.86"
"РАЗГРАД","РАЗГРАД","С.СТРАЖЕЦ","Основно училище ""Елин Пелин""","1702625","8","54.94","8","51.25"
"РАЗГРАД","РАЗГРАД","С.ЯСЕНОВЕЦ","Основно училище ""Свети Свети Кирил и Методий""","1702622","18","50.97","18","45.53"
"РАЗГРАД","САМУИЛ","С.ВЛАДИМИРОВЦИ","Основно училище ""Христо Ботев""","1702903","12","73.96","12","85.63"
"РАЗГРАД","САМУИЛ","С.САМУИЛ","Средно училище ""Свети Свети Кирил и Методий""","1702901","17","72.53","17","56.26"
"РАЗГРАД","САМУИЛ","С.ХЪРСОВО","Основно училище ""Свети Паисий Хилендарски""","1702902","7","55.5","7","45.07"
"РАЗГРАД","ЦАР КАЛОЯН","ГР.ЦАР КАЛОЯН","Средно училище ""Христо Ботев""","1703601","13","84.81","13","67.04"
"РАЗГРАД","ЦАР КАЛОЯН","С.ЕЗЕРЧЕ","Основно училище ""Свети Паисий Хилендарски""","1703602","13","74.08","13","55.69"
"РУСЕ","БОРОВО","ГР.БОРОВО","Основно училище ""Свети Климент Охридски""","1801001","4","65.63","4","62.38"
"РУСЕ","БОРОВО","С.ОБРЕТЕНИК","Основно училище ""Петко Рачев Славейков""","1801004","18","53.56","18","44.89"
"РУСЕ","БЯЛА","ГР.БЯЛА","Начално училище ""Свети Свети Кирил и Методий""","1802001","18","69.86","18","54.92"
"РУСЕ","БЯЛА","ГР.БЯЛА","Начално училище ""Петко Рачев Славейков""","1802002","25","77.88","25","69.5"
"РУСЕ","БЯЛА","С.КОПРИВЕЦ","Основно училище ""Неофит Рилски""","1802008","11","38.64","12","32.04"
"РУСЕ","БЯЛА","С.ПОЛСКО КОСОВО","Основно училище ""Свети свети Кирил и Методий""","1802009","6","41.25","6","32.5"
"РУСЕ","ВЕТОВО","ГР.ВЕТОВО","Средно училище ""Васил Левски"" с професионални паралелки","1803001","19","52.5","19","25.21"
"РУСЕ","ВЕТОВО","ГР.ГЛОДЖЕВО","Средно училище ""Христо Ботев""","1803005","21","75.43","21","68.81"
"РУСЕ","ВЕТОВО","ГР.СЕНОВО","Основно училище ""Свети свети Кирил и Методий""","1803002","8","47.81","8","41.25"
"РУСЕ","ВЕТОВО","С.СМИРНЕНСКИ","Основно училище ""Петко Рачов Славейков""","1803008","8","56.13","8","49.56"
"РУСЕ","ДВЕ МОГИЛИ","ГР.ДВЕ МОГИЛИ","Средно училище ""Св. св. Кирил и Методий""","1804007","31","67.68","31","53.19"
"РУСЕ","ДВЕ МОГИЛИ","С.БАНИСКА","Основно училище ""Христо Ботев""","1804004","5","49.8","5","52.4"
"РУСЕ","ИВАНОВО","С.ИВАНОВО","Основно училище "" Никола Йонков Вапцаров ""","1805001","4","58.13","4","26.5"
"РУСЕ","ИВАНОВО","С.ТРЪСТЕНИК","Основно училище""Васил Левски""","1805004","3","59.5","3","45.17"
"РУСЕ","ИВАНОВО","С.ЩРЪКЛЕВО","Основно училище ""Христо Ботев""","1805005","8","59.44","8","53.25"
"РУСЕ","РУСЕ","ГР.РУСЕ","Основно училище ""Отец Паисий""","1806101","95","86.02","95","70.45"
"РУСЕ","РУСЕ","ГР.РУСЕ","Основно училище ""Любен Каравелов""","1806102","53","91.96","54","77"
"РУСЕ","РУСЕ","ГР.РУСЕ","Основно училище ""Ангел Кънчев""","1806103","44","81.82","44","59.82"
"РУСЕ","РУСЕ","ГР.РУСЕ","Основно училище "" Братя Миладинови""","1806104","23","74.8","23","52.04"
"РУСЕ","РУСЕ","ГР.РУСЕ","Основно училище ""Иван Вазов""","1806106","73","88.3","73","72.95"
"РУСЕ","РУСЕ","ГР.РУСЕ","Основно училище ""Алеко Константинов""","1806108","17","70.85","17","75.97"
"РУСЕ","РУСЕ","ГР.РУСЕ","Основно училище ""Тома Кърджиев""","1806109","43","78.03","43","57.57"
"РУСЕ","РУСЕ","ГР.РУСЕ","Основно училище ""Никола Обретенов""","1806110","61","74.82","61","59.57"
"РУСЕ","РУСЕ","ГР.РУСЕ","Основно училище ""Васил Априлов""","1806111","43","80.41","42","64.17"
"РУСЕ","РУСЕ","ГР.РУСЕ","Основно училище ""Христо Смирненски""","1806112","15","75.53","15","55.3"
"РУСЕ","РУСЕ","ГР.РУСЕ","Средно училище за европейски езици ""Свети Константин-Кирил Философ""","1806203","90","88.86","90","69.56"
"РУСЕ","РУСЕ","ГР.РУСЕ","Средно училище с преподаване на немски език ""Фридрих Шилер""","1806204","77","86.24","77","68.25"
"РУСЕ","РУСЕ","ГР.РУСЕ","Основно училище ""Олимпи Панов""","1806205","44","74.43","44","61.53"
"РУСЕ","РУСЕ","ГР.РУСЕ","Средно училище ""Йордан Йовков""","1806206","49","80.81","49","59.56"
"РУСЕ","РУСЕ","ГР.РУСЕ","Средно училище ""Христо Ботев""","1806207","75","85.25","75","67.14"
"РУСЕ","РУСЕ","ГР.РУСЕ","Средно училище ""Възраждане""","1806208","70","84.09","70","70.35"
"РУСЕ","РУСЕ","ГР.РУСЕ","Средно училище ""Васил Левски""","1806209","124","84.77","124","68.15"
"РУСЕ","РУСЕ","ГР.РУСЕ","Първо частно средно училище ""Леонардо да Винчи"" ООД","1806213","6","85","6","71.83"
"РУСЕ","РУСЕ","ГР.РУСЕ","Частно Начално Училище ""Вяра Надежда Любов"" ООД","1806216","11","91","11","94.64"
"РУСЕ","РУСЕ","ГР.РУСЕ","НАЦИОНАЛНО УЧИЛИЩЕ ПО ИЗКУСТВАТА ""ПРОФ.ВЕСЕЛИН СТОЯНОВ""","2902105","38","84.63","37","65.7"
"РУСЕ","РУСЕ","С.МАРТЕН","Основно училище ""Отец Паисий""","1806115","32","78.97","32","62.75"
"РУСЕ","РУСЕ","С.НИКОЛОВО","Основно училище ""Свети свети Кирил и Методий""","1806114","6","71.33","6","49.5"
"РУСЕ","РУСЕ","С.НОВО СЕЛО","Основно училище ""Георги Стойков Раковски""","1806117","14","48.14","14","38.04"
"РУСЕ","РУСЕ","С.СЕМЕРДЖИЕВО","ОСНОВНО УЧИЛИЩЕ ""СВ. СВ. КИРИЛ И МЕТОДИЙ""","1806118","7","68.57","7","60"
"РУСЕ","РУСЕ","С.ТЕТОВО","Основно училище ""Отец Паисий""","1806120","12","61.96","12","47.79"
"РУСЕ","РУСЕ","С.ХОТАНЦА","Начално училище ""Васил Априлов""","1806121","5","71.3","5","57.9"
"РУСЕ","СЛИВО ПОЛЕ","ГР.СЛИВО ПОЛЕ","Средно училище ""Св.Паисий Хилендарски""","1807008","29","66.48","29","55.36"
"РУСЕ","СЛИВО ПОЛЕ","С.ГОЛЯМО ВРАНОВО","Основно училище ""Иван Вазов""","1807006","17","36.12","17","33.71"
"РУСЕ","СЛИВО ПОЛЕ","С.РЯХОВО","Основно училище ""Свети свети Кирил и Методий""","1807007","1","48.5","1","49.5"
"РУСЕ","ЦЕНОВО","С.ДОЛНА СТУДЕНА","Основно училище ""Свети Климент Охридски""","1808004","12","56.08","12","63.5"
"РУСЕ","ЦЕНОВО","С.КАРАМАНОВО","Основно училище ""Христо Ботев""","1808002","5","46.6","5","44.8"
"РУСЕ","ЦЕНОВО","С.ЦЕНОВО","Основно училище ""Христо Ботев""","1808001","13","46.69","13","38.27"
"СИЛИСТРА","АЛФАТАР","ГР.АЛФАТАР","Основно училище ""Христо Ботев""","1900101","10","58.7","8","53.19"
"СИЛИСТРА","ГЛАВИНИЦА","ГР.ГЛАВИНИЦА","Средно училище ""Васил Левски""","1900201","28","60.8","28","54.02"
"СИЛИСТРА","ГЛАВИНИЦА","С.ЗАФИРОВО","Обединено училище ""Иван Вазов""","1900202","14","46.25","14","50.11"
"СИЛИСТРА","ДУЛОВО","ГР.ДУЛОВО","Средно училище ""Васил Левски""","1900301","54","76.04","54","62.48"
"СИЛИСТРА","ДУЛОВО","ГР.ДУЛОВО","Основно училище ""Христо Смирненски""","1900314","52","63.94","51","55.37"
"СИЛИСТРА","ДУЛОВО","С.ОКОРШ","Средно училище ""Йордан Йовков""","1900302","13","49.12","13","48.81"
"СИЛИСТРА","ДУЛОВО","С.ПАИСИЕВО","Средно училище ""Христо Ботев""","1900303","17","44.76","17","45.47"
"СИЛИСТРА","ДУЛОВО","С.ПОРОЙНО","Начално училище Светлина","1900320","9","35.39","9","48.83"
"СИЛИСТРА","ДУЛОВО","С.ПРАВДА","Основно училище ""Св.Св.Кирил и Методий""","1900309","10","40.95","10","36.15"
"СИЛИСТРА","ДУЛОВО","С.СЕКУЛОВО","Основно училище ""Св.св.Кирил и Методий""","1900304","7","69.14","7","42.57"
"СИЛИСТРА","ДУЛОВО","С.ЧЕРНИК","Основно училище ""Свети свети Кирил и Методий""","1900311","15","70.07","18","51.44"
"СИЛИСТРА","ДУЛОВО","С.ЧЕРНОЛИК","Основно училище ""Д-р Петър Берон""","1900312","9","34.44","9","35.78"
"СИЛИСТРА","ДУЛОВО","С.ЯРЕБИЦА","Основно училище ""Васил Левски""","1900313","14","66.54","14","64.21"
"СИЛИСТРА","КАЙНАРДЖА","С.ГОЛЕШ","Основно училище ""Васил Априлов""","1900401","23","19.59","22","21.73"
"СИЛИСТРА","КАЙНАРДЖА","С.КАЙНАРДЖА","Основно училище ""Черноризец Храбър""","1900403","9","38","9","39.94"
"СИЛИСТРА","КАЙНАРДЖА","С.СРЕДИЩЕ","Основно училище ""Цанко Церковски""","1900404","12","45.83","12","38.71"
"СИЛИСТРА","СИЛИСТРА","ГР.СИЛИСТРА","Средно училище ""Никола Йонков Вапцаров""","1900502","62","77.33","60","62.91"
"СИЛИСТРА","СИЛИСТРА","ГР.СИЛИСТРА","Основно училище ""Отец Паисий""","1900511","65","84.05","64","69.09"
"СИЛИСТРА","СИЛИСТРА","ГР.СИЛИСТРА","Основно училище ""Св. Св. Кирил и Методий""","1900512","53","80.72","51","55.86"
"СИЛИСТРА","СИЛИСТРА","ГР.СИЛИСТРА","Основно училище ""Иван Вазов""","1900514","72","89.32","71","78.27"
"СИЛИСТРА","СИЛИСТРА","С.КАЛИПЕТРОВО","Основно училище ""Св. Св. Кирил и Методий""","1900518","7","64.64","7","40.5"
"СИЛИСТРА","СИЛИСТРА","С.ПРОФЕСОР ИШИРКОВО","Обединено училище ""Свети Климент Охридски""","1900517","17","45.59","17","47.12"
"СИЛИСТРА","СИТОВО","С.ДОБРОТИЦА","Основно училище ""Отец Паисий""","1900601","18","56.67","18","58.97"
"СИЛИСТРА","СИТОВО","С.ИСКРА","Основно училище ""Стефан Караджа""","1900602","18","61.81","18","61.14"
"СИЛИСТРА","СИТОВО","С.СИТОВО","Основно училище ""Георги Сава Раковски""","1900604","4","65.13","4","73.75"
"СИЛИСТРА","ТУТРАКАН","ГР.ТУТРАКАН","Средно училище ""Йордан Йовков""","1900701","19","83.55","19","69.84"
"СИЛИСТРА","ТУТРАКАН","ГР.ТУТРАКАН","Средно училище ""Христо Ботев""","1900702","32","83.3","32","67.63"
"СИЛИСТРА","ТУТРАКАН","С.НОВА ЧЕРНА","Основно училище ""Свети Свети Кирил и Методий""","1900714","6","71.42","6","56.92"
"СИЛИСТРА","ТУТРАКАН","С.ЦАР САМУИЛ","Основно училище ""Стефан Караджа""","1900706","3","64","3","54.5"
"СЛИВЕН","КОТЕЛ","ГР.КОТЕЛ","Средно училище ""Георги Стойков Раковски""","2000201","34","73.88","31","54.18"
"СЛИВЕН","КОТЕЛ","С.ГРАДЕЦ","Основно училище ""Капитан Петър Пармаков""","2000206","31","57.92","33","39.47"
"СЛИВЕН","КОТЕЛ","С.КИПИЛОВО","Основно училище ""Свети свети Кирил и Методий""","2000208","5","38.9","5","31"
"СЛИВЕН","КОТЕЛ","С.МОКРЕН","Основно училище ""Христо Ботев""","2000209","4","55","4","45.25"
"СЛИВЕН","КОТЕЛ","С.ПЪДАРЕВО","Основно училище ""Георги Стойков Раковски""","2000212","2","44","2","33"
"СЛИВЕН","КОТЕЛ","С.СТРЕЛЦИ","Основно училище ""Димитър Камбуров""","2000204","1","37","1","47"
"СЛИВЕН","КОТЕЛ","С.ТИЧА","ОУ ""Христо Ботев""","2000205","7","60.21","7","46.57"
"СЛИВЕН","КОТЕЛ","С.ФИЛАРЕТОВО","Основно училище ""Д-р Петър Берон""","2000213","2","88.75","2","91"
"СЛИВЕН","КОТЕЛ","С.ЯБЛАНОВО","Основно училище ""Никола Йонков Вапцаров""","2000214","12","58.63","12","45.67"
"СЛИВЕН","НОВА ЗАГОРА","ГР.НОВА ЗАГОРА","Начално училище ""Свети Паисий Хилендарски""","2000301","34","42.9","34","51.91"
"СЛИВЕН","НОВА ЗАГОРА","ГР.НОВА ЗАГОРА","Начално училище ""Любен Каравелов""","2000302","43","82.5","40","74.48"
"СЛИВЕН","НОВА ЗАГОРА","ГР.НОВА ЗАГОРА","Основно училище ""Христо Смирненски""","2000303","30","40.92","30","43.9"
"СЛИВЕН","НОВА ЗАГОРА","ГР.НОВА ЗАГОРА","Средно училище ""Иван Вазов""","2000304","13","37.04","13","42.42"
"СЛИВЕН","НОВА ЗАГОРА","ГР.НОВА ЗАГОРА","Средно училище ""Христо Ботев""","2000305","64","77.73","63","57.52"
"СЛИВЕН","НОВА ЗАГОРА","С.БАНЯ","Основно училище ""Злати Терзиев""","2000310","4","29","4","36.25"
"СЛИВЕН","НОВА ЗАГОРА","С.КАРАНОВО","Начално училище ""Д-р Петър Берон""","2000313","12","57.88","14","48.43"
"СЛИВЕН","НОВА ЗАГОРА","С.КОНЬОВО","Основно училище ""Свети свети Кирил и Методий""","2000314","7","46.36","8","40.25"
"СЛИВЕН","НОВА ЗАГОРА","С.КОРТЕН","Основно училище ""Петко Рачев Славейков""","2000315","4","35.13","4","38"
"СЛИВЕН","НОВА ЗАГОРА","С.ЛЮБЕНОВА МАХАЛА","Основно училище ""Иларион Макариополски""","2000316","2","39.5","2","45.5"
"СЛИВЕН","НОВА ЗАГОРА","С.СТОИЛ ВОЙВОДА","Основно училище"" Свети Паисий Хилендарски""","2000321","17","65.06","17","54.47"
"СЛИВЕН","НОВА ЗАГОРА","С.СЪДИЕВО","Основно училище ""Христо Ботев""","2000322","14","44.68","13","43.19"
"СЛИВЕН","СЛИВЕН","ГР.КЕРМЕН","Основно училище ""Христо Смирненски""","2000140","16","57.44","16","45.84"
"СЛИВЕН","СЛИВЕН","ГР.СЛИВЕН","Начално училище ""Васил Левски""","2000102","46","87.15","46","72.47"
"СЛИВЕН","СЛИВЕН","ГР.СЛИВЕН","Средно училище ""Хаджи Мина Пашов""","2000105","31","39.03","30","27.55"
"СЛИВЕН","СЛИВЕН","ГР.СЛИВЕН","Основно училище ""Христо Ботев""","2000106","67","80.51","67","58.57"
"СЛИВЕН","СЛИВЕН","ГР.СЛИВЕН","Основно училище ""Д-р Иван Селимински""","2000107","69","86.66","68","70.66"
"СЛИВЕН","СЛИВЕН","ГР.СЛИВЕН","Основно училище ""Димитър Петров""","2000108","69","84.7","67","57.25"
"СЛИВЕН","СЛИВЕН","ГР.СЛИВЕН","Средно училище "" Пейо Крачолов Яворов ""","2000109","63","75.59","63","57.53"
"СЛИВЕН","СЛИВЕН","ГР.СЛИВЕН","Основно училище ""Братя Миладинови""","2000110","111","23.29","112","29.18"
"СЛИВЕН","СЛИВЕН","ГР.СЛИВЕН","Основно училище ""Панайот Хитов""","2000111","13","59.96","12","44.58"
"СЛИВЕН","СЛИВЕН","ГР.СЛИВЕН","Основно училище ""Юрий Гагарин""","2000112","103","30.47","99","32.27"
"СЛИВЕН","СЛИВЕН","ГР.СЛИВЕН","Основно училище ""Свети свети Кирил и Методий""","2000113","15","75.93","15","54.63"
"СЛИВЕН","СЛИВЕН","ГР.СЛИВЕН","Средно училище ""Йордан Йовков""","2000114","19","80.55","19","67.24"
"СЛИВЕН","СЛИВЕН","ГР.СЛИВЕН","Средно училище ""Константин Константинов""","2000115","109","83.2","110","67.46"
"СЛИВЕН","СЛИВЕН","ГР.СЛИВЕН","Основно училище ""Елисавета Багряна""","2000116","105","81.98","105","65"
"СЛИВЕН","СЛИВЕН","С.БЛАТЕЦ","Основно училище ""Свети Климент Охридски""","2000132","31","47.76","29","54.03"
"СЛИВЕН","СЛИВЕН","С.БЯЛА","Основно училище ""Хаджи Димитър""","2000131","3","88.33","3","74"
"СЛИВЕН","СЛИВЕН","С.ГАВРАИЛОВО","Основно училище "" Найден Геров ""","2000136","19","45.29","19","47.74"
"СЛИВЕН","СЛИВЕН","С.ЖЕЛЮ ВОЙВОДА","Основно училище ""Д-р Петър Берон""","2000138","18","46.89","21","37.5"
"СЛИВЕН","СЛИВЕН","С.ЗЛАТИ ВОЙВОДА","Основно училище ""Братя Миладинови""","2000139","12","45.75","12","45.29"
"СЛИВЕН","СЛИВЕН","С.КАМЕН","Основно училище ""Свети Свети Кирил и Методий""","2000141","18","50.97","18","54.39"
"СЛИВЕН","СЛИВЕН","С.КРУШАРЕ","Обединено училище ""Черноризец Храбър""","2000142","15","57.7","16","45.03"
"СЛИВЕН","СЛИВЕН","С.САМУИЛОВО","Основно училище ""Христо Ботев""","2000147","26","44.67","24","49.73"
"СЛИВЕН","СЛИВЕН","С.СЕЛИМИНОВО","Основно училище ""Хаджи Димитър""","2000149","11","42.18","11","41.27"
"СЛИВЕН","СЛИВЕН","С.СОТИРЯ","Основно училище ""Свети Паисий Хилендарски""","2000146","31","30.84","31","24.52"
"СЛИВЕН","СЛИВЕН","С.СТАРА РЕКА","Основно училище ""Васил Левски""","2000148","6","52.17","6","56.58"
"СЛИВЕН","СЛИВЕН","С.ТОПОЛЧАНЕ","Основно училище ""Свети Паисий Хилендарски""","2000150","61","48.89","62","33.93"
"СЛИВЕН","СЛИВЕН","С.ЧИНТУЛОВО","Начално училище ""Христо Ботев""","2000151","10","61.6","10","48.25"
"СЛИВЕН","ТВЪРДИЦА","ГР.ТВЪРДИЦА","Средно училище ""Неофит Рилски""","2000402","56","46.53","54","32.6"
"СЛИВЕН","ТВЪРДИЦА","ГР.ШИВАЧЕВО","Средно училище ""Георги Алексиев Каравелов""","2000408","38","61.09","36","49.17"
"СЛИВЕН","ТВЪРДИЦА","С.БЯЛА ПАЛАНКА","Основно училище ""Никола Йонков Вапцаров""","2000405","3","57.83","3","58.67"
"СЛИВЕН","ТВЪРДИЦА","С.ОРИЗАРИ","Начално училище ""Христо Ботев""","2000406","5","53","5","43.9"
"СЛИВЕН","ТВЪРДИЦА","С.СБОРИЩЕ","Основно училище ""Никола Прокопиев""","2000407","12","49.08","13","34.54"
"СМОЛЯН","БАНИТЕ","С.БАНИТЕ","Средно училище ""Христо Ботев""","2100201","8","80.44","8","70.19"
"СМОЛЯН","БАНИТЕ","С.ДАВИДКОВО","Основно училище ""Св.Св. Кирил и Методий""","2100203","3","81.67","3","59"
"СМОЛЯН","БОРИНО","С.БОРИНО","Средно училище ""Никола Йонков Вапцаров""","2100301","7","80.93","7","76.64"
"СМОЛЯН","БОРИНО","С.ЯГОДИНА","Основно училище ""Отец Паисий""","2100303","1","92","1","88"
"СМОЛЯН","ДЕВИН","ГР.ДЕВИН","Средно училище ""Христо Ботев""","2100401","31","87.56","31","75.42"
"СМОЛЯН","ДЕВИН","ГР.ДЕВИН","Основно училище ""Св.Св.Кирил и Методий""","2100409","3","89.83","3","74.17"
"СМОЛЯН","ДЕВИН","С.ГЬОВРЕН","Основно училище ""Пейо Крачолов Яворов""","2100406","9","81.33","9","49.67"
"СМОЛЯН","ДЕВИН","С.ТРИГРАД","Основно училище ""Иван Вазов""","2100413","1","81.5","1","60"
"СМОЛЯН","ДОСПАТ","ГР.ДОСПАТ","Средно училище ""Димитър Благоев""","2101001","8","89.75","8","71.25"
"СМОЛЯН","ДОСПАТ","С.БАРУТИН","Основно училище ""Никола Йонков Вапцаров""","2101005","6","79.83","6","69.08"
"СМОЛЯН","ДОСПАТ","С.БРЪЩЕН","Основно училище "" Яне Сандански ""","2101009","9","77.61","9","62.44"
"СМОЛЯН","ДОСПАТ","С.ЗМЕИЦА","Основно училище ""Васил Левски""","2101003","4","78","4","58.63"
"СМОЛЯН","ДОСПАТ","С.КЪСАК","Основно училище ""Христо Ботев""","2101004","7","91.21","7","93.64"
"СМОЛЯН","ДОСПАТ","С.ЛЮБЧА","Основно училище ""Христо Ботев""","2101007","6","73.08","6","67.25"
"СМОЛЯН","ДОСПАТ","С.ЦРЪНЧА","Основно училище "" Никола Йонков Вапцаров""","2101008","3","69.83","3","62.67"
"СМОЛЯН","ДОСПАТ","С.ЧАВДАР","Основно училище ""Васил Левски""","2101006","1","81.5","1","72.5"
"СМОЛЯН","ЗЛАТОГРАД","ГР.ЗЛАТОГРАД","Основно училище ""Васил Левски""","2100606","38","87.08","38","65.47"
"СМОЛЯН","ЗЛАТОГРАД","С.ДОЛЕН","ОСНОВНО УЧИЛИЩЕ ""Свети Свети Кирил и Методий""","2100605","7","82.14","7","81.29"
"СМОЛЯН","ЗЛАТОГРАД","С.ЕРМА РЕКА","Основно училище ""Васил Левски""","2100607","2","89","2","60.75"
"СМОЛЯН","ЗЛАТОГРАД","С.СТАРЦЕВО","Средно училище ""Свети княз Борис I""","2100602","16","86.13","16","67.06"
"СМОЛЯН","МАДАН","ГР.МАДАН","Средно училище ""Отец Паисий""","2100701","56","83.54","56","64.29"
"СМОЛЯН","МАДАН","ГР.МАДАН","Основно училище ""Никола Йонков Вапцаров""","2100704","7","66","7","43.29"
"СМОЛЯН","МАДАН","С.БОРОВИНА","Основно училище ""ВАСИЛ ЛЕВСКИ""","2100706","1","79","1","51"
"СМОЛЯН","МАДАН","С.БУКОВА ПОЛЯНА","Основно училище ""Христо Ботев""","2100708","1","81.5","1","67"
"СМОЛЯН","МАДАН","С.ВЪРБИНА","Средно училище ""Св. Св. Кирил и Методий""","2103341","3","87.33","3","79.83"
"СМОЛЯН","МАДАН","С.СРЕДНОГОРЦИ","ОСНОВНО УЧИЛИЩЕ ""ПЕТКО РАЧОВ СЛАВЕЙКОВ""","2100709","3","87","3","67.67"
"СМОЛЯН","НЕДЕЛИНО","ГР.НЕДЕЛИНО","Средно училище "" Свети Свети Кирил и Методий""","2100501","19","87.87","19","65.45"
"СМОЛЯН","РУДОЗЕМ","ГР.РУДОЗЕМ","Средно училище Свети свети Кирил и Методий","2100801","35","84.77","35","66.36"
"СМОЛЯН","РУДОЗЕМ","С.ЕЛХОВЕЦ","Основно училище ""Христо Ботев""","2100804","7","85.79","7","84.5"
"СМОЛЯН","РУДОЗЕМ","С.ЧЕПИНЦИ","Средно училище ""Христо Ботев""","2100802","23","85.33","22","73.75"
"СМОЛЯН","СМОЛЯН","ГР.СМОЛЯН","Средно училище ""Св. Св. Кирил и Методий""","2100103","21","76.45","21","66.45"
"СМОЛЯН","СМОЛЯН","ГР.СМОЛЯН","ОСНОВНО УЧИЛИЩЕ ""Юрий Гагарин""","2100104","12","83","12","62.29"
"СМОЛЯН","СМОЛЯН","ГР.СМОЛЯН","Средно училище ""Отец Паисий""","2100105","32","90.84","31","76.58"
"СМОЛЯН","СМОЛЯН","ГР.СМОЛЯН","Основно училище ""Професор доктор Асен Златаров""","2100107","45","87.51","45","73.12"
"СМОЛЯН","СМОЛЯН","ГР.СМОЛЯН","Основно училище ""Стою Шишков""","2100109","15","77.37","15","54.03"
"СМОЛЯН","СМОЛЯН","ГР.СМОЛЯН","ОСНОВНО УЧИЛИЩЕ ""ИВАН ВАЗОВ""","2100110","65","86.74","65","69.69"
"СМОЛЯН","СМОЛЯН","С.АРДА","Основно училище ""Св. Св. Кирил и Методий""","2100119","2","87.25","2","75.25"
"СМОЛЯН","СМОЛЯН","С.МОМЧИЛОВЦИ","Основно училище ""Св. Св. Кирил и Методий""","2100122","4","81.88","4","68.38"
"СМОЛЯН","СМОЛЯН","С.СМИЛЯН","ОСНОВНО УЧИЛИЩЕ ""СВ. СВ. КИРИЛ И МЕТОДИЙ""","2100124","22","85.32","22","62.39"
"СМОЛЯН","СМОЛЯН","С.ТЪРЪН","Основно училище ""Стою Шишков""","2100125","3","78.83","3","66.83"
"СМОЛЯН","СМОЛЯН","С.ШИРОКА ЛЪКА","Основно училище ""Никола Йонков Вапцаров""","2100128","2","87.5","2","71.5"
"СМОЛЯН","ЧЕПЕЛАРЕ","ГР.ЧЕПЕЛАРЕ","Средно Училище ""Васил Дечев""","2100901","30","75.97","30","56.38"
"СМОЛЯН","ЧЕПЕЛАРЕ","С.ПАВЕЛСКО","Основно училище ""Цар Симеон ""","2100907","4","61.75","4","50"
"СОФИЯ-ГРАД","СТОЛИЧНА","ГР.БАНКЯ","Частно средно училище Дени Дидро","2200034","27","92.98","26","90.94"
"СОФИЯ-ГРАД","СТОЛИЧНА","ГР.БАНКЯ","78. Средно училище ""Христо Смирненски""","2201078","91","82.26","88","65.66"
"СОФИЯ-ГРАД","СТОЛИЧНА","ГР.БУХОВО","117. СУ","2210117","23","69.98","23","49.28"
"СОФИЯ-ГРАД","СТОЛИЧНА","ГР.НОВИ ИСКЪР","170 Средно училище ""Васил Левски""","2215170","69","84.83","69","67.33"
"СОФИЯ-ГРАД","СТОЛИЧНА","ГР.НОВИ ИСКЪР","171 ОСНОВНО УЧИЛИЩЕ ""СТОИЛ ПОПОВ""","2215171","44","89.3","44","76.91"
"СОФИЯ-ГРАД","СТОЛИЧНА","ГР.НОВИ ИСКЪР","172 Обединено училище ""Христо Ботев""","2215172","6","54.92","6","48.67"
"СОФИЯ-ГРАД","СТОЛИЧНА","ГР.СОФИЯ","Частно начално училище ""Светилник""","2200014","4","57.13","4","53.5"
"СОФИЯ-ГРАД","СТОЛИЧНА","ГР.СОФИЯ","ЧСУ ""Роналд Лаудер""","2200021","25","82.32","25","66.9"
"СОФИЯ-ГРАД","СТОЛИЧНА","ГР.СОФИЯ","Частно основно училище ""Милеа""","2200022","8","25.94","7","51.07"
"СОФИЯ-ГРАД","СТОЛИЧНА","ГР.СОФИЯ","Частно средно училище ""Наука за деца""","2200024","30","95.93","30","97.13"
"СОФИЯ-ГРАД","СТОЛИЧНА","ГР.СОФИЯ","Частно Основно Училище ""Канадско Мече""","2200031","32","89.53","32","82.06"
"СОФИЯ-ГРАД","СТОЛИЧНА","ГР.СОФИЯ","Частно основно училище Прогресивно образование 3 - София","2200037","11","87.64","11","72.64"
"СОФИЯ-ГРАД","СТОЛИЧНА","ГР.СОФИЯ","ЧАСТНО ОСНОВНО УЧИЛИЩЕ ФЮЖЪН","2200045","20","82.38","18","68.03"
"СОФИЯ-ГРАД","СТОЛИЧНА","ГР.СОФИЯ","2 Средно училище ""Академик Емилиян Станев ""","2202002","133","89.5","130","75.88"
"СОФИЯ-ГРАД","СТОЛИЧНА","ГР.СОФИЯ","5 Основно училище ""Иван Вазов""","2202005","101","90.07","100","76.52"
"СОФИЯ-ГРАД","СТОЛИЧНА","ГР.СОФИЯ","26 Средно училище ""Йордан Йовков""","2202026","68","81.69","68","65.26"
"СОФИЯ-ГРАД","СТОЛИЧНА","ГР.СОФИЯ","50. ОСНОВНО УЧИЛИЩЕ ""ВАСИЛ ЛЕВСКИ""","2202050","86","89.33","85","77.95"
"СОФИЯ-ГРАД","СТОЛИЧНА","ГР.СОФИЯ","52. основно училище ""Цанко Церковски""","2202052","72","84.79","72","71.75"
"СОФИЯ-ГРАД","СТОЛИЧНА","ГР.СОФИЯ","64 основно училище "" Цар Симеон Велики ""","2202064","50","87.4","47","74.63"
"СОФИЯ-ГРАД","СТОЛИЧНА","ГР.СОФИЯ","ЧСУ ""Рьорих"" с ранно чуждоезиково обучение и разширено изучаване на музика и изобразително изкуство","2202535","7","85.43","7","70.64"
"СОФИЯ-ГРАД","СТОЛИЧНА","ГР.СОФИЯ","Частно средно езиково училище ""Британика""","2202536","44","94.89","44","86.66"
"СОФИЯ-ГРАД","СТОЛИЧНА","ГР.СОФИЯ","Частно основно училище ""Света София"" ЕООД","2202537","80","96.64","81","93.19"
"СОФИЯ-ГРАД","СТОЛИЧНА","ГР.СОФИЯ","Частно средно училище ""Свети Георги""","2202574","48","82.52","48","75.98"
"СОФИЯ-ГРАД","СТОЛИЧНА","ГР.СОФИЯ","Специално училище за ученици с увреден слух ""Проф. д-р Дечо Денев""","2202612","12","51.88","12","52"
"СОФИЯ-ГРАД","СТОЛИЧНА","ГР.СОФИЯ","Частно средно училище ""Професор Николай Райнов""","2202620","18","76.78","17","67.65"
"СОФИЯ-ГРАД","СТОЛИЧНА","ГР.СОФИЯ","Частно средно училище Евлоги и Христо Георгиеви ЕООД","2202704","35","87.79","35","70.99"
"СОФИЯ-ГРАД","СТОЛИЧНА","ГР.СОФИЯ","Частно средно Монтесори училище ""Откривател""","2202705","9","86.61","9","70.67"
"СОФИЯ-ГРАД","СТОЛИЧНА","ГР.СОФИЯ","61-во основно училище ""Свети Свети Кирил и Методий""","2203061","81","88.84","80","76.42"
"СОФИЯ-ГРАД","СТОЛИЧНА","ГР.СОФИЯ","62. Основно училище ""Христо Ботев""","2203062","23","90.96","23","70.85"
"СОФИЯ-ГРАД","СТОЛИЧНА","ГР.СОФИЯ","70-о основно училище ""Свети Климент Охридски""","2203070","17","56.71","21","30.9"
"СОФИЯ-ГРАД","СТОЛИЧНА","ГР.СОФИЯ","74 СУ ""ГОЦЕ ДЕЛЧЕВ""","2203074","56","82.03","55","60.1"
"СОФИЯ-ГРАД","СТОЛИЧНА","ГР.СОФИЯ","140. СРЕДНО УЧИЛИЩЕ ""ИВАН БОГОРОВ""","2203140","71","77.98","69","59.06"
"СОФИЯ-ГРАД","СТОЛИЧНА","ГР.СОФИЯ","Частно средно училище ""Дружба"" - София","2203720","21","88.95","22","70.48"
"СОФИЯ-ГРАД","СТОЛИЧНА","ГР.СОФИЯ","18 Средно училище ""Уилям Гладстон""","2204018","164","88.55","163","74.18"
"СОФИЯ-ГРАД","СТОЛИЧНА","ГР.СОФИЯ","30 СРЕДНО УЧИЛИЩЕ ""БРАТЯ МИЛАДИНОВИ""","2204030","87","87.25","87","70.49"
"СОФИЯ-ГРАД","СТОЛИЧНА","ГР.СОФИЯ","32. СРЕДНО УЧИЛИЩЕ С ИЗУЧАВАНЕ НА ЧУЖДИ ЕЗИЦИ ""СВЕТИ КЛИМЕНТ ОХРИДСКИ""","2204032","140","91.79","140","78.36"
"СОФИЯ-ГРАД","СТОЛИЧНА","ГР.СОФИЯ","46 Основно училище ""Константин Фотинов"" с разширено изучаване на хореография","2204046","15","84.93","15","63.73"
"СОФИЯ-ГРАД","СТОЛИЧНА","ГР.СОФИЯ","67 ОСНОВНО УЧИЛИЩЕ ""ВАСИЛ ДРУМЕВ""","2204067","35","35.99","34","26.29"
"СОФИЯ-ГРАД","СТОЛИЧНА","ГР.СОФИЯ","76. Основно училище ""Уилям Сароян""","2204076","12","72.79","11","62.45"
"СОФИЯ-ГРАД","СТОЛИЧНА","ГР.СОФИЯ","134. средно училище ""Димчо Дебелянов""","2204134","73","90.35","73","77.82"
"СОФИЯ-ГРАД","СТОЛИЧНА","ГР.СОФИЯ","136 ОСНОВНО УЧИЛИЩЕ ""ЛЮБЕН КАРАВЕЛОВ""","2204136","25","42","25","34.2"
"СОФИЯ-ГРАД","СТОЛИЧНА","ГР.СОФИЯ","Частно средно училище с немски език ""Веда""","2204549","16","92.66","15","92.57"
"СОФИЯ-ГРАД","СТОЛИЧНА","ГР.СОФИЯ","ЧАСТНО ОСНОВНО УЧИЛИЩЕ ""СВЕТЛИНА""","2204595","25","86.36","25","81.12"
"СОФИЯ-ГРАД","СТОЛИЧНА","ГР.СОФИЯ","11 ОУ Св. Пимен Зографски","2205011","66","81.51","66","69.08"
"СОФИЯ-ГРАД","СТОЛИЧНА","ГР.СОФИЯ","105. СРЕДНО УЧИЛИЩЕ ""АТАНАС ДАЛЧЕВ""","2205105","147","85.46","147","73.88"
"СОФИЯ-ГРАД","СТОЛИЧНА","ГР.СОФИЯ","119 Средно училище ""Академик Михаил Арнаудов""","2205119","130","89.24","129","77.91"
"СОФИЯ-ГРАД","СТОЛИЧНА","ГР.СОФИЯ","Частно основно училище "" Св. Климент Охридски ""","2205521","21","94.67","21","87.31"
"СОФИЯ-ГРАД","СТОЛИЧНА","ГР.СОФИЯ","3. СУ ""Марин Дринов""","2206003","22","79.41","21","67.76"
"СОФИЯ-ГРАД","СТОЛИЧНА","ГР.СОФИЯ","43. Основно училище ""Христо Смирненски""","2206043","115","86.78","115","75.81"
"СОФИЯ-ГРАД","СТОЛИЧНА","ГР.СОФИЯ","45 основно училище ""Константин Величков""","2206045","93","81.87","93","64.81"
"СОФИЯ-ГРАД","СТОЛИЧНА","ГР.СОФИЯ","113 СУ ""САВА ФИЛАРЕТОВ""","2206113","12","49.5","12","37.67"
"СОФИЯ-ГРАД","СТОЛИЧНА","ГР.СОФИЯ","4. Основно училище ""Проф. Джон Атанасов""","2207004","114","88.42","115","77.13"
"СОФИЯ-ГРАД","СТОЛИЧНА","ГР.СОФИЯ","68. Средно училище ""Академик Никола Обрешков""","2207068","58","82.22","58","70.03"
"СОФИЯ-ГРАД","СТОЛИЧНА","ГР.СОФИЯ","69 Средно училище ""Димитър Маринов""","2207069","23","68.7","21","37.81"
"СОФИЯ-ГРАД","СТОЛИЧНА","ГР.СОФИЯ","89 ОУ ""Д-р Христо Стамболски""","2207089","12","31.46","10","38.45"
"СОФИЯ-ГРАД","СТОЛИЧНА","ГР.СОФИЯ","108 Средно училище ""Никола Беловеждов""","2207108","97","80.28","90","69.13"
"СОФИЯ-ГРАД","СТОЛИЧНА","ГР.СОФИЯ","150-то ОСНОВНО УЧИЛИЩЕ ""ЦАР СИМЕОН ПЪРВИ""","2207150","61","81.53","60","68.13"
"СОФИЯ-ГРАД","СТОЛИЧНА","ГР.СОФИЯ","163 ОСНОВНО УЧИЛИЩЕ ""ЧЕРНОРИЗЕЦ ХРАБЪР""","2207163","95","91.52","94","80.16"
"СОФИЯ-ГРАД","СТОЛИЧНА","ГР.СОФИЯ","17 СУ ""Дамян Груев""","2208017","90","87.69","90","74.3"
"СОФИЯ-ГРАД","СТОЛИЧНА","ГР.СОФИЯ","28 Средно училище ""Алеко Константинов""","2208028","40","70.01","40","47.94"
"СОФИЯ-ГРАД","СТОЛИЧНА","ГР.СОФИЯ","75.Основно училище "" Тодор Каблешков ""","2208075","61","32.81","62","23.8"
"СОФИЯ-ГРАД","СТОЛИЧНА","ГР.СОФИЯ","92 Основно училище ""Димитър Талев""","2208092","68","85.23","68","70.29"
"СОФИЯ-ГРАД","СТОЛИЧНА","ГР.СОФИЯ","123 Средно училищe ""Стефан Стамболов""","2208123","50","65.89","47","43.14"
"СОФИЯ-ГРАД","СТОЛИЧНА","ГР.СОФИЯ","135 средно училище ""Ян Амос Коменски""","2208135","38","78.67","38","56.62"
"СОФИЯ-ГРАД","СТОЛИЧНА","ГР.СОФИЯ","147 Основно училище ""Йордан Радичков""","2208147","12","45.33","12","35.92"
"СОФИЯ-ГРАД","СТОЛИЧНА","ГР.СОФИЯ","19 СРЕДНО УЧИЛИЩЕ ""ЕЛИН ПЕЛИН""","2209019","97","88.4","97","75.74"
"СОФИЯ-ГРАД","СТОЛИЧНА","ГР.СОФИЯ","25 основно училище ""Д-р Петър Берон""","2209025","96","88.95","96","74.46"
"СОФИЯ-ГРАД","СТОЛИЧНА","ГР.СОФИЯ","34 ОСНОВНО УЧИЛИЩЕ ""СТОЮ ШИШКОВ""","2209034","127","86.93","127","72.73"
"СОФИЯ-ГРАД","СТОЛИЧНА","ГР.СОФИЯ","36 Средно училище ""Максим Горки""","2209036","101","85.11","101","70.35"
"СОФИЯ-ГРАД","СТОЛИЧНА","ГР.СОФИЯ","51 СРЕДНО УЧИЛИЩЕ ""ЕЛИСАВЕТА БАГРЯНА""","2209051","113","89.96","113","76.72"
"СОФИЯ-ГРАД","СТОЛИЧНА","ГР.СОФИЯ","132. Средно училище ""Ваня Войнова""","2209132","33","78.18","30","60.7"
"СОФИЯ-ГРАД","СТОЛИЧНА","ГР.СОФИЯ","142 ОСНОВНО УЧИЛИЩЕ ""ВЕСЕЛИН ХАНЧЕВ""","2209142","71","83.3","70","67.86"
"СОФИЯ-ГРАД","СТОЛИЧНА","ГР.СОФИЯ","Частно езиково средно училище ""Дорис Тенеди""","2209529","39","94.24","39","86.22"
"СОФИЯ-ГРАД","СТОЛИЧНА","ГР.СОФИЯ","85 Средно училище ""Отец Паисий""","2210085","17","83.32","18","71.17"
"СОФИЯ-ГРАД","СТОЛИЧНА","ГР.СОФИЯ","156-о обединено училище ""Васил Левски""","2210156","19","85.76","19","70.5"
"СОФИЯ-ГРАД","СТОЛИЧНА","ГР.СОФИЯ","159 основно училище ""Васил Левски""","2210159","25","86.6","25","67.9"
"СОФИЯ-ГРАД","СТОЛИЧНА","ГР.СОФИЯ","162 Средно училище ""Отец Паисий""","2210162","37","39.42","37","31.36"
"СОФИЯ-ГРАД","СТОЛИЧНА","ГР.СОФИЯ","21 СРЕДНО УЧИЛИЩЕ ""ХРИСТО БОТЕВ""","2211021","69","84.53","67","72.76"
"СОФИЯ-ГРАД","СТОЛИЧНА","ГР.СОФИЯ","35. СРЕДНО ЕЗИКОВО УЧИЛИЩЕ ""ДОБРИ ВОЙНИКОВ""","2211035","72","88.24","72","73.78"
"СОФИЯ-ГРАД","СТОЛИЧНА","ГР.СОФИЯ","107. основно училище ""Хан Крум""","2211107","95","90.78","94","80.31"
"СОФИЯ-ГРАД","СТОЛИЧНА","ГР.СОФИЯ","120 Основно училище ""Георги Сава Раковски""","2211120","92","88.98","92","73.78"
"СОФИЯ-ГРАД","СТОЛИЧНА","ГР.СОФИЯ","122 ОСНОВНО УЧИЛИЩЕ ""НИКОЛАЙ ЛИЛИЕВ"" Иновативно училище с роботика и приложно програмиране","2211122","83","88.66","83","74.64"
"СОФИЯ-ГРАД","СТОЛИЧНА","ГР.СОФИЯ","139 Основно училище ""Захарий Круша""","2211139","91","89.52","91","78.29"
"СОФИЯ-ГРАД","СТОЛИЧНА","ГР.СОФИЯ","Частно основно училище ""Д-р Петър Берон""","2211518","56","89.54","55","78.06"
"СОФИЯ-ГРАД","СТОЛИЧНА","ГР.СОФИЯ","Частно средно училище Българско школо ООД","2211564","56","88.93","56","78.52"
"СОФИЯ-ГРАД","СТОЛИЧНА","ГР.СОФИЯ","ЧАСТНО СРЕДНО ЕЗИКОВО УЧИЛИЩЕ ""НИКАТОР""","2211598","6","88.08","6","69.33"
"СОФИЯ-ГРАД","СТОЛИЧНА","ГР.СОФИЯ","27. Средно училище ""Акад. Георги Караславов""","2212027","24","87.6","24","68.35"
"СОФИЯ-ГРАД","СТОЛИЧНА","ГР.СОФИЯ","33 основно училище ""Санкт Петербург""","2212033","47","85.71","47","69.09"
"СОФИЯ-ГРАД","СТОЛИЧНА","ГР.СОФИЯ","37. Средно училище ""Райна Княгиня""","2212037","25","75.08","28","67.07"
"СОФИЯ-ГРАД","СТОЛИЧНА","ГР.СОФИЯ","40 Средно училище ""Луи Пастьор""","2212040","105","85.5","102","75.9"
"СОФИЯ-ГРАД","СТОЛИЧНА","ГР.СОФИЯ","56. Средно училище ""Професор Константин Иречек""","2212056","95","81.78","93","66.65"
"СОФИЯ-ГРАД","СТОЛИЧНА","ГР.СОФИЯ","77 Основно училище Св. Св. Кирил и Методий""","2212077","16","68.78","16","51.34"
"СОФИЯ-ГРАД","СТОЛИЧНА","ГР.СОФИЯ","79 средно училище ""Индира Ганди""","2212079","76","83.61","76","67.63"
"СОФИЯ-ГРАД","СТОЛИЧНА","ГР.СОФИЯ","90 Средно училище ""Генерал Хосе де Сан Мартин""","2212090","101","82.98","101","64.08"
"СОФИЯ-ГРАД","СТОЛИЧНА","ГР.СОФИЯ","96 Средно училище ""Лев Николаевич Толстой""","2212096","85","85.12","85","63.82"
"СОФИЯ-ГРАД","СТОЛИЧНА","ГР.СОФИЯ","97 Средно училище ""Братя Миладинови""","2212097","82","87.29","82","71.27"
"СОФИЯ-ГРАД","СТОЛИЧНА","ГР.СОФИЯ","103 Основно училище ""Васил Левски""","2212103","16","35.72","16","25.28"
"СОФИЯ-ГРАД","СТОЛИЧНА","ГР.СОФИЯ","137 средно училище ""Ангел Кънчев""","2212137","85","80.48","84","63.89"
"СОФИЯ-ГРАД","СТОЛИЧНА","ГР.СОФИЯ","Частно средно училище ""Петко Рачов Славейков""","2212553","15","90.33","15","79.9"
"СОФИЯ-ГРАД","СТОЛИЧНА","ГР.СОФИЯ","10 Средно училище "" Теодор Траянов ""","2213010","86","90.13","86","78.94"
"СОФИЯ-ГРАД","СТОЛИЧНА","ГР.СОФИЯ","39 Средно училище ""Петър Динеков""","2213039","63","87.26","60","71.51"
"СОФИЯ-ГРАД","СТОЛИЧНА","ГР.СОФИЯ","81. Средно училище ""Виктор Юго""","2213081","156","88.88","157","75.92"
"СОФИЯ-ГРАД","СТОЛИЧНА","ГР.СОФИЯ","82. основно училище ""Васил Евстатиев Априлов""","2213082","32","78.55","32","63.44"
"СОФИЯ-ГРАД","СТОЛИЧНА","ГР.СОФИЯ","118 Средно училище ""Академик Людмил Стоянов""","2213118","94","86.72","93","73.8"
"СОФИЯ-ГРАД","СТОЛИЧНА","ГР.СОФИЯ","125 СУ ""Боян Пенев"" с изучаване на чужди езици","2213125","147","90.53","147","82.73"
"СОФИЯ-ГРАД","СТОЛИЧНА","ГР.СОФИЯ","128 СРЕДНО УЧИЛИЩЕ ""АЛБЕРТ АЙНЩАЙН""","2213128","94","90.63","94","78.97"
"СОФИЯ-ГРАД","СТОЛИЧНА","ГР.СОФИЯ","131. СУ ""Климент Аркадиевич Тимирязев""","2213131","127","90.98","124","83.44"
"СОФИЯ-ГРАД","СТОЛИЧНА","ГР.СОФИЯ","144 Средно училище ""Народни будители""","2213144","115","83.08","113","62.57"
"СОФИЯ-ГРАД","СТОЛИЧНА","ГР.СОФИЯ","145 Основно училище "" Симеон Радев ""","2213145","134","91.25","134","84.54"
"СОФИЯ-ГРАД","СТОЛИЧНА","ГР.СОФИЯ","Частно основно училище с изучаване на английски език ""Меридиан 22""","2213502","19","87.05","19","85.68"
"СОФИЯ-ГРАД","СТОЛИЧНА","ГР.СОФИЯ","Частно средно училище с ранно чуждоезиково обучение ""ЕСПА""","2213506","26","91.65","26","85.6"
"СОФИЯ-ГРАД","СТОЛИЧНА","ГР.СОФИЯ","Частно основно училище Азбуки","2213721","49","90.17","49","78.27"
"СОФИЯ-ГРАД","СТОЛИЧНА","ГР.СОФИЯ","15 Средно училище "" Адам Мицкевич""","2214015","50","84.03","50","66.2"
"СОФИЯ-ГРАД","СТОЛИЧНА","ГР.СОФИЯ","16 . ОСНОВНО УЧИЛИЩЕ "" РАЙКО ЖИНЗИФОВ ""","2214016","52","82.83","52","64.08"
"СОФИЯ-ГРАД","СТОЛИЧНА","ГР.СОФИЯ","54. СРЕДНО УЧИЛИЩЕ ""Свети ИВАН РИЛСКИ""","2214054","118","88.03","118","76.26"
"СОФИЯ-ГРАД","СТОЛИЧНА","ГР.СОФИЯ","63 Основно училище ""Христо Ботев""","2214063","46","87.88","45","74.08"
"СОФИЯ-ГРАД","СТОЛИЧНА","ГР.СОФИЯ","98 Начално училище ""Св. св. Кирил и Методий""","2214098","40","83.93","39","71.24"
"СОФИЯ-ГРАД","СТОЛИЧНА","ГР.СОФИЯ","101. СРЕДНО УЧИЛИЩЕ ""БАЧО КИРО""","2214101","105","87.15","106","71"
"СОФИЯ-ГРАД","СТОЛИЧНА","ГР.СОФИЯ","102. oсновно училище"" Панайот Волов""","2214102","61","82.49","61","62.22"
"СОФИЯ-ГРАД","СТОЛИЧНА","ГР.СОФИЯ","141 Основно училище ""Народни будители""","2214141","13","64.42","13","42.5"
"СОФИЯ-ГРАД","СТОЛИЧНА","ГР.СОФИЯ","1 Средно училище ""Пенчо П. Славейков""","2216001","63","83.6","64","74.44"
"СОФИЯ-ГРАД","СТОЛИЧНА","ГР.СОФИЯ","112 ОСНОВНО УЧИЛИЩЕ ""СТОЯН ЗАИМОВ""","2216112","149","87.31","149","73.71"
"СОФИЯ-ГРАД","СТОЛИЧНА","ГР.СОФИЯ","129 Основно Училище ""Антим -І""","2216129","94","87.3","94","73.31"
"СОФИЯ-ГРАД","СТОЛИЧНА","ГР.СОФИЯ","Частно средно училище ""УВЕКИНД""","2216532","23","90.26","23","84.2"
"СОФИЯ-ГРАД","СТОЛИЧНА","ГР.СОФИЯ","53 ОСНОВНО УЧИЛИЩЕ ""НИКОЛАЙ ХРЕЛКОВ""","2217053","46","81.82","46","66.77"
"СОФИЯ-ГРАД","СТОЛИЧНА","ГР.СОФИЯ","66 Средно училище ""Филип Станиславов""","2217066","19","61.21","18","44.67"
"СОФИЯ-ГРАД","СТОЛИЧНА","ГР.СОФИЯ","72 Основно училище "" Христо Ботев ""","2217072","25","84.68","25","66.6"
"СОФИЯ-ГРАД","СТОЛИЧНА","ГР.СОФИЯ","88. Средно училище ""Димитър Попниколов""","2217088","128","85.58","128","69.27"
"СОФИЯ-ГРАД","СТОЛИЧНА","ГР.СОФИЯ","149 Средно училище ,,Иван Хаджийски""","2217149","85","84.04","85","68.82"
"СОФИЯ-ГРАД","СТОЛИЧНА","ГР.СОФИЯ","НАЦИОНАЛНО СРЕДНО УЧИЛИЩЕ ""СОФИЯ""","2217151","126","87.47","126","74.62"
"СОФИЯ-ГРАД","СТОЛИЧНА","ГР.СОФИЯ","ЧАСТНО ОСНОВНО УЧИЛИЩЕ ""ТОМАС ЕДИСЪН""","2217722","37","94.8","37","93.38"
"СОФИЯ-ГРАД","СТОЛИЧНА","ГР.СОФИЯ","83. Основно училище ""Елин Пелин""","2218083","25","90.3","25","71.16"
"СОФИЯ-ГРАД","СТОЛИЧНА","ГР.СОФИЯ","Частно основно училище ""Изгрев""","2218703","6","90","6","88"
"СОФИЯ-ГРАД","СТОЛИЧНА","ГР.СОФИЯ","24 Средно училище ""П.К.Яворов""","2219024","8","32","9","33.17"
"СОФИЯ-ГРАД","СТОЛИЧНА","ГР.СОФИЯ","42. Основно училище "" Хаджи Димитър""","2219042","102","80.8","101","65.75"
"СОФИЯ-ГРАД","СТОЛИЧНА","ГР.СОФИЯ","44. Средно училище ""Неофит Бозвели""","2219044","90","83.58","90","61.12"
"СОФИЯ-ГРАД","СТОЛИЧНА","ГР.СОФИЯ","49-то Основно училище ""Бенито Хуарес""","2219049","133","83.29","133","65.38"
"СОФИЯ-ГРАД","СТОЛИЧНА","ГР.СОФИЯ","95 СУ ""Проф. Иван Шишманов""","2219095","41","82.37","41","64.93"
"СОФИЯ-ГРАД","СТОЛИЧНА","ГР.СОФИЯ","106 Основно училище "" Григорий Цамблак ""","2219106","13","31.62","10","30.2"
"СОФИЯ-ГРАД","СТОЛИЧНА","ГР.СОФИЯ","124 ОСНОВНО УЧИЛИЩЕ ""ВАСИЛ ЛЕВСКИ""","2219124","4","45.25","7","55.86"
"СОФИЯ-ГРАД","СТОЛИЧНА","ГР.СОФИЯ","130. средно училище ""Стефан Караджа""","2219130","8","62.69","8","45.06"
"СОФИЯ-ГРАД","СТОЛИЧНА","ГР.СОФИЯ","143 основно училище ""Георги Бенковски""","2219143","95","90.46","95","82.28"
"СОФИЯ-ГРАД","СТОЛИЧНА","ГР.СОФИЯ","199 Основно Училище Свети Апостол Йоан Богослов","2219199","62","80.29","63","63.53"
"СОФИЯ-ГРАД","СТОЛИЧНА","ГР.СОФИЯ","14. средно училище ""Проф. д-р Асен Златаров""","2220014","37","87.08","38","71.07"
"СОФИЯ-ГРАД","СТОЛИЧНА","ГР.СОФИЯ","29. Средно училище ""Кузман Шапкарев""","2220029","13","82.85","13","66.88"
"СОФИЯ-ГРАД","СТОЛИЧНА","ГР.СОФИЯ","48 ОСНОВНО УЧИЛИЩЕ ""ЙОСИФ КОВАЧЕВ""","2220048","58","79.64","57","65.38"
"СОФИЯ-ГРАД","СТОЛИЧНА","ГР.СОФИЯ","58 Основно училище ""Сергей Румянцев""","2220058","43","76.86","44","58.55"
"СОФИЯ-ГРАД","СТОЛИЧНА","ГР.СОФИЯ","59 СРЕДНО УЧИЛИЩЕ ""ВАСИЛ ЛЕВСКИ""","2220059","26","40.5","27","34.06"
"СОФИЯ-ГРАД","СТОЛИЧНА","ГР.СОФИЯ","60 ОУ ""Св.св.Кирил и Методий""","2220060","47","85","47","64.39"
"СОФИЯ-ГРАД","СТОЛИЧНА","ГР.СОФИЯ","100 ОСНОВНО УЧИЛИЩЕ ""НАЙДЕН ГЕРОВ""","2220100","23","81.7","23","59.76"
"СОФИЯ-ГРАД","СТОЛИЧНА","ГР.СОФИЯ","23 Средно училище ""Фредерик Жолио-Кюри""","2221023","59","87.58","58","72.25"
"СОФИЯ-ГРАД","СТОЛИЧНА","ГР.СОФИЯ","31 Средно училище за чужди езици и математика ""Иван Вазов""","2221031","97","92.62","97","83.83"
"СОФИЯ-ГРАД","СТОЛИЧНА","ГР.СОФИЯ","93-то Средно училище ""Александър Теодоров - Балан""","2221093","68","85.15","67","69.49"
"СОФИЯ-ГРАД","СТОЛИЧНА","ГР.СОФИЯ","94 СРЕДНО УЧИЛИЩЕ ""Димитър Страшимиров""","2221094","60","50.91","59","39.28"
"СОФИЯ-ГРАД","СТОЛИЧНА","ГР.СОФИЯ","109 Основно училище ""Христо Смирненски""","2221109","95","88.55","95","77.16"
"СОФИЯ-ГРАД","СТОЛИЧНА","ГР.СОФИЯ","138. СРЕДНО УЧИЛИЩЕ ЗА ЗАПАДНИ И ИЗТОЧНИ ЕЗИЦИ ""ПРОФ. ВАСИЛ ЗЛАТАРСКИ""","2221138","93","87.97","93","76.58"
"СОФИЯ-ГРАД","СТОЛИЧНА","ГР.СОФИЯ","148 ОСНОВНО УЧИЛИЩЕ ""ПРОФЕСОР Д-Р ЛЮБОМИР МИЛЕТИЧ""","2221148","63","78.52","63","58.06"
"СОФИЯ-ГРАД","СТОЛИЧНА","ГР.СОФИЯ","ЧАСТНО ОСНОВНО УЧИЛИЩЕ ""ОБРАЗОВАТЕЛНИ ТЕХНОЛОГИИ""","2221501","46","90.57","46","78.98"
"СОФИЯ-ГРАД","СТОЛИЧНА","ГР.СОФИЯ","Частно основно училище ""Джани РоДари"" ЕООД","2221614","14","83.25","14","70.43"
"СОФИЯ-ГРАД","СТОЛИЧНА","ГР.СОФИЯ","Частно средно училище ""Питагор""","2221621","73","93.86","73","95.07"
"СОФИЯ-ГРАД","СТОЛИЧНА","ГР.СОФИЯ","6 ОУ ""Граф Игнатиев""","2222006","72","86.4","72","71.86"
"СОФИЯ-ГРАД","СТОЛИЧНА","ГР.СОФИЯ","7. СРЕДНО УЧИЛИЩЕ ""СВ. СЕДМОЧИСЛЕНИЦИ""","2222007","87","88.45","84","80.43"
"СОФИЯ-ГРАД","СТОЛИЧНА","ГР.СОФИЯ","12 Средно училище "" Цар Иван Асен II""","2222012","61","85.03","61","70.26"
"СОФИЯ-ГРАД","СТОЛИЧНА","ГР.СОФИЯ","38 основно училище""Васил Априлов""","2222038","93","86.23","92","73.65"
"СОФИЯ-ГРАД","СТОЛИЧНА","ГР.СОФИЯ","133 Средно училище „Александър Сергеевич Пушкин”","2222133","98","89.05","97","76.4"
"СОФИЯ-ГРАД","СТОЛИЧНА","ГР.СОФИЯ","8. Средно училище ""Васил Левски""","2223008","113","91.79","112","83.86"
"СОФИЯ-ГРАД","СТОЛИЧНА","ГР.СОФИЯ","55 СРЕДНО УЧИЛИЩЕ ""ПЕТКО КАРАВЕЛОВ""","2223055","179","91.54","178","82.76"
"СОФИЯ-ГРАД","СТОЛИЧНА","ГР.СОФИЯ","20. Oсновно училище ""Тодор Минков"" с ранно чуждоезиково обучение по френски и немски език","2224020","99","89.4","99","81.12"
"СОФИЯ-ГРАД","СТОЛИЧНА","ГР.СОФИЯ","22 Средно езиково училище ""Георги Стойков Раковски""","2224022","117","88.66","116","72.72"
"СОФИЯ-ГРАД","СТОЛИЧНА","ГР.СОФИЯ","41 основно училище ""Св. Патриарх Евтимий""","2224041","62","84.87","62","66.49"
"СОФИЯ-ГРАД","СТОЛИЧНА","ГР.СОФИЯ","47 Средно училище ""Христо Груев Данов""","2224047","29","80.67","29","69.91"
"СОФИЯ-ГРАД","СТОЛИЧНА","ГР.СОФИЯ","73.СУ с преподаване на чужди езици ""Владислав Граматик""","2224073","104","89.87","104","78.76"
"СОФИЯ-ГРАД","СТОЛИЧНА","ГР.СОФИЯ","104 основно училище ""Захари Стоянов""","2224104","106","90.78","107","75.61"
"СОФИЯ-ГРАД","СТОЛИЧНА","ГР.СОФИЯ","121 СРЕДНО УЧИЛИЩЕ ""ГЕОРГИ ИЗМИРЛИЕВ""","2224121","124","90.81","123","78.26"
"СОФИЯ-ГРАД","СТОЛИЧНА","ГР.СОФИЯ","126 ОСНОВНО УЧИЛИЩЕ ""Петко Юрданов Тодоров""","2224126","93","86.09","93","75.24"
"СОФИЯ-ГРАД","СТОЛИЧНА","ГР.СОФИЯ","ЧСУ по изкуства и чужди езици ""Артис""","2224544","5","77.3","5","54.8"
"СОФИЯ-ГРАД","СТОЛИЧНА","ГР.СОФИЯ","Частно основно училище ""Куест""","2224672","11","85.59","10","82.2"
"СОФИЯ-ГРАД","СТОЛИЧНА","ГР.СОФИЯ","Частно основно училище ""Прогресивно образование""","2224677","17","88.24","17","81.88"
"СОФИЯ-ГРАД","СТОЛИЧНА","ГР.СОФИЯ","Национално музикално училище ""Любомир Пипков""","2902101","62","89.23","61","68.99"
"СОФИЯ-ГРАД","СТОЛИЧНА","ГР.СОФИЯ","Национален учебен комплекс по култура с лицей за изучаване на италиански език и култура с участието на Република Италия","2902701","77","92.42","77","85.86"
"СОФИЯ-ГРАД","СТОЛИЧНА","ГР.СОФИЯ,КВ.ГОРНА БАНЯ","Частно основно училище ""Стремеж""","2217525","7","86.64","6","74.25"
"СОФИЯ-ГРАД","СТОЛИЧНА","С.БИСТРИЦА","192. СРЕДНО УЧИЛИЩЕ ""ХРИСТО БОТЕВ""","2218192","34","84.04","33","71.26"
"СОФИЯ-ГРАД","СТОЛИЧНА","С.БУСМАНЦИ","65 основно училище ""Св. Св. Кирил и Методий""","2207065","16","81.41","16","54.63"
"СОФИЯ-ГРАД","СТОЛИЧНА","С.ВЛАДАЯ","86 Основно училище ""Св. Климент Охридски""","2202086","23","81.43","23","70.85"
"СОФИЯ-ГРАД","СТОЛИЧНА","С.ВОЛУЯК","146 Основно училище ""Патриарх Евтимий""","2203146","21","83.69","20","66.5"
"СОФИЯ-ГРАД","СТОЛИЧНА","С.ГЕРМАН","84 ОСНОВНО УЧИЛИЩЕ ""ВАСИЛ ЛЕВСКИ""","2218084","38","84.86","38","70.45"
"СОФИЯ-ГРАД","СТОЛИЧНА","С.ГОРНИ БОГРОВ","115 Основно Училище ""Свети, свети Кирил и Методий""","2210115","14","75.07","14","60.79"
"СОФИЯ-ГРАД","СТОЛИЧНА","С.ДОБРОСЛАВЦИ","179 Основно училище ""Васил Левски""","2215179","9","81.06","9","63.72"
"СОФИЯ-ГРАД","СТОЛИЧНА","С.ДОЛНИ ПАСАРЕЛ","202 ОСНОВНО УЧИЛИЩЕ ""ХРИСТО БОТЕВ""","2218202","11","82.95","11","62.36"
"СОФИЯ-ГРАД","СТОЛИЧНА","С.ЖЕЛЕЗНИЦА","191 ОСНОВНО УЧИЛИЩЕ ""ОТЕЦ ПАИСИЙ""","2218191","15","87.3","15","68.5"
"СОФИЯ-ГРАД","СТОЛИЧНА","С.ИВАНЯНЕ","Частно основно училище ""Цар Симеон Велики""","2201515","31","88.76","31","75.06"
"СОФИЯ-ГРАД","СТОЛИЧНА","С.КАЗИЧЕНЕ","71 Средно училище ""Пейо Яворов""","2218071","42","73.93","41","56.65"
"СОФИЯ-ГРАД","СТОЛИЧНА","С.КРИВИНА","201 ОСНОВНО УЧИЛИЩЕ ""СВ.СВ. КИРИЛ И МЕТОДИЙ""","2218201","22","79.2","22","56.57"
"СОФИЯ-ГРАД","СТОЛИЧНА","С.ЛОЗЕН","Частно средно училище с чуждоезиков профил ""Абрахам Линкълн""","2213600","14","84.54","14","80.21"
"СОФИЯ-ГРАД","СТОЛИЧНА","С.ЛОЗЕН","200 Основно училище ""Отец Паисий""","2218200","17","80.15","17","59.26"
"СОФИЯ-ГРАД","СТОЛИЧНА","С.МРАМОР","175 основно училище ""Васил Левски""","2203175","16","76.84","16","58.47"
"СОФИЯ-ГРАД","СТОЛИЧНА","С.МЪРЧАЕВО","152 ОСНОВНО УЧИЛИЩЕ ""СВ.СВ. КИРИЛ И МЕТОДИЙ""","2202152","5","78.7","5","60.5"
"СОФИЯ-ГРАД","СТОЛИЧНА","С.НЕГОВАН","176 ОУ","2215176","22","80.84","21","68.26"
"СОФИЯ-ГРАД","СТОЛИЧНА","С.СВЕТОВРАЧЕНЕ","177 Основно училище "" Св.Св.Кирил и Методий""","2215177","8","63.31","8","62"
"СОФИЯ-ГРАД","СТОЛИЧНА","С.ЧЕПИНЦИ","160 Основно училище "" Кирил и Методий""","2215160","12","58.58","12","54"
"СОФИЯ-ГРАД","СТОЛИЧНА","С.ЯНА","116 Основно училище ""Паисий Хилендарски""","2210116","7","80.71","7","67.07"
"СОФИЯ-ГРАД","ЧУЖБИНА","Братислава","Българско средно училище ""Христо Ботев""","2900001","5","78","6","61.58"
"СОФИЯ-ГРАД","ЧУЖБИНА","Прага","Българско средно училище ""Д-р Петър Берон""","2900102","1","91","1","94"
"СОФИЯ-ОБЛАСТ","АНТОН","С.АНТОН","Основно училище ""Свети Свети Кирил и Методий""","2307255","4","41.63","6","46.08"
"СОФИЯ-ОБЛАСТ","БОЖУРИЩЕ","ГР.БОЖУРИЩЕ","Средно училище ""Летец Христо Топракчиев""","2308970","92","83.88","92","66.57"
"СОФИЯ-ОБЛАСТ","БОЖУРИЩЕ","С.ХЕРАКОВО","Основно училище ""Свети Свети Кирил и Методий""","2308988","5","38.6","5","42.2"
"СОФИЯ-ОБЛАСТ","БОТЕВГРАД","ГР.БОТЕВГРАД","Основно училище ""Свети Свети Кирил и Методий""","2301045","44","82.57","44","64.41"
"СОФИЯ-ОБЛАСТ","БОТЕВГРАД","ГР.БОТЕВГРАД","Основно училище ""Васил Левски""","2308753","21","61.07","21","44.52"
"СОФИЯ-ОБЛАСТ","БОТЕВГРАД","ГР.БОТЕВГРАД","Основно училище "" Никола Йонков Вапцаров""","2308760","109","87.22","109","69.36"
"СОФИЯ-ОБЛАСТ","БОТЕВГРАД","С.ВРАЧЕШ","Основно училище ""Отец Паисий""","2309015","22","66.02","22","49.27"
"СОФИЯ-ОБЛАСТ","БОТЕВГРАД","С.ЛИТАКОВО","Основно училище ""Васил Левски""","2308415","20","46.05","20","44.1"
"СОФИЯ-ОБЛАСТ","БОТЕВГРАД","С.НОВАЧЕНЕ","Основно училище ""Васил Левски""","2309766","5","52.7","5","32.8"
"СОФИЯ-ОБЛАСТ","БОТЕВГРАД","С.СКРАВЕНА","Основно училище ""Свети Свети Кирил и Методий""","2309022","8","66.63","10","62.67"
"СОФИЯ-ОБЛАСТ","БОТЕВГРАД","С.ТРУДОВЕЦ","Основно училище ""Любен Каравелов""","2300114","20","76.85","20","65.55"
"СОФИЯ-ОБЛАСТ","ГОДЕЧ","ГР.ГОДЕЧ","Средно училище ""Проф. д-р Асен Златаров""","2300163","24","79.9","24","55.79"
"СОФИЯ-ОБЛАСТ","ГОРНА МАЛИНА","С.АПРИЛОВО","Средно училище ""Свети Свети Кирил и Методий""","2309200","8","34.31","8","36.31"
"СОФИЯ-ОБЛАСТ","ГОРНА МАЛИНА","С.ГОРНА МАЛИНА","Средно училище ""Христо Ботев""","2309225","29","70.16","29","56.28"
"СОФИЯ-ОБЛАСТ","ГОРНА МАЛИНА","С.ОСОИЦА","ЧСУ ""Космос""","2300005","15","90.6","15","72.73"
"СОФИЯ-ОБЛАСТ","ДОЛНА БАНЯ","ГР.ДОЛНА БАНЯ","Средно училище ""Неофит Рилски""","2306213","51","55.43","51","53.82"
"СОФИЯ-ОБЛАСТ","ДРАГОМАН","ГР.ДРАГОМАН","Средно училище ""Христо Ботев""","2300214","19","82.42","18","69.42"
"СОФИЯ-ОБЛАСТ","ЕЛИН ПЕЛИН","ГР.ЕЛИН ПЕЛИН","Средно училище ""Васил Левски""","2300170","16","74.16","16","62.59"
"СОФИЯ-ОБЛАСТ","ЕЛИН ПЕЛИН","ГР.ЕЛИН ПЕЛИН","Начално училище ""Христо Ботев""","2307576","61","85.59","61","71.97"
"СОФИЯ-ОБЛАСТ","ЕЛИН ПЕЛИН","С.ГАБРА","Основно училище ""Отец Паисий""","2309080","5","84","5","64.4"
"СОФИЯ-ОБЛАСТ","ЕЛИН ПЕЛИН","С.ДОГАНОВО","Основно училище ""Свети Свети Кирил и Методий""","2309684","7","63.5","7","44.57"
"СОФИЯ-ОБЛАСТ","ЕЛИН ПЕЛИН","С.ЕЛИН ПЕЛИН (ГАРА ЕЛИН П","Начално училище ""Отец Паисий""","2306477","21","85.55","21","65.38"
"СОФИЯ-ОБЛАСТ","ЕЛИН ПЕЛИН","С.ЕЛИН ПЕЛИН (ГАРА ЕЛИН П","Основно училище ""Стефан Стефанов""","2308778","8","85.81","8","73.38"
"СОФИЯ-ОБЛАСТ","ЕЛИН ПЕЛИН","С.ЛЕСНОВО","Основно училище ""Христо Ботев""","2309691","5","74.9","5","53.7"
"СОФИЯ-ОБЛАСТ","ЕЛИН ПЕЛИН","С.МУСАЧЕВО","Основно училище ""Иван Вазов""","2309403","12","80.33","12","73.96"
"СОФИЯ-ОБЛАСТ","ЕЛИН ПЕЛИН","С.НОВИ ХАН","Основно училище ""Свети свети Кирил и Методий""","2309410","28","86.02","28","63.68"
"СОФИЯ-ОБЛАСТ","ЕЛИН ПЕЛИН","С.РАВНО ПОЛЕ","Основно училище ""Христо Ботев""","2309264","9","84.44","9","66.89"
"СОФИЯ-ОБЛАСТ","ЕТРОПОЛЕ","ГР.ЕТРОПОЛЕ","Средно училище ""Христо Ясенов""","2300195","78","81.12","78","65.29"
"СОФИЯ-ОБЛАСТ","ЕТРОПОЛЕ","ГР.ЕТРОПОЛЕ","Основно училище ""Христо Ботев""","2308785","7","67.36","7","62.07"
"СОФИЯ-ОБЛАСТ","ЕТРОПОЛЕ","С.ЛОПЯН","Основно училище ""Христо Ботев""","2303456","12","47.17","13","54.69"
"СОФИЯ-ОБЛАСТ","ЗЛАТИЦА","ГР.ЗЛАТИЦА","Средно училище ""Свети Паисий Хилендарски""","2308792","26","77.9","27","62.15"
"СОФИЯ-ОБЛАСТ","ИХТИМАН","ГР.ИХТИМАН","Средно училище ""Христо Ботев""","2300188","69","70.44","68","53.2"
"СОФИЯ-ОБЛАСТ","ИХТИМАН","ГР.ИХТИМАН","Основно Училище ""Димчо Дебелянов""","2304101","32","34.94","32","24.58"
"СОФИЯ-ОБЛАСТ","ИХТИМАН","ГР.ИХТИМАН","Основно училище ""Свети Свети Кирил и Методий""","2308810","65","32.55","65","30.32"
"СОФИЯ-ОБЛАСТ","ИХТИМАН","С.ВАКАРЕЛ","Средно училище ""Христо Смирненски""","2309054","5","56.4","5","54.7"
"СОФИЯ-ОБЛАСТ","КОПРИВЩИЦА","ГР.КОПРИВЩИЦА","Средно училище ""Любен Каравелов""","2306331","7","73.71","7","45.5"
"СОФИЯ-ОБЛАСТ","КОСТЕНЕЦ","ГР.КОСТЕНЕЦ","Средно училище ""Св. Климент Охридски""","2303490","23","78.35","23","58.78"
"СОФИЯ-ОБЛАСТ","КОСТЕНЕЦ","ГР.КОСТЕНЕЦ","Основно училище ""Св.св. Кирил и Методий""","2309531","30","86.97","30","71.53"
"СОФИЯ-ОБЛАСТ","КОСТЕНЕЦ","С.КОСТЕНЕЦ","Основно училище ""Константин Костенечки""","2304763","15","57.17","15","47.27"
"СОФИЯ-ОБЛАСТ","КОСТЕНЕЦ","С.МОМИН ПРОХОД","Основно училище "" Христо Смирненски""","2309532","8","82.31","8","58.63"
"СОФИЯ-ОБЛАСТ","КОСТИНБРОД","ГР.КОСТИНБРОД","Второ основно училище ""Васил Левски""","2300067","19","82.29","19","62.63"
"СОФИЯ-ОБЛАСТ","КОСТИНБРОД","ГР.КОСТИНБРОД","Първо основно училище ""Васил Левски""","2308290","12","73.63","12","58.88"
"СОФИЯ-ОБЛАСТ","КОСТИНБРОД","ГР.КОСТИНБРОД","Средно училище ""Д-р Петър Берон""","2309638","85","81.59","85","66.89"
"СОФИЯ-ОБЛАСТ","КОСТИНБРОД","С.ДРАГОВИЩИЦА","Начално училище ""Отец Паисий""","2300012","2","87","2","64.25"
"СОФИЯ-ОБЛАСТ","КОСТИНБРОД","С.ПЕТЪРЧ","Основно училище ""Отец Паисий""","2302142","8","75.94","8","59.63"
"СОФИЯ-ОБЛАСТ","МИРКОВО","С.МИРКОВО","Основно училище ""Георги Бенковски""","2307277","10","65.15","10","53.95"
"СОФИЯ-ОБЛАСТ","ПИРДОП","ГР.ПИРДОП","Начално училище ""Тодор Генчев Влайков""","2308850","41","79.79","40","59.25"
"СОФИЯ-ОБЛАСТ","ПРАВЕЦ","ГР.ПРАВЕЦ","Основно училище ""Васил Левски""","2309862","27","80.31","27","66.83"
"СОФИЯ-ОБЛАСТ","ПРАВЕЦ","С.ВИДРАРЕ","Основно училище ""Васил Левски""","2309321","5","53.5","5","33.5"
"СОФИЯ-ОБЛАСТ","ПРАВЕЦ","С.ДЖУРОВО","Основно училище ""Христо Ботев""","2309314","21","41.17","21","35.48"
"СОФИЯ-ОБЛАСТ","ПРАВЕЦ","С.ОСИКОВИЦА","Основно училище Любен Каравелов","2309339","15","40.3","13","42.12"
"СОФИЯ-ОБЛАСТ","ПРАВЕЦ","С.РАЗЛИВ","Основно училище ""Христо Ботев""","2309875","3","37.67","3","51"
"СОФИЯ-ОБЛАСТ","САМОКОВ","ГР.САМОКОВ","Основно училище ""Св. Св. Кирил и Методий""","2301881","40","82.99","40","65.59"
"СОФИЯ-ОБЛАСТ","САМОКОВ","ГР.САМОКОВ","Средно училище ""Отец Паисий""","2303106","24","87.06","24","70.81"
"СОФИЯ-ОБЛАСТ","САМОКОВ","ГР.САМОКОВ","Обединено училище ""Неофит Рилски""","2303825","61","30.71","54","23.82"
"СОФИЯ-ОБЛАСТ","САМОКОВ","ГР.САМОКОВ","Начално училище ""Станислав Доспевски""","2308899","67","84.01","67","67.77"
"СОФИЯ-ОБЛАСТ","САМОКОВ","ГР.САМОКОВ","Основно училище ""Митрополит Авксентий Велешки""","2308917","42","78.89","41","63.83"
"СОФИЯ-ОБЛАСТ","САМОКОВ","ГР.САМОКОВ","Основно училище ""Христо Максимов""","2308924","19","64.24","19","38.5"
"СОФИЯ-ОБЛАСТ","САМОКОВ","С.ГОВЕДАРЦИ","Основно училище ""Димчо Дебелянов""","2300062","5","81.2","5","75.9"
"СОФИЯ-ОБЛАСТ","САМОКОВ","С.РАДУИЛ","Основно училище ""Христо Смирненски""","2309353","5","48.5","5","33.8"
"СОФИЯ-ОБЛАСТ","САМОКОВ","С.ЯРЛОВО","Основно училище "" Васил Левски""","2309606","9","40.61","9","28.11"
"СОФИЯ-ОБЛАСТ","СВОГЕ","ГР.СВОГЕ","Начално училище ""Д-р Петър Берон""","2304051","4","57.25","4","34.13"
"СОФИЯ-ОБЛАСТ","СВОГЕ","ГР.СВОГЕ","Средно училище ""Иван Вазов""","2308867","61","86.22","61","71.04"
"СОФИЯ-ОБЛАСТ","СВОГЕ","С.БОВ (ГАРА БОВ)","Основно училище ""Св.св.Кирил и Методий""","2309990","4","76.5","4","58.63"
"СОФИЯ-ОБЛАСТ","СВОГЕ","С.ВЛАДО ТРИЧКОВ","Основно училище ""Елин Пелин""","2309928","3","75.83","3","40.33"
"СОФИЯ-ОБЛАСТ","СВОГЕ","С.ИСКРЕЦ","Основно училище ""Свети Иван Рилски""","2308828","9","80.61","9","61"
"СОФИЯ-ОБЛАСТ","СВОГЕ","С.ЛАКАТНИК(ГАРА ЛАКАТНИК)","Основно училище ""Христо Ботев""","2309111","10","68.25","10","49.7"
"СОФИЯ-ОБЛАСТ","СВОГЕ","С.РЕБРОВО","Основно училище ""Д-р Петър Берон""","2309912","7","75.14","7","51.29"
"СОФИЯ-ОБЛАСТ","СВОГЕ","С.СВИДНЯ","Основно училище ""Отец Паисий""","2300028","1","80","1","67"
"СОФИЯ-ОБЛАСТ","СВОГЕ","С.ЦЕРОВО","Основно училище ""Васил Левски""","2302003","11","81.59","11","63.59"
"СОФИЯ-ОБЛАСТ","СЛИВНИЦА","ГР.СЛИВНИЦА","Средно училище Св.Св. Кирил и Методий""","2306517","46","70.83","44","52.65"
"СОФИЯ-ОБЛАСТ","СЛИВНИЦА","С.АЛДОМИРОВЦИ","Обединено Училище ""Иван Вазов""","2306518","12","72.58","12","52.13"
"СОФИЯ-ОБЛАСТ","ЧАВДАР","С.ЧАВДАР","Основно училище ""Св. Св. Кирил и Методий""","2309499","10","71.05","10","58.2"
"СОФИЯ-ОБЛАСТ","ЧЕЛОПЕЧ","С.ЧЕЛОПЕЧ","Основно училище ""Св. Св. Кирил и Методий""","2307223","37","85.53","37","65.24"
"СТАРА ЗАГОРА","БРАТЯ ДАСКАЛОВИ","С.БРАТЯ ДАСКАЛОВИ","Средно училище ""Христо Ботев""","2403098","5","69.8","5","51.1"
"СТАРА ЗАГОРА","БРАТЯ ДАСКАЛОВИ","С.МИРОВО","Основно училище ""Д-р Петър Берон""","2403100","5","63.8","5","69.9"
"СТАРА ЗАГОРА","БРАТЯ ДАСКАЛОВИ","С.ОРИЗОВО","Основно училище ""Христо Ботев""","2403102","12","55.75","12","45.83"
"СТАРА ЗАГОРА","БРАТЯ ДАСКАЛОВИ","С.ПАРТИЗАНИН","Основно училище ""Георги Сава Раковски""","2403103","3","41.33","3","43.67"
"СТАРА ЗАГОРА","БРАТЯ ДАСКАЛОВИ","С.ЧЕРНА ГОРА","Основно училище ""Свети свети Кирил и Методий""","2403105","21","55.52","21","55.57"
"СТАРА ЗАГОРА","ГУРКОВО","ГР.ГУРКОВО","Средно училище ""Христо Смирненски""","2406129","26","42.5","26","37.13"
"СТАРА ЗАГОРА","ГУРКОВО","С.ПАНИЧЕРЕВО","Основно училище ""Св.Св. Кирил и Методий""","2406130","11","42.64","11","52.09"
"СТАРА ЗАГОРА","ГЪЛЪБОВО","ГР.ГЪЛЪБОВО","Средно училище ""Васил Левски""","2404107","25","56.04","24","41.63"
"СТАРА ЗАГОРА","ГЪЛЪБОВО","ГР.ГЪЛЪБОВО","Първо основно училище ""Свети Паисий Хилендарски""","2404109","18","51.25","18","52.5"
"СТАРА ЗАГОРА","ГЪЛЪБОВО","ГР.ГЪЛЪБОВО","Второ основно училище"" Христо Ботев""","2404110","30","58.15","30","60.85"
"СТАРА ЗАГОРА","ГЪЛЪБОВО","С.ОБРУЧИЩЕ","Основно училище ""Свети Свети Кирил и Методий""","2404113","3","47.33","3","54"
"СТАРА ЗАГОРА","КАЗАНЛЪК","ГР.КАЗАНЛЪК","Средно училище ""Екзарх Антим I""","2400264","74","82.18","72","65.92"
"СТАРА ЗАГОРА","КАЗАНЛЪК","ГР.КАЗАНЛЪК","Основно училище ""Кулата""","2400271","52","81.88","52","65.65"
"СТАРА ЗАГОРА","КАЗАНЛЪК","ГР.КАЗАНЛЪК","Основно училище ""Георги Кирков""","2400272","73","87.63","73","68.35"
"СТАРА ЗАГОРА","КАЗАНЛЪК","ГР.КАЗАНЛЪК","Основно училище ""Свети Паисий Хилендарски""","2400273","65","79.98","65","62.66"
"СТАРА ЗАГОРА","КАЗАНЛЪК","ГР.КАЗАНЛЪК","ОСНОВНО УЧИЛИЩЕ ""МАТИ БОЛГАРИЯ""","2400274","76","81.44","76","68.24"
"СТАРА ЗАГОРА","КАЗАНЛЪК","ГР.КАЗАНЛЪК","Основно училище ""Чудомир""","2400275","30","75.3","29","58.74"
"СТАРА ЗАГОРА","КАЗАНЛЪК","ГР.КАЗАНЛЪК","Основно училище ""Никола Йонков Вапцаров""","2400276","79","86.82","78","71.64"
"СТАРА ЗАГОРА","КАЗАНЛЪК","ГР.КАЗАНЛЪК","Основно училище ""Антон Страшимиров""","2400277","30","43.83","30","42.77"
"СТАРА ЗАГОРА","КАЗАНЛЪК","ГР.ШИПКА","Основно училище ""Свети свети Кирил и Методий""","2400289","5","65.2","5","41.2"
"СТАРА ЗАГОРА","КАЗАНЛЪК","С.БУЗОВГРАД","Основно училище ""Васил Левски""","2400278","4","66.38","4","55.13"
"СТАРА ЗАГОРА","КАЗАНЛЪК","С.ГОРНО ЧЕРКОВИЩЕ","Основно училище""Свети Климент Охридски""","2400279","5","25.8","6","33.83"
"СТАРА ЗАГОРА","КАЗАНЛЪК","С.ЕНИНА","Основно училище ""Христо Ботев""","2400280","16","78.66","16","56.59"
"СТАРА ЗАГОРА","КАЗАНЛЪК","С.КОПРИНКА","Основно училище ""Кирил и Методий""","2400281","4","56.5","3","52.67"
"СТАРА ЗАГОРА","КАЗАНЛЪК","С.КРЪН","Основно училище ""Свети Климент Охридски""","2400282","8","75.75","8","64.31"
"СТАРА ЗАГОРА","КАЗАНЛЪК","С.КЪНЧЕВО","Основно училище Свети Свети Кирил и Методий""","2400283","2","80.5","2","62"
"СТАРА ЗАГОРА","КАЗАНЛЪК","С.ОВОЩНИК","Основно училище ""Д-р Петър Берон""","2400284","3","60.5","3","67.83"
"СТАРА ЗАГОРА","КАЗАНЛЪК","С.РЪЖЕНА","Обединено училище ""Свети Свети Кирил и Методий""","2400286","14","48.75","14","55.82"
"СТАРА ЗАГОРА","КАЗАНЛЪК","С.ХАДЖИДИМИТРОВО","Основно училище Свети Паисий Хилендарски","2400287","9","40.28","8","36.13"
"СТАРА ЗАГОРА","КАЗАНЛЪК","С.ШЕЙНОВО","Основно училище ""Д-р Петър Берон""","2400288","1","24","0","0"
"СТАРА ЗАГОРА","МЪГЛИЖ","ГР.МЪГЛИЖ","Основно училище ""Христо Ботев""","2405116","19","54.58","18","42.22"
"СТАРА ЗАГОРА","МЪГЛИЖ","С.ВЕТРЕН","Основно училище ""Свети свети Кирил и Методий""","2405118","10","48.9","10","43.05"
"СТАРА ЗАГОРА","МЪГЛИЖ","С.ДЪБОВО","Основно училище ""Св.св.Кирил и Методий""","2405119","10","36.7","10","36"
"СТАРА ЗАГОРА","МЪГЛИЖ","С.ЗИМНИЦА","Начално училище ,,Свeти Паисий Хилендарски""","2405123","12","36.68","11","37.27"
"СТАРА ЗАГОРА","МЪГЛИЖ","С.ТУЛОВО","Основно училище ""Христо Смирненски""","2405120","11","57.82","11","49.82"
"СТАРА ЗАГОРА","МЪГЛИЖ","С.ЯГОДА","Основно училище ""Христо Ботев""","2405122","12","53.21","12","37.88"
"СТАРА ЗАГОРА","НИКОЛАЕВО","ГР.НИКОЛАЕВО","Основно училище ""Свети свети Кирил и Методий""","2407133","41","48.74","41","52.11"
"СТАРА ЗАГОРА","НИКОЛАЕВО","С.ЕДРЕВО","Начално училище ""Васил Левски""","2407134","7","35","7","50.86"
"СТАРА ЗАГОРА","НИКОЛАЕВО","С.ЕЛХОВО","Начално училище ""Братя Жекови""","2407135","2","60.25","2","40.5"
"СТАРА ЗАГОРА","НИКОЛАЕВО","С.НОВА МАХАЛА","Начално училище "" Св. Св. Кирил и Методий""","2407136","7","57.71","7","54.07"
"СТАРА ЗАГОРА","ОПАН","С.ОПАН","Средно училище ""Христо Ботев""","2400837","1","63","1","49"
"СТАРА ЗАГОРА","ПАВЕЛ БАНЯ","ГР.ПАВЕЛ БАНЯ","Средно училище ""Христо Ботев""","2409139","24","53.98","24","46.19"
"СТАРА ЗАГОРА","ПАВЕЛ БАНЯ","С.АЛЕКСАНДРОВО","Основно училище ""Христо Ботев""","2409141","10","38.25","10","32.05"
"СТАРА ЗАГОРА","ПАВЕЛ БАНЯ","С.ГАБАРЕВО","Основно училище ""Никола Йонков Вапцаров""","2409142","9","46.33","9","50.67"
"СТАРА ЗАГОРА","ПАВЕЛ БАНЯ","С.ГОРНО САХРАНЕ","Основно училище ""Васил Левски""","2409143","5","42.5","7","23.93"
"СТАРА ЗАГОРА","ПАВЕЛ БАНЯ","С.МАНОЛОВО","Основно училище ""Георги Бенковски""","2409145","2","61","2","36.5"
"СТАРА ЗАГОРА","ПАВЕЛ БАНЯ","С.ОСЕТЕНОВО","Основно училище ""Христо Ботев""","2409146","8","57.44","8","42.25"
"СТАРА ЗАГОРА","ПАВЕЛ БАНЯ","С.СКОБЕЛЕВО","Основно училище""Генерал Скобелев""","2409147","9","46.78","9","49.11"
"СТАРА ЗАГОРА","ПАВЕЛ БАНЯ","С.ТЪЖА","Основно училище ""Просвета""","2409148","3","44.67","3","42"
"СТАРА ЗАГОРА","ПАВЕЛ БАНЯ","С.ТЪРНИЧЕНИ","Основно училище ""Свети Паисий Хилендарски""","2409149","3","52","3","54.33"
"СТАРА ЗАГОРА","РАДНЕВО","ГР.РАДНЕВО","Средно училище ""Гео Милев""","2401052","58","72.15","57","51.74"
"СТАРА ЗАГОРА","РАДНЕВО","ГР.РАДНЕВО","Първо основно училище ""Свети Климент Охридски""","2401054","11","51.64","11","59.91"
"СТАРА ЗАГОРА","РАДНЕВО","ГР.РАДНЕВО","Второ основно училище ""Свети Паисий Хилендарски""","2401055","46","83.33","46","67.09"
"СТАРА ЗАГОРА","РАДНЕВО","С.КОЛАРОВО","Основно училище ""Поп Минчо""","2401058","8","78.88","9","64.06"
"СТАРА ЗАГОРА","РАДНЕВО","С.СЪРНЕВО","Основно училище ""Свети свети Кирил и Методий""","2401060","9","61.28","9","63.56"
"СТАРА ЗАГОРА","СТАРА ЗАГОРА","ГР.СТАРА ЗАГОРА","Средно училище ""Железник""","2400014","85","85.71","85","69.62"
"СТАРА ЗАГОРА","СТАРА ЗАГОРА","ГР.СТАРА ЗАГОРА","Средно училище ""Васил Левски""","2400104","42","83.75","42","65.77"
"СТАРА ЗАГОРА","СТАРА ЗАГОРА","ГР.СТАРА ЗАГОРА","Средно училище ""Христо Смирненски""","2400105","36","58.93","37","62.57"
"СТАРА ЗАГОРА","СТАРА ЗАГОРА","ГР.СТАРА ЗАГОРА","Средно училище ""Максим Горки""","2400106","51","91.24","51","75.91"
"СТАРА ЗАГОРА","СТАРА ЗАГОРА","ГР.СТАРА ЗАГОРА","Средно училище ""Иван Вазов""","2400107","112","86.22","112","69.59"
"СТАРА ЗАГОРА","СТАРА ЗАГОРА","ГР.СТАРА ЗАГОРА","Основно училище ""Георги Райчев""","2400109","33","80.55","33","60.8"
"СТАРА ЗАГОРА","СТАРА ЗАГОРА","ГР.СТАРА ЗАГОРА","Второ основно училище ""П.Р.Славейков""","2400123","108","87.36","108","72.19"
"СТАРА ЗАГОРА","СТАРА ЗАГОРА","ГР.СТАРА ЗАГОРА","Основно училише ""Кольо Ганчев""","2400124","25","70.26","25","53.32"
"СТАРА ЗАГОРА","СТАРА ЗАГОРА","ГР.СТАРА ЗАГОРА","Основно училище ""КИРИЛ ХРИСТОВ ""","2400125","130","85.82","129","67.6"
"СТАРА ЗАГОРА","СТАРА ЗАГОРА","ГР.СТАРА ЗАГОРА","Пето основно училище "" Митьо Станев ""","2400126","129","88.43","125","70.61"
"СТАРА ЗАГОРА","СТАРА ЗАГОРА","ГР.СТАРА ЗАГОРА","Основно училище ""Самара""","2400129","14","77.11","14","60.21"
"СТАРА ЗАГОРА","СТАРА ЗАГОРА","ГР.СТАРА ЗАГОРА","IX ОУ ""Веселин Ханчев""","2400130","83","82.15","82","62.37"
"СТАРА ЗАГОРА","СТАРА ЗАГОРА","ГР.СТАРА ЗАГОРА","Единадесето основно училище ""Николай Лилиев""","2400132","38","82.11","38","66.45"
"СТАРА ЗАГОРА","СТАРА ЗАГОРА","ГР.СТАРА ЗАГОРА","Дванадесето основно училище ""Стефан Караджа""","2400133","20","24.4","19","32.26"
"СТАРА ЗАГОРА","СТАРА ЗАГОРА","ГР.СТАРА ЗАГОРА","Тринадесето основно училище ""Свети Паисий Хилендарски""","2400134","69","83.5","69","67.91"
"СТАРА ЗАГОРА","СТАРА ЗАГОРА","ГР.СТАРА ЗАГОРА","Начално училище ""Димитър Благоев""","2400146","53","92.77","53","93.2"
"СТАРА ЗАГОРА","СТАРА ЗАГОРА","ГР.СТАРА ЗАГОРА","Начално училище ""Зора""","2400147","20","51.13","20","57.7"
"СТАРА ЗАГОРА","СТАРА ЗАГОРА","ГР.СТАРА ЗАГОРА","Частно основно училище ""Елин Пелин""","2400167","26","89.9","25","86.22"
"СТАРА ЗАГОРА","СТАРА ЗАГОРА","ГР.СТАРА ЗАГОРА","Средно училище ""Христо Ботев""","2400174","13","55.81","13","41.92"
"СТАРА ЗАГОРА","СТАРА ЗАГОРА","ГР.СТАРА ЗАГОРА","Шесто основно училище ""Свети Никола""","2403219","104","85.49","102","73.54"
"СТАРА ЗАГОРА","СТАРА ЗАГОРА","ГР.СТАРА ЗАГОРА","Национално училище за музикални и сценични изкуства""Христина Морфова""","2902104","22","85.3","22","74.16"
"СТАРА ЗАГОРА","СТАРА ЗАГОРА","С.БРАТЯ КУНЧЕВИ","Основно училище ""Христо Ботев""","2400138","12","36.63","12","36.67"
"СТАРА ЗАГОРА","СТАРА ЗАГОРА","С.ГОРНО БОТЕВО","Основно училище ""Христо Ботев""","2400139","7","38.43","7","44.71"
"СТАРА ЗАГОРА","СТАРА ЗАГОРА","С.ДЪЛБОКИ","Основно училище ""Иван Мирчев""","2400140","9","55.61","9","56.39"
"СТАРА ЗАГОРА","СТАРА ЗАГОРА","С.ЗАГОРЕ","Основно училище ""Христо Ботев""","2400141","10","59.35","9","57"
"СТАРА ЗАГОРА","СТАРА ЗАГОРА","С.КАЛОЯНОВЕЦ","Основно училище ""Отец Паисий""","2400142","13","49.42","13","38.65"
"СТАРА ЗАГОРА","СТАРА ЗАГОРА","С.КИРИЛОВО","Частно средно училище ""Нов век""","2400161","2","97.25","2","85"
"СТАРА ЗАГОРА","СТАРА ЗАГОРА","С.ПРЕСЛАВЕН","Основно училище ""Бойчо Русев""","2400143","7","51.86","7","39"
"СТАРА ЗАГОРА","СТАРА ЗАГОРА","С.ХАН АСПАРУХОВО","Основно училище ""Свети свети Кирил и Методий""","2400144","16","39.38","16","39.69"
"СТАРА ЗАГОРА","СТАРА ЗАГОРА","С.ХРИЩЕНИ","Основно училище ""Христо Ботев""","2400145","7","60.64","7","59.5"
"СТАРА ЗАГОРА","ЧИРПАН","ГР.ЧИРПАН","Средно училище ""Пейо Крачолов Яворов""","2401178","55","80.64","55","78.59"
"СТАРА ЗАГОРА","ЧИРПАН","ГР.ЧИРПАН","Основно училище ""Васил Левски""","2401181","30","75","30","56.93"
"СТАРА ЗАГОРА","ЧИРПАН","ГР.ЧИРПАН","Основно училище ""Свети свети Кирил и Методий""","2401182","41","53.23","41","49.52"
"СТАРА ЗАГОРА","ЧИРПАН","ГР.ЧИРПАН","Начално училище ""Свети Климент Охридски""","2401189","15","88.87","15","80.23"
"СТАРА ЗАГОРА","ЧИРПАН","С.ГИТА","Основно училище "" Васил Левски""","2401184","6","58.92","6","47.92"
"СТАРА ЗАГОРА","ЧИРПАН","С.ЗЕТЬОВО","Основно училище "" Отец Паисий ""","2401185","7","44.86","7","36.57"
"СТАРА ЗАГОРА","ЧИРПАН","С.СВОБОДА","Основно училище ""Кирил и Методий""","2401186","13","33.73","13","29.5"
"ТЪРГОВИЩЕ","АНТОНОВО","ГР.АНТОНОВО","Средно училище ""Свети Свети Кирил и Методий""","2500201","16","59.63","17","49.88"
"ТЪРГОВИЩЕ","АНТОНОВО","С.ИЗВОРОВО","Начално училище ""Д-р Петър Берон""","2510001","6","32.33","6","40.17"
"ТЪРГОВИЩЕ","АНТОНОВО","С.СТЕВРЕК","Основно Училище ""Никола Йонков Вапцаров""","2510102","2","59","2","64.5"
"ТЪРГОВИЩЕ","АНТОНОВО","С.ТРЕСКАВЕЦ","Основно училище ""Никола Йонков Вапцаров""","2510104","2","43","2","55.5"
"ТЪРГОВИЩЕ","ОМУРТАГ","ГР.ОМУРТАГ","Първо начално училище ""Христо Смирненски""","2520001","48","69.32","47","64.35"
"ТЪРГОВИЩЕ","ОМУРТАГ","ГР.ОМУРТАГ","Второ начално училище ""Васил Левски ""","2520002","11","44.59","12","46.42"
"ТЪРГОВИЩЕ","ОМУРТАГ","С.БЕЛОМОРЦИ","Основно училище ""Георги Бенковски""","2520101","5","40.4","5","43"
"ТЪРГОВИЩЕ","ОМУРТАГ","С.ВРАНИ КОН","Основно училище ""Никола Йонков Вапцаров""","2520102","11","45.64","11","55.95"
"ТЪРГОВИЩЕ","ОМУРТАГ","С.КАМБУРОВО","Основно училище ""Христо Ботев""","2520105","12","60.17","12","57.75"
"ТЪРГОВИЩЕ","ОМУРТАГ","С.ПЛЪСТИНА","Основно училище ""Д-р Петър Берон""","2520107","7","65.43","7","65.07"
"ТЪРГОВИЩЕ","ОПАКА","ГР.ОПАКА","Средно училище ""Васил Левски""","2530201","13","58.38","13","37"
"ТЪРГОВИЩЕ","ОПАКА","С.ГОЛЯМО ГРАДИЩЕ","Основно училище ""Алеко Константинов""","2530102","3","67.83","3","58.5"
"ТЪРГОВИЩЕ","ОПАКА","С.КРЕПЧА","Основно училище ""Васил Левски""","2530104","7","68","7","68.29"
"ТЪРГОВИЩЕ","ПОПОВО","ГР.ПОПОВО","Основно училище ""Никола Йонков Вапцаров""","2540101","38","73.91","38","60.95"
"ТЪРГОВИЩЕ","ПОПОВО","ГР.ПОПОВО","Основно училище ""Свети Климент Охридски""","2540102","42","68.86","42","49.83"
"ТЪРГОВИЩЕ","ПОПОВО","ГР.ПОПОВО","Основно училище ""Любен Каравелов""","2540103","44","86.28","44","72.86"
"ТЪРГОВИЩЕ","ПОПОВО","С.ВОДИЦА","Основно училище ""Отец Паисий""","2540105","3","66.17","3","44.33"
"ТЪРГОВИЩЕ","ПОПОВО","С.ЗАРАЕВО","Основно училище ""Свети Свети Кирил и Методий""","2540107","10","88.5","10","67.45"
"ТЪРГОВИЩЕ","ПОПОВО","С.ЛОМЦИ","Основно училище ""Христо Ботев""","2540109","5","72","5","52.7"
"ТЪРГОВИЩЕ","ПОПОВО","С.СВЕТЛЕН","Основно училище ""Антон Страшимиров""","2540111","9","41.78","8","37.5"
"ТЪРГОВИЩЕ","ПОПОВО","С.СЛАВЯНОВО","Oсновно училище ""Васил Левски""","2540112","9","28.56","9","34"
"ТЪРГОВИЩЕ","ТЪРГОВИЩЕ","ГР.ТЪРГОВИЩЕ","Първо основно училище ""Христо Ботев""","2500101","99","81.82","100","64.5"
"ТЪРГОВИЩЕ","ТЪРГОВИЩЕ","ГР.ТЪРГОВИЩЕ","Трето основно училище ""Петко Рачов Славейков""","2500103","34","57.25","34","44.32"
"ТЪРГОВИЩЕ","ТЪРГОВИЩЕ","ГР.ТЪРГОВИЩЕ","Четвърто основно училище ""Иван Вазов""","2500104","42","71.88","42","51.32"
"ТЪРГОВИЩЕ","ТЪРГОВИЩЕ","ГР.ТЪРГОВИЩЕ","Първо средно училище ""Свети Седмочисленици""","2500204","92","81.67","92","66.91"
"ТЪРГОВИЩЕ","ТЪРГОВИЩЕ","ГР.ТЪРГОВИЩЕ","Второ средно училище ""Професор Никола Маринов""","2501694","92","80.52","92","60.2"
"ТЪРГОВИЩЕ","ТЪРГОВИЩЕ","С.ВАРДУН","Основно училище ""Христо Ботев""","2500109","2","65","2","49.5"
"ТЪРГОВИЩЕ","ТЪРГОВИЩЕ","С.ГОЛЯМО НОВО","Основно училище ""Георги Стойков Раковски""","2500110","6","48","6","37.42"
"ТЪРГОВИЩЕ","ТЪРГОВИЩЕ","С.ДРАЛФА","Основно училище ""Свети свети Кирил и Методий""","2500112","10","61.2","10","52.75"
"ТЪРГОВИЩЕ","ТЪРГОВИЩЕ","С.ЛИЛЯК","Основно училище ""Христо Ботев""","2500114","9","55.83","9","61.67"
"ТЪРГОВИЩЕ","ТЪРГОВИЩЕ","С.МАКАРИОПОЛСКО","Обединено училище ""Христо Ботев""","2500115","7","37","7","40"
"ТЪРГОВИЩЕ","ТЪРГОВИЩЕ","С.НАДАРЕВО","Основно училище ""Паисий Хилендарски""","2500116","8","39.38","8","36.88"
"ТЪРГОВИЩЕ","ТЪРГОВИЩЕ","С.ПОДГОРИЦА","Основно училище ""Отец Паисий""","2500118","10","47.3","10","44.3"
"ХАСКОВО","ДИМИТРОВГРАД","ГР.ДИМИТРОВГРАД","ОСНОВНО УЧИЛИЩЕ ""Пейо Крачолов Яворов""","2602002","29","49.78","30","42.4"
"ХАСКОВО","ДИМИТРОВГРАД","ГР.ДИМИТРОВГРАД","Обединено училище ""Свети свети Кирил и Методий""","2602003","8","37.13","8","37.25"
"ХАСКОВО","ДИМИТРОВГРАД","ГР.ДИМИТРОВГРАД","ОСНОВНО УЧИЛИЩЕ ""АЛЕКО КОНСТАНТИНОВ""","2602004","97","80.53","97","62.28"
"ХАСКОВО","ДИМИТРОВГРАД","ГР.ДИМИТРОВГРАД","Основно училище ""Пенчо Славейков""","2602006","84","82.26","85","62.72"
"ХАСКОВО","ДИМИТРОВГРАД","ГР.ДИМИТРОВГРАД","Основно училище ""Васил Левски""","2602017","11","42.77","11","31"
"ХАСКОВО","ДИМИТРОВГРАД","ГР.ДИМИТРОВГРАД","Средно училище ""Любен Каравелов""","2602018","57","81.75","58","58.35"
"ХАСКОВО","ДИМИТРОВГРАД","ГР.МЕРИЧЛЕРИ","Основно училище ""Димитър Недялков Матевски""","2602011","15","27.3","15","21.83"
"ХАСКОВО","ДИМИТРОВГРАД","С.КРЕПОСТ","Основно училище ""Христо Ботев""","2602008","6","58","6","37"
"ХАСКОВО","ДИМИТРОВГРАД","С.РАДИЕВО","Основно училище ""Христо Смирненски""","2602014","13","54.35","13","52.08"
"ХАСКОВО","ДИМИТРОВГРАД","С.ЯБЪЛКОВО","ОСНОВНО УЧИЛИЩЕ ""ВАСИЛ ЛЕВСКИ""","2602016","8","48.44","8","36.44"
"ХАСКОВО","ИВАЙЛОВГРАД","ГР.ИВАЙЛОВГРАД","Средно училище ""Христо Ботев""","2610005","26","74.02","26","54.35"
"ХАСКОВО","ИВАЙЛОВГРАД","С.БЕЛОПОЛЦИ","Основно училище ""Свети свети Кирил и Методий""","2610004","7","41.07","7","40.93"
"ХАСКОВО","ИВАЙЛОВГРАД","С.ЖЕЛЕЗИНО","Основно училище ""Свети свети Кирил и Методий""","2610002","1","53","1","56"
"ХАСКОВО","ИВАЙЛОВГРАД","С.СВИРАЧИ","Основно училище Св.св. Кирил и Методий","2610001","2","84.5","2","85"
"ХАСКОВО","ЛЮБИМЕЦ","ГР.ЛЮБИМЕЦ","Начално училище ""Захари Стоянов""","2606001","32","63.45","32","51.8"
"ХАСКОВО","ЛЮБИМЕЦ","ГР.ЛЮБИМЕЦ","Начално училище ""Христо Ботев""","2606002","33","72.8","33","69.55"
"ХАСКОВО","ЛЮБИМЕЦ","С.МАЛКО ГРАДИЩЕ","Основно училище ""Свети Свети Кирил и Методий""","2606004","5","49.7","5","56"
"ХАСКОВО","МАДЖАРОВО","ГР.МАДЖАРОВО","Средно училище ""Димитър Маджаров""","2608001","10","47.3","10","34.6"
"ХАСКОВО","МИНЕРАЛНИ БАНИ","С.КАРАМАНЦИ","СРЕДНО УЧИЛИЩЕ ""ХРИСТО БОТЕВ""","2607002","13","49.92","13","44.15"
"ХАСКОВО","МИНЕРАЛНИ БАНИ","С.МИНЕРАЛНИ БАНИ","СРЕДНО УЧИЛИЩЕ ""ПРОФ. Д-Р АСЕН ЗЛАТАРОВ""","2607001","16","54.16","15","42.03"
"ХАСКОВО","СВИЛЕНГРАД","ГР.СВИЛЕНГРАД","Първо основно училище""Иван Вазов""","2605002","85","77.21","85","55.2"
"ХАСКОВО","СВИЛЕНГРАД","ГР.СВИЛЕНГРАД","Основно училище ""Любен Каравелов""","2605003","11","74.14","11","70.45"
"ХАСКОВО","СВИЛЕНГРАД","ГР.СВИЛЕНГРАД","Средно училище ""Д-р Петър Берон""","2605008","65","82.65","65","58.25"
"ХАСКОВО","СВИЛЕНГРАД","С.ЛЕВКА","Основно училище ""Христо Ботев""","2605005","12","52.71","12","53.42"
"ХАСКОВО","СИМЕОНОВГРАД","ГР.СИМЕОНОВГРАД","НАЧАЛНО УЧИЛИЩЕ ""ОТЕЦ ПАИСИЙ""","2604001","21","42.26","21","44.55"
"ХАСКОВО","СИМЕОНОВГРАД","ГР.СИМЕОНОВГРАД","Основно училище "" Иван Вазов ""","2604003","26","32.31","26","40.06"
"ХАСКОВО","СИМЕОНОВГРАД","ГР.СИМЕОНОВГРАД","Средно училище ""Свети Климент Охридски""","2604004","23","61.17","22","46.34"
"ХАСКОВО","СТАМБОЛОВО","С.ЖЪЛТИ БРЯГ","Основно училище ""Свети свети Кирил и Методий""","2609002","1","39","1","50.5"
"ХАСКОВО","СТАМБОЛОВО","С.СИЛЕН","Основно училище ""Христо Ботев""","2609005","3","54.83","3","56"
"ХАСКОВО","СТАМБОЛОВО","С.СТАМБОЛОВО","Средно училище "" Свети Климент Охридски ""","2609006","17","66.38","17","52.38"
"ХАСКОВО","ТОПОЛОВГРАД","ГР.ТОПОЛОВГРАД","Начално училище ""Св. Св. Кирил и Методий""","2611001","44","64.56","44","58.18"
"ХАСКОВО","ТОПОЛОВГРАД","С.СИНАПОВО","Основно училище "" Христо Ботев ""","2611007","4","75.25","3","61.33"
"ХАСКОВО","ТОПОЛОВГРАД","С.УСТРЕМ","Основно училище ""Иван Вазов""","2611008","11","43.95","11","41.86"
"ХАСКОВО","ТОПОЛОВГРАД","С.ХЛЯБОВО","Основно училище "" Христо Ботев ""","2611005","2","43","2","46"
"ХАСКОВО","ХАРМАНЛИ","ГР.ХАРМАНЛИ","Начално училище ""Отец Паисий""","2603001","19","58.11","20","72.4"
"ХАСКОВО","ХАРМАНЛИ","ГР.ХАРМАНЛИ","Начално училище ""Алеко Константинов""","2603002","68","76.13","68","58.68"
"ХАСКОВО","ХАРМАНЛИ","ГР.ХАРМАНЛИ","Основно училище ""Иван Вазов""","2603007","59","64.46","57","53.61"
"ХАСКОВО","ХАРМАНЛИ","ГР.ХАРМАНЛИ","Средно училище ""Неофит Рилски""","2603008","14","41.32","13","41.96"
"ХАСКОВО","ХАРМАНЛИ","С.БИСЕР","Основно училище ""Христо Ботев""","2603003","3","24.67","3","31.33"
"ХАСКОВО","ХАРМАНЛИ","С.БЪЛГАРИН","Основно училище ""Христо Ботев""","2603006","12","50.58","11","32.41"
"ХАСКОВО","ХАРМАНЛИ","С.ИВАНОВО","ОСНОВНО УЧИЛИЩЕ ""СВЕТИ СВЕТИ КИРИЛ И МЕТОДИЙ""","2603005","10","65.7","10","57"
"ХАСКОВО","ХАРМАНЛИ","С.СЛАВЯНОВО","ОСНОВНО УЧИЛИЩЕ "" ИВАН ВАЗОВ ""","2603004","11","45","11","48.32"
"ХАСКОВО","ХАСКОВО","ГР.ХАСКОВО","Начално училище ""Георги Сава Раковски""","2601001","33","56.58","36","56.24"
"ХАСКОВО","ХАСКОВО","ГР.ХАСКОВО","Основно училище ""Любен Каравелов""","2601004","52","82.64","52","61.58"
"ХАСКОВО","ХАСКОВО","ГР.ХАСКОВО","Основно училище ""Св. Св. Кирил и Методий ""","2601005","14","70.18","13","59.88"
"ХАСКОВО","ХАСКОВО","ГР.ХАСКОВО","Основно училище ""Шандор Петьофи""","2601006","43","73.49","43","58.48"
"ХАСКОВО","ХАСКОВО","ГР.ХАСКОВО","Основно училище ""Св. Климент Охридски""","2601008","62","84.88","61","66.56"
"ХАСКОВО","ХАСКОВО","ГР.ХАСКОВО","Основно училище ""Никола Йонков Вапцаров""","2601009","19","42.95","20","44.43"
"ХАСКОВО","ХАСКОВО","ГР.ХАСКОВО","Основно училище ""Свети Иван Рилски""","2601010","137","87.47","137","70.62"
"ХАСКОВО","ХАСКОВО","ГР.ХАСКОВО","Основно училище ""Христо Смирненски""","2601011","82","82.59","81","66.95"
"ХАСКОВО","ХАСКОВО","ГР.ХАСКОВО","Средно училище "" Васил Левски""","2601025","99","82.34","98","64.52"
"ХАСКОВО","ХАСКОВО","ГР.ХАСКОВО","Средно училище ""Св.Паисий Хилендарски""","2601026","62","78.69","62","59.4"
"ХАСКОВО","ХАСКОВО","С.ВОЙВОДОВО","Основно училище ""Христо Ботев""","2601020","8","55.94","8","48.31"
"ХАСКОВО","ХАСКОВО","С.ДИНЕВО","Основно училище ""Христо Ботев""","2601015","11","57.82","11","44.86"
"ХАСКОВО","ХАСКОВО","С.ДОЛНО ГОЛЕМАНЦИ","Основно училище "" Христо Ботев ""","2601019","8","27.38","8","29.56"
"ХАСКОВО","ХАСКОВО","С.КНИЖОВНИК","ОСНОВНО УЧИЛИЩЕ ""ВАСИЛ ЛЕВСКИ""","2601022","9","57.89","10","60.1"
"ХАСКОВО","ХАСКОВО","С.КОНУШ","Основно училище ""Св. св. Кирил и Методий""","2601021","11","71.59","11","63"
"ХАСКОВО","ХАСКОВО","С.МАЛЕВО","Основно училище ""Свети Свети Кирил и Методий""","2601024","18","68.94","18","62"
"ХАСКОВО","ХАСКОВО","С.УЗУНДЖОВО","Основно училище ""Любен Каравелов""","2601017","14","39.75","14","35.61"
"ШУМЕН","ВЕЛИКИ ПРЕСЛАВ","ГР.ВЕЛИКИ ПРЕСЛАВ","Средно училище ""Черноризец Храбър""","2700103","14","61.79","14","44.54"
"ШУМЕН","ВЕЛИКИ ПРЕСЛАВ","ГР.ВЕЛИКИ ПРЕСЛАВ","Основно училище ""Св. св. Кирил и Методий""","2700180","30","68.68","30","51.72"
"ШУМЕН","ВЕЛИКИ ПРЕСЛАВ","С.ДРАГОЕВО","Основно училище ""Св. св. Кирил и Методий""","2700255","1","18","1","18"
"ШУМЕН","ВЕЛИКИ ПРЕСЛАВ","С.ЗЛАТАР","Основно училище ""Христо Ботев""","2700196","4","20.13","4","34"
"ШУМЕН","ВЕНЕЦ","С.ВЕНЕЦ","Средно училище ""Никола Йонков Вапцаров""","2700069","15","61.17","16","53.09"
"ШУМЕН","ВЕНЕЦ","С.ИЗГРЕВ","Основно училище ""Петко Рачев Славейков""","2700041","4","53.25","4","47"
"ШУМЕН","ВЕНЕЦ","С.ЯСЕНКОВО","Основно училище ""Христо Смирненски""","2700283","4","71.63","4","65.5"
"ШУМЕН","ВЪРБИЦА","ГР.ВЪРБИЦА","Средно училище ""Св. Паисий Хилендарски""","2700062","25","61.5","25","39.24"
"ШУМЕН","ВЪРБИЦА","С.БЯЛА РЕКА","Обединено училище ""Св. св. Кирил и Методий""","2700061","16","46.88","16","44.53"
"ШУМЕН","ВЪРБИЦА","С.ИВАНОВО","Основно училище ""Васил Левски""","2700253","3","65.5","3","44.33"
"ШУМЕН","ВЪРБИЦА","С.ЧЕРНООКОВО","Основно училище ""Гео Милев""","2700073","7","57","7","48.43"
"ШУМЕН","КАОЛИНОВО","ГР.КАОЛИНОВО","Средно училище ""Георги Стойков Раковски""","2700216","14","48.89","14","44.43"
"ШУМЕН","КАОЛИНОВО","С.БРАНИЧЕВО","Обединено училище ""Йордан Йовков""","2700238","15","32.7","15","27.57"
"ШУМЕН","КАОЛИНОВО","С.КЛИМЕНТ","Основно училище ""Георги Ст. Раковски""","2700237","4","55.38","4","53.75"
"ШУМЕН","КАОЛИНОВО","С.ЛЯТНО","Основно училище ""Никола Й. Вапцаров""","2700260","11","43.14","11","47"
"ШУМЕН","КАОЛИНОВО","С.ПРИСТОЕ","Основно училище ""Христо Смирненски""","2700212","11","67.82","11","66.23"
"ШУМЕН","КАОЛИНОВО","С.ТОДОР ИКОНОМОВО","Обединено училище ""Панайот Волов""","2700239","23","40.93","23","38.48"
"ШУМЕН","КАСПИЧАН","ГР.КАСПИЧАН","Средно училище ""Панайот Волов""","2700067","17","69.44","17","50.15"
"ШУМЕН","КАСПИЧАН","ГР.ПЛИСКА","Основно училище ""Св. Паисий Хилендарски""","2700078","3","36.67","3","27.67"
"ШУМЕН","КАСПИЧАН","С.КАСПИЧАН","Обединено училище ""Христо Ботев""","2700068","10","27.95","10","25.9"
"ШУМЕН","КАСПИЧАН","С.МАРКОВО","Обединено училище ""Пенчо Петков Славейков""","2700263","14","51.5","14","33.64"
"ШУМЕН","НИКОЛА КОЗЛЕВО","С.ВЪЛНАРИ","Основно училище ""Христо Ботев""","2700251","6","40.92","7","51.86"
"ШУМЕН","НИКОЛА КОЗЛЕВО","С.КРИВА РЕКА","Начално училище ""Борис Първи""","2700265","7","57.36","7","59.5"
"ШУМЕН","НИКОЛА КОЗЛЕВО","С.НИКОЛА КОЗЛЕВО","Средно училище ""Цанко Бакалов Церковски""","2700192","11","64.32","10","61.2"
"ШУМЕН","НИКОЛА КОЗЛЕВО","С.ПЕТ МОГИЛИ","Основно училище ""Св. Климент Охридски""","2700080","7","42.57","7","28.57"
"ШУМЕН","НИКОЛА КОЗЛЕВО","С.ЦЪРКВИЦА","Основно училище ""Христо Ботев""","2700266","12","25.63","12","35.25"
"ШУМЕН","НОВИ ПАЗАР","ГР.НОВИ ПАЗАР","Средно училище ""Васил Левски""","2700047","38","64.86","38","49.51"
"ШУМЕН","НОВИ ПАЗАР","ГР.НОВИ ПАЗАР","Средно училище ""Хан Исперих""","2700071","33","72.36","33","54.15"
"ШУМЕН","НОВИ ПАЗАР","ГР.НОВИ ПАЗАР","Основно училище ""Никола Йонков Вапцаров""","2700194","14","16.86","14","19.11"
"ШУМЕН","НОВИ ПАЗАР","С.МИРОВЦИ","Основно училище ""Васил Левски""","2700036","2","74.25","2","79.5"
"ШУМЕН","НОВИ ПАЗАР","С.СТОЯН МИХАЙЛОВСКИ","Основно училище ""Св. Климент Охридски""","2700048","10","50.85","10","63.15"
"ШУМЕН","СМЯДОВО","ГР.СМЯДОВО","Средно училище ""Св. св. Кирил и Методий""","2700191","20","71.88","19","52.87"
"ШУМЕН","СМЯДОВО","С.ЯНКОВО","Основно училище ""Христо Ботев""","2700105","4","58","4","43.88"
"ШУМЕН","ХИТРИНО","С.ХИТРИНО","Средно училище ""Д-р Петър Берон""","2700088","22","46.55","22","49.89"
"ШУМЕН","ШУМЕН","ГР.ШУМЕН","Средно училище ""Панайот Волов""","2700076","47","86.96","47","69.27"
"ШУМЕН","ШУМЕН","ГР.ШУМЕН","Начално училище ""Илия Р. Блъсков""","2700082","72","79.94","72","64.08"
"ШУМЕН","ШУМЕН","ГР.ШУМЕН","Девето основно училище ""Панайот Волов""","2700104","30","75.98","31","55.13"
"ШУМЕН","ШУМЕН","ГР.ШУМЕН","Второ основно училище ""Д-р Петър Берон""","2700114","73","83.68","72","69.1"
"ШУМЕН","ШУМЕН","ГР.ШУМЕН","Трето основно училище ""Димитър Благоев""","2700146","96","79.65","96","64.71"
"ШУМЕН","ШУМЕН","ГР.ШУМЕН","Средно училище ""Трайко Симеонов""","2700147","28","72.54","29","50.38"
"ШУМЕН","ШУМЕН","ГР.ШУМЕН","Начално училище ""Княз Борис I""","2700153","64","84.67","64","71.74"
"ШУМЕН","ШУМЕН","ГР.ШУМЕН","Средно училище ""Йоан Екзарх Български""","2700182","71","84.89","70","65.39"
"ШУМЕН","ШУМЕН","ГР.ШУМЕН","Средно училище ""Сава Доброплодни""","2700197","79","87.2","79","71.37"
"ШУМЕН","ШУМЕН","ГР.ШУМЕН","Средно училище ""Васил Левски""","2700231","60","79.19","60","62.4"
"ШУМЕН","ШУМЕН","ГР.ШУМЕН","Шесто основно училище ""Еньо Марковски""","2700269","21","38.05","21","27.74"
"ШУМЕН","ШУМЕН","С.ГРАДИЩЕ","Основно училище ""Васил Левски""","2700087","5","35.1","5","30.1"
"ШУМЕН","ШУМЕН","С.ДРУМЕВО","Обединено училище ""Христо Ботев""","2700160","14","37.75","14","37.32"
"ШУМЕН","ШУМЕН","С.ИВАНСКИ","Обединено училище ""Христо Ботев""","2700273","15","39.33","15","37.53"
"ШУМЕН","ШУМЕН","С.МАДАРА","Основно училище ""Панайот Волов""","2700144","5","50","5","51.1"
"ШУМЕН","ШУМЕН","С.ЦАРЕВ БРОД","Основно училище ""Св. св. Кирил и Методий""","2700189","14","54.39","14","41.43"
"ЯМБОЛ","БОЛЯРОВО","ГР.БОЛЯРОВО","Средно училище ""Д-р Петър Берон""","2821519","9","55.83","9","51.72"
"ЯМБОЛ","БОЛЯРОВО","С.СТЕФАН КАРАДЖОВО","ОУ ""Стефан Караджа""","2821520","8","36.31","8","43.19"
"ЯМБОЛ","ЕЛХОВО","ГР.ЕЛХОВО","ОУ ""Св. св. Кирил и Методий""","2831523","30","59.93","30","50.38"
"ЯМБОЛ","ЕЛХОВО","ГР.ЕЛХОВО","ОУ ""Св. Паисий Хилендарски""","2831524","57","76.82","57","55.45"
"ЯМБОЛ","ЕЛХОВО","С.БОЯНОВО","ОУ ""Св. Паисий Хилендарски""","2831531","9","45","9","44"
"ЯМБОЛ","ЕЛХОВО","С.ГРАНИТОВО","ОУ ""Хаджи Димитър""","2831527","10","51.05","10","46.3"
"ЯМБОЛ","СТРАЛДЖА","ГР.СТРАЛДЖА","Средно училище ""Пейо Крачолов Яворов""","2841532","49","55.92","50","47.92"
"ЯМБОЛ","СТРАЛДЖА","ГР.СТРАЛДЖА","ОУ ""Св. св. Кирил и Методий""","2841534","34","52.26","34","56.29"
"ЯМБОЛ","СТРАЛДЖА","С.ВОЙНИКА","ОУ ""Христо Ботев""","2841536","3","86","3","68"
"ЯМБОЛ","СТРАЛДЖА","С.ЗИМНИЦА","ОУ ""Св. св. Кирил и Методий""","2841535","10","53.25","9","44.89"
"ЯМБОЛ","ТУНДЖА","С.БОТЕВО","ОУ ""Христо Ботев""","2851547","6","47.83","6","32.17"
"ЯМБОЛ","ТУНДЖА","С.БОЯДЖИК","ОУ ""Св. св. Кирил и Методий""","2851548","13","50.38","13","46.12"
"ЯМБОЛ","ТУНДЖА","С.ВЕСЕЛИНОВО","ОУ ""Св. св. Кирил и Методий""","2851558","13","60.69","13","60.96"
"ЯМБОЛ","ТУНДЖА","С.ДРАЖЕВО","ОУ ""Св. св. Кирил и Методий""","2851556","11","45.82","11","61.59"
"ЯМБОЛ","ТУНДЖА","С.ЗАВОЙ","НУ ""Васил Левски""","2851541","16","44.38","16","52.41"
"ЯМБОЛ","ТУНДЖА","С.КРУМОВО","НУ ""Св. Климент Охридски""","2851542","9","67","9","44.28"
"ЯМБОЛ","ТУНДЖА","С.КУКОРЕВО","ОУ ""Христо Ботев""","2851549","12","55.71","12","54.5"
"ЯМБОЛ","ТУНДЖА","С.РОЗА","ОУ ""Св. Паисий Хилендарски""","2851546","9","88.67","9","67.94"
"ЯМБОЛ","ТУНДЖА","С.СКАЛИЦА","Средно училище ""Св. Паисий Хилендарски""","2851559","10","52.6","10","30.75"
"ЯМБОЛ","ТУНДЖА","С.ТЕНЕВО","Обединено училище ""Васил Левски""","2851560","11","50.86","11","45.68"
"ЯМБОЛ","ЯМБОЛ","ГР.ЯМБОЛ","НУ ""Проф. Петър Нойков""","2811501","42","85.75","42","77"
"ЯМБОЛ","ЯМБОЛ","ГР.ЯМБОЛ","НУ ""Св. св. Кирил и Методий""","2811504","58","84.32","58","68.75"
"ЯМБОЛ","ЯМБОЛ","ГР.ЯМБОЛ","ОУ ""Йордан Йовков""","2811506","69","49.51","69","66.67"
"ЯМБОЛ","ЯМБОЛ","ГР.ЯМБОЛ","ОУ ""Николай Петрини""","2811507","94","84.57","94","67.99"
"ЯМБОЛ","ЯМБОЛ","ГР.ЯМБОЛ","ОУ ""Любен Каравелов""","2811509","109","84.09","106","64.17"
"ЯМБОЛ","ЯМБОЛ","ГР.ЯМБОЛ","Средно училище ""Св. Климент Охридски""","2811510","43","47.29","42","35.86"
"ЯМБОЛ","ЯМБОЛ","ГР.ЯМБОЛ","ОУ ""Петко Рачов Славейков""","2811512","90","84.73","90","70.67"
"ЯМБОЛ","ЯМБОЛ","ГР.ЯМБОЛ","ОУ ""Христо Смирненски""","2811513","8","52.81","9","44.78"
"ЯМБОЛ","ЯМБОЛ","ГР.ЯМБОЛ","Обединено училище ""Д-р Петър Берон""","2811514","74","49.31","75","45.93"
