"Област","Община","Населено място","Училище","Код по НЕИСПУО","БЕЛ Явили се","БЕЛ Ср. успех в точки","МАТ Явили се","МАТ Ср. успех в точки"
"БЛАГОЕВГРАД","БАНСКО","ГР.БАНСКО","Професионална лесотехническа гимназия""Никола Йонков Вапцаров""","102004","27","21.7","27","15.84"
"БЛАГОЕВГРАД","БАНСКО","ГР.БАНСКО","Гимназия по туризъм ""Алеко Константинов""","102010","11","21.41","12","13.63"
"БЛАГОЕВГРАД","БАНСКО","ГР.БАНСКО","Професионална гимназия по електроника и енергетика","102015","46","35.75","45","22.87"
"БЛАГОЕВГРАД","БАНСКО","ГР.БАНСКО","Средно училище ""Неофит Рилски""","105201","21","42.29","21","54.31"
"БЛАГОЕВГРАД","БЕЛИЦА","ГР.БЕЛИЦА","Средно училище ""Св.Св.Кирил и Методий""","105001","55","37.35","55","37.77"
"БЛАГОЕВГРАД","БЕЛИЦА","ГР.БЕЛИЦА","Професионална гимназия ""Никола Йонков Вапцаров""","105002","43","31.72","42","41.72"
"БЛАГОЕВГРАД","БЛАГОЕВГРАД","ГР.БЛАГОЕВГРАД","Благоевградска професионална гимназия ""Ичко Бойчев""","100052","58","22.13","56","14.69"
"БЛАГОЕВГРАД","БЛАГОЕВГРАД","ГР.БЛАГОЕВГРАД","Седмо средно училище ""Кузман Шапкарев""","100070","25","36.06","25","18.07"
"БЛАГОЕВГРАД","БЛАГОЕВГРАД","ГР.БЛАГОЕВГРАД","Езикова гимназия ""Акад. Людмил Стоянов""","100190","155","66.47","154","46.09"
"БЛАГОЕВГРАД","БЛАГОЕВГРАД","ГР.БЛАГОЕВГРАД","Природо-математическа гимназия ""Акад. Сергей Корольов""","100200","158","63.67","157","48.02"
"БЛАГОЕВГРАД","БЛАГОЕВГРАД","ГР.БЛАГОЕВГРАД","Професионална гимназия по икономика ""Иван Илиев""","100280","105","46.06","104","23.74"
"БЛАГОЕВГРАД","БЛАГОЕВГРАД","ГР.БЛАГОЕВГРАД","Професионална гимназия по строителство архитектура и геодезия "" Васил Левски""","100300","83","43.71","82","22.84"
"БЛАГОЕВГРАД","БЛАГОЕВГРАД","ГР.БЛАГОЕВГРАД","Средно училище с изучаване на чужди езици ""Свети Климент Охридски""","101250","27","40.26","19","18.99"
"БЛАГОЕВГРАД","БЛАГОЕВГРАД","ГР.БЛАГОЕВГРАД","Професионална гимназия по туризъм и лека промишленост ""Гоце Делчев""","101730","51","26.15","50","13.67"
"БЛАГОЕВГРАД","БЛАГОЕВГРАД","ГР.БЛАГОЕВГРАД","Национална хуманитарна гимназия""Св.св.Кирил и Методий""","101870","134","52.35","134","29.57"
"БЛАГОЕВГРАД","БЛАГОЕВГРАД","ГР.БЛАГОЕВГРАД","Пето средно училище ""Георги Измирлиев""","102060","24","38.04","24","15.88"
"БЛАГОЕВГРАД","ГОЦЕ ДЕЛЧЕВ","ГР.ГОЦЕ ДЕЛЧЕВ","Неврокопска професионална гимназия ""Димитър Талев""","102001","160","46.99","158","26.54"
"БЛАГОЕВГРАД","ГОЦЕ ДЕЛЧЕВ","ГР.ГОЦЕ ДЕЛЧЕВ","Природо-математическа гимназия ""Яне Сандански""","102002","134","57.67","134","37.73"
"БЛАГОЕВГРАД","ГОЦЕ ДЕЛЧЕВ","ГР.ГОЦЕ ДЕЛЧЕВ","Професионална гимназия по механизация на селското стопанство ""Пейо Крачолов Яворов""","102016","100","30.6","102","19.72"
"БЛАГОЕВГРАД","ГОЦЕ ДЕЛЧЕВ","С.БРЕЗНИЦА","Средно училище ""Св. Св. Кирил и Методий""","103401","34","41.53","34","25.49"
"БЛАГОЕВГРАД","ГЪРМЕН","С.ГЪРМЕН","Средно училище ""Св.Св.Кирил и Методий""","101301","18","31.31","16","32.63"
"БЛАГОЕВГРАД","ГЪРМЕН","С.ДЕБРЕН","Обединено училище ""Св. Климент Охридски""","103005","14","30.07","14","28.46"
"БЛАГОЕВГРАД","ГЪРМЕН","С.ДОЛНО ДРЯНОВО","Обединено училище ""Христо Ботев""","103008","15","38.17","15","21.23"
"БЛАГОЕВГРАД","ГЪРМЕН","С.ДЪБНИЦА","Обединено училище ""Христо Ботев""","103019","13","22.19","12","10.9"
"БЛАГОЕВГРАД","ГЪРМЕН","С.РИБНОВО","Средно училище ""Йордан Йовков""","103002","50","32.05","50","33.72"
"БЛАГОЕВГРАД","КРЕСНА","ГР.КРЕСНА","Средно училище ""Св.Паисий Хилендарски""","105101","17","43.18","17","21.9"
"БЛАГОЕВГРАД","ПЕТРИЧ","ГР.ПЕТРИЧ","Професионална гимназия по механоелектротехника ""Юрий Гагарин""","102009","39","11.4","36","10.89"
"БЛАГОЕВГРАД","ПЕТРИЧ","ГР.ПЕТРИЧ","Професионална гимназия по икономика и туризъм "" Проф. д-р Асен Златаров""","102014","95","32.54","93","17.77"
"БЛАГОЕВГРАД","ПЕТРИЧ","ГР.ПЕТРИЧ","Средно училище ""Никола Йонков Вапцаров""","103310","47","40.74","47","21.54"
"БЛАГОЕВГРАД","ПЕТРИЧ","ГР.ПЕТРИЧ","Профилирана гимназия ""Пейо Крачолов Яворов""","104001","118","48.31","116","29.46"
"БЛАГОЕВГРАД","ПЕТРИЧ","ГР.ПЕТРИЧ","Средно училище ""Антон Попов""","104002","16","6.25","15","9.62"
"БЛАГОЕВГРАД","ПЕТРИЧ","С.КОЛАРОВО","Средно училище ""Васил Левски""","104003","14","26.25","14","20.48"
"БЛАГОЕВГРАД","ПЕТРИЧ","С.ПЪРВОМАЙ","Средно училище ""Св.Паисий Хилендарски""","104004","25","40.52","25","32.05"
"БЛАГОЕВГРАД","РАЗЛОГ","ГР.РАЗЛОГ","Разложка професионална гимназия ""Никола Стойчев""","102012","33","34.74","32","33.98"
"БЛАГОЕВГРАД","РАЗЛОГ","ГР.РАЗЛОГ","Професионална гимназия по механизация на селското стопанствo","102017","42","30.14","41","31.43"
"БЛАГОЕВГРАД","РАЗЛОГ","ГР.РАЗЛОГ","Професионална гимназия по транспорт","102113","73","28.93","72","29.57"
"БЛАГОЕВГРАД","РАЗЛОГ","ГР.РАЗЛОГ","Средно училище ""Братя Петър и Иван Каназиреви""","103501","75","55.66","74","38.99"
"БЛАГОЕВГРАД","САНДАНСКИ","ГР.САНДАНСКИ","Професионална техническа гимназия","102007","25","19.48","25","10.34"
"БЛАГОЕВГРАД","САНДАНСКИ","ГР.САНДАНСКИ","Земеделска професионална гимназия ""Климент Аркадиевич Тимирязев""","102013","153","52.54","153","28.14"
"БЛАГОЕВГРАД","САНДАНСКИ","ГР.САНДАНСКИ","Профилирана гимназия ""Яне Сандански""","104101","126","41.65","122","22.95"
"БЛАГОЕВГРАД","САНДАНСКИ","ГР.САНДАНСКИ","Спортно училище","109185","20","28.88","17","22.06"
"БЛАГОЕВГРАД","САТОВЧА","С.ВЪЛКОСЕЛ","Средно училище ""Христо Ботев""","109030","36","52.01","36","54.81"
"БЛАГОЕВГРАД","САТОВЧА","С.КОЧАН","Средно училище ""Христо Смирненски""","109055","32","41.98","32","31.09"
"БЛАГОЕВГРАД","САТОВЧА","С.ПЛЕТЕНА","Обединено училище ""Св. Св. Кирил и Методий""","109054","7","33.14","7","17.93"
"БЛАГОЕВГРАД","САТОВЧА","С.САТОВЧА","Средно училище ""Св. Св. Кирил и Методий""","109050","25","38.32","25","36.12"
"БЛАГОЕВГРАД","САТОВЧА","С.СЛАЩЕН","Средно училище ""Свети Климент Охридски""","109037","22","39.86","20","41.96"
"БЛАГОЕВГРАД","СИМИТЛИ","ГР.СИМИТЛИ","Средно училище ""Св. Св. Кирил и Методий""","103133","20","27.33","20","15.69"
"БЛАГОЕВГРАД","СИМИТЛИ","С.ДОЛНО ОСЕНОВО","Обединено училище ""Св.Паисий Хилендарски""","109107","9","27.83","9","13"
"БЛАГОЕВГРАД","СИМИТЛИ","С.КРУПНИК","Средно училище ""Св.св.Кирил и Методий""","109102","16","16.31","16","12.73"
"БЛАГОЕВГРАД","СТРУМЯНИ","С.МИКРЕВО","Средно училище ""Св. Паисий Хилендарски""","108100","18","6.31","18","10.75"
"БЛАГОЕВГРАД","ХАДЖИДИМОВО","ГР.ХАДЖИДИМОВО","Средно училище ""Никола Йонков Вапцаров""","108001","21","35.31","20","25.19"
"БЛАГОЕВГРАД","ХАДЖИДИМОВО","С.АБЛАНИЦА","Средно училище Св. Паисий Хилендарски""","108004","29","44.48","29","23.73"
"БЛАГОЕВГРАД","ЯКОРУДА","ГР.ЯКОРУДА","Професионална гимназия ""Петко Рачов Славейков""","102011","40","28.03","40","25.83"
"БЛАГОЕВГРАД","ЯКОРУДА","ГР.ЯКОРУДА","Средно училище ""Свети Свети Кирил и Методий""","107090","30","39.12","29","44.47"
"БЛАГОЕВГРАД","ЯКОРУДА","С.КОНАРСКО","Обединено училище ""Братя Миладинови""","107092","16","41.72","16","41.03"
"БУРГАС","АЙТОС","ГР.АЙТОС","Средно училище ""Христо Ботев""","200112","53","51.2","53","38.9"
"БУРГАС","АЙТОС","ГР.АЙТОС","Средно училище ""Никола Йонков Вапцаров""","200113","103","35.88","103","36.5"
"БУРГАС","АЙТОС","ГР.АЙТОС","Професионална гимназия по селско стопанство ""Златна нива""","200114","59","32.23","59","36.37"
"БУРГАС","БУРГАС","ГР.БУРГАС","Професионална гимназия по компютърно програмиране и иновации","200120","99","57.96","99","51.17"
"БУРГАС","БУРГАС","ГР.БУРГАС","Обединено училище ""Васил Левски"" - кв. Горно Езерово","200216","14","6.36","14","8.57"
"БУРГАС","БУРГАС","ГР.БУРГАС","Средно училище ""Св. Климент Охридски"" - кв. Рудник","200226","16","8.97","15","10.47"
"БУРГАС","БУРГАС","ГР.БУРГАС","Средно училище ""Иван Вазов""","200227","52","39.09","51","19.75"
"БУРГАС","БУРГАС","ГР.БУРГАС","Средно училище "" Йордан Йовков""","200228","52","48.41","46","22.82"
"БУРГАС","БУРГАС","ГР.БУРГАС","Средно училище ""Епископ Константин Преславски""","200229","100","44.35","97","20.2"
"БУРГАС","БУРГАС","ГР.БУРГАС","Средно училище ""Димчо Дебелянов""","200230","45","27.53","44","17.72"
"БУРГАС","БУРГАС","ГР.БУРГАС","Средно училище ""Добри Чинтулов""","200231","50","32.47","49","13.91"
"БУРГАС","БУРГАС","ГР.БУРГАС","Средно училище ""Константин Петканов""","200232","38","34.33","32","22.45"
"БУРГАС","БУРГАС","ГР.БУРГАС","Средно училище ""Петко Росен""","200233","25","24.1","21","11.4"
"БУРГАС","БУРГАС","ГР.БУРГАС","Средно училище ""Св. св. Кирил и Методий""","200234","69","40.93","51","19.84"
"БУРГАС","БУРГАС","ГР.БУРГАС","Профилирана гимназия за романски езици ""Георги Стойков Раковски""","200235","182","66.8","175","38.19"
"БУРГАС","БУРГАС","ГР.БУРГАС","Английска езикова гимназия ""Гео Милев""","200236","162","62.12","161","38.21"
"БУРГАС","БУРГАС","ГР.БУРГАС","Немска езикова гимназия ""Гьоте""","200237","160","72.2","155","51.24"
"БУРГАС","БУРГАС","ГР.БУРГАС","Профилирана гимназия за чужди езици ""Васил Левски""","200238","156","54.43","149","21.93"
"БУРГАС","БУРГАС","ГР.БУРГАС","Профилирана природоматематическа гимназия ""Академик Никола Обрешков""","200239","158","72.5","158","82.31"
"БУРГАС","БУРГАС","ГР.БУРГАС","Спортно училище ""Юрий Гагарин""","200240","52","31.1","50","15.35"
"БУРГАС","БУРГАС","ГР.БУРГАС","Професионална гимназия по туризъм ""Проф. д-р Асен Златаров""","200242","173","41.61","154","18.5"
"БУРГАС","БУРГАС","ГР.БУРГАС","Професионална гимназия по морско корабоплаване и риболов ""Свети Никола""","200243","71","26.28","62","15.95"
"БУРГАС","БУРГАС","ГР.БУРГАС","Професионална гимназия по механоелектротехника и електроника","200244","155","47.75","152","27.66"
"БУРГАС","БУРГАС","ГР.БУРГАС","Професионална гимназия по строителство, архитектура и геодезия ""Кольо Фичето""","200245","159","53.44","158","31.94"
"БУРГАС","БУРГАС","ГР.БУРГАС","Търговска гимназия","200246","157","60.58","153","36.27"
"БУРГАС","БУРГАС","ГР.БУРГАС","Професионална гимназия по химични технологии ""Акад. Н. Д. Зелинский""","200247","153","31.9","146","15.59"
"БУРГАС","БУРГАС","ГР.БУРГАС","Професионална гимназия по електротехника и електроника ""Константин Фотинов""","200248","149","40.58","148","26.11"
"БУРГАС","БУРГАС","ГР.БУРГАС","Професионална гимназия по транспорт","200249","95","22.94","92","15.32"
"БУРГАС","БУРГАС","ГР.БУРГАС","Професионална техническа гимназия","200250","29","12.16","36","12.92"
"БУРГАС","БУРГАС","ГР.БУРГАС","Професионална гимназия по сградостроителство и инсталации ""Пеньо Пенев""","200252","30","13.05","27","12.33"
"БУРГАС","БУРГАС","ГР.БУРГАС","Частна профилирана гимназия с изучаване на английски език Британика 1998","200258","4","41.25","2","14.63"
"БУРГАС","БУРГАС","ГР.БУРГАС","Национално училище за музикално и сценично изкуство "" Проф. Панчо Владигеров""","2902103","47","48.15","20","25.76"
"БУРГАС","КАМЕНО","ГР.КАМЕНО","Средно училище ""Христо Ботев""","200308","22","19.61","20","12.55"
"БУРГАС","КАРНОБАТ","ГР.КАРНОБАТ","Средно училище ""Св.Св.Кирил и Методий""","200411","51","40.28","51","40.27"
"БУРГАС","КАРНОБАТ","ГР.КАРНОБАТ","Средно училище ""Христо Ботев""","200412","77","48.99","77","59.71"
"БУРГАС","КАРНОБАТ","ГР.КАРНОБАТ","Професионална гимназия по селско стопанство","200413","66","37.33","77","37.58"
"БУРГАС","МАЛКО ТЪРНОВО","ГР.МАЛКО ТЪРНОВО","Средно училище""Васил Левски""","200503","12","31.63","12","38.67"
"БУРГАС","НЕСЕБЪР","ГР.НЕСЕБЪР","Средно училище ""Любен Каравелов""","200608","78","42.96","78","22.58"
"БУРГАС","НЕСЕБЪР","ГР.НЕСЕБЪР","Професионална гимназия по туризъм ""Иван Вазов""","200609","94","24.54","84","15.57"
"БУРГАС","ПОМОРИЕ","ГР.ПОМОРИЕ","Средно училище ""Иван Вазов""","200711","52","48.94","50","24.41"
"БУРГАС","ПОМОРИЕ","ГР.ПОМОРИЕ","Професионална гимназия по туризъм ""Алеко Константинов""","200712","38","19.83","37","13.65"
"БУРГАС","ПРИМОРСКО","ГР.ПРИМОРСКО","Средно училище ""Никола Йонков Вапцаров""","200803","26","38.4","26","20.68"
"БУРГАС","РУЕН","С.ЛЮЛЯКОВО","Средно Училище "" Отец Паисий""","200931","33","32.62","34","51.43"
"БУРГАС","РУЕН","С.ПРОСЕНИК","Обединено училище ""Св. Св. Кирил и Методий""","200918","21","13.17","21","12.17"
"БУРГАС","РУЕН","С.РУЕН","Средно училище ""Елин Пелин""","200932","99","38.79","99","55.34"
"БУРГАС","РУЕН","С.ТРЪНАК","Средно училище "" Димитър Полянов""","200929","41","34.35","41","39.15"
"БУРГАС","СОЗОПОЛ","ГР.СОЗОПОЛ","Средно училище ""Св. св. Кирил и Методий""","201009","29","16.64","29","12"
"БУРГАС","СРЕДЕЦ","ГР.СРЕДЕЦ","Средно училище ""Свети Свети Кирил и Методий""","201104","18","21.47","18","13.08"
"БУРГАС","СРЕДЕЦ","ГР.СРЕДЕЦ","Професионална гимназия по механизация на селското стопанство и електроника ""Никола Йонков Вапцаров""","201106","51","17.31","52","14.61"
"БУРГАС","СУНГУРЛАРЕ","ГР.СУНГУРЛАРЕ","Средно училище ""Христо Ботев""","201212","47","19.79","48","32.04"
"БУРГАС","ЦАРЕВО","ГР.ЦАРЕВО","Средно училище ""Никола Йонков Вапцаров""","201305","57","43.64","55","23.75"
"ВАРНА","АВРЕН","С.СИНДЕЛ","Средно училище ""Св. Св. Кирил и Методий""","400084","21","22.52","21","14.48"
"ВАРНА","АКСАКОВО","ГР.АКСАКОВО","Средно училище ""Свети Климент Охридски""","400087","26","37.58","25","16.4"
"ВАРНА","АКСАКОВО","ГР.ИГНАТИЕВО","Средно училище ""Свети Свети Кирил и Методий""","400090","20","13.43","20","10.03"
"ВАРНА","АКСАКОВО","С.ЛЮБЕН КАРАВЕЛОВО","Обединено училище ""Иван Вазов""","400093","14","26.25","14","11.46"
"ВАРНА","БЕЛОСЛАВ","ГР.БЕЛОСЛАВ","Средно училище ""Св. св. Кирил и Методий""","400096","31","36.79","28","19.56"
"ВАРНА","БЕЛОСЛАВ","ГР.БЕЛОСЛАВ","Професионална гимназия ""Свети Димитър Солунски""","400098","36","23.9","35","42.01"
"ВАРНА","БЯЛА","ГР.БЯЛА","Професионална гимназия по селско стопанство и туризъм","400106","14","21.54","13","11.73"
"ВАРНА","ВАРНА","ГР.ВАРНА","Седмо средно училище ""Найден Геров""","400030","51","49.25","48","36.48"
"ВАРНА","ВАРНА","ГР.ВАРНА","Средно училище с езиково обучение ""Ал. С. Пушкин""","400031","106","64.87","103","44.89"
"ВАРНА","ВАРНА","ГР.ВАРНА","Спортно училище ""Георги Бенковски""","400033","87","36.02","70","19.16"
"ВАРНА","ВАРНА","ГР.ВАРНА","Средно училище ""Гео Милев""","400034","52","51.24","52","25.44"
"ВАРНА","ВАРНА","ГР.ВАРНА","Средно училище ""Елин Пелин""","400036","20","32.73","20","13.63"
"ВАРНА","ВАРНА","ГР.ВАРНА","Средно училище ""Любен Каравелов""","400037","19","25.18","18","18.69"
"ВАРНА","ВАРНА","ГР.ВАРНА","Средно училище ""Пейо Крачолов Яворов""","400039","43","40.93","42","24.66"
"ВАРНА","ВАРНА","ГР.ВАРНА","Трета природоматематическа гимназия ""Академик Методий Попов""","400041","135","63.15","134","42.03"
"ВАРНА","ВАРНА","ГР.ВАРНА","ІV Езикова гимназия ""Фредерик Жолио - Кюри""","400042","218","67.97","214","43.61"
"ВАРНА","ВАРНА","ГР.ВАРНА","Гимназия с преподаване на чужди езици ""Йоан Екзарх""","400043","184","67.32","181","49.72"
"ВАРНА","ВАРНА","ГР.ВАРНА","Професионална гимназия по икономика и технологии ""Д-р Иван Богоров""","400044","155","53.79","155","30.18"
"ВАРНА","ВАРНА","ГР.ВАРНА","Първа езикова гимназия","400045","234","75.72","233","67.77"
"ВАРНА","ВАРНА","ГР.ВАРНА","Математическа гимназия ""Д-р Петър Берон""","400046","181","72.48","182","80.26"
"ВАРНА","ВАРНА","ГР.ВАРНА","Средно училище за хуманитарни науки и изкуства ""Константин Преславски""","400047","183","56.91","176","30.78"
"ВАРНА","ВАРНА","ГР.ВАРНА","Професионална техническа гимназия","400055","236","45.56","230","25.75"
"ВАРНА","ВАРНА","ГР.ВАРНА","Професионална гимназия по химични и хранително-вкусови технологии ""Дм.Ив.Менделеев""","400058","115","41.98","50","20.72"
"ВАРНА","ВАРНА","ГР.ВАРНА","Частно средно училище ""Аз съм българче""","400061","6","42.75","3","32.83"
"ВАРНА","ВАРНА","ГР.ВАРНА","Професионална гимназия по строителство архитектура и геодезия ""Васил Левски""","400063","198","37.81","185","17.59"
"ВАРНА","ВАРНА","ГР.ВАРНА","Частна Търговска Гимназия ""Конто Трейд"" ЕООД","400070","6","21.75","6","19.29"
"ВАРНА","ВАРНА","ГР.ВАРНА","Частна профилирана гимназия ""Антоан дьо Сент-Екзюпери""","400074","31","56.16","10","51.53"
"ВАРНА","ВАРНА","ГР.ВАРНА","Частна езикова гимназия с изучаване на чужди езици ""Джордж Байрон""","400076","28","48.02","26","25.51"
"ВАРНА","ВАРНА","ГР.ВАРНА","Професионална гимназия по компютърно моделиране и компютърни системи ""Акад. Бл. Сендов""","400104","110","62.55","110","60.94"
"ВАРНА","ВАРНА","ГР.ВАРНА","ЧАСТНО СРЕДНО УЧИЛИЩЕ ""ДЕМОКРАТИЧНО ОБРАЗОВАНИЕ ВАРНА""","400132","0","0","0","0"
"ВАРНА","ВАРНА","ГР.ВАРНА","Варненска търговска гимназия ""Георги Стойков Раковски""","402030","153","62.38","109","42.31"
"ВАРНА","ВАРНА","ГР.ВАРНА","Професионална гимназия по текстил и моден дизайн","402161","99","36.38","83","16.33"
"ВАРНА","ВАРНА","ГР.ВАРНА","Професионална гимназия по горско стопанство и дървообработване ""Николай Хайтов""","402172","103","30.62","104","26.24"
"ВАРНА","ВАРНА","ГР.ВАРНА","Варненска морска гимназия ""Свети Николай Чудотворец""","402183","154","37.97","148","22.86"
"ВАРНА","ВАРНА","ГР.ВАРНА","Професионална гимназия по електротехника","403531","194","36.38","196","22.42"
"ВАРНА","ВАРНА","ГР.ВАРНА","Професионална гимназия по туризъм ""Професор д-р Асен Златаров""","403534","213","51.74","186","23.62"
"ВАРНА","ВАРНА","ГР.ВАРНА","Средно училище ""Димчо Дебелянов""","403537","47","53","46","27.39"
"ВАРНА","ВАРНА","ГР.ВАРНА","Средно училище ""Неофит Бозвели""","403538","62","32.89","48","19.12"
"ВАРНА","ВАРНА","ГР.ВАРНА","Частно средно училище ""Мечтатели""","403558","4","53.5","3","25.83"
"ВАРНА","ВАРНА","ГР.ВАРНА","Частно средно училище ""Монтесори Варна"" ООД","403564","2","30","2","16"
"ВАРНА","ВАРНА","ГР.ВАРНА","НАЦИОНАЛНО УЧИЛИЩЕ ПО ИЗКУСТВАТА ""ДОБРИ ХРИСТОВ""","2902106","71","51.01","68","29.48"
"ВАРНА","ВЕТРИНО","С.ВЕТРИНО","Средно училище ""Христо Ботев""","400108","33","36.91","33","15.66"
"ВАРНА","ВЪЛЧИ ДОЛ","ГР.ВЪЛЧИДОЛ","Средно училище ""Васил Левски""","400112","23","30.89","23","14.59"
"ВАРНА","ВЪЛЧИ ДОЛ","С.МИХАЛИЧ","Обединено училище ""Васил Левски""","400117","10","23.3","11","34.73"
"ВАРНА","ВЪЛЧИ ДОЛ","С.СТЕФАН КАРАДЖА","Професионална гимназия по земеделие и горско стопанство","400113","18","15.94","18","13.47"
"ВАРНА","ДЕВНЯ","ГР.ДЕВНЯ","Среднo училище ""Васил Левски""","400123","46","28.5","46","17.1"
"ВАРНА","ДОЛНИ ЧИФЛИК","ГР.ДОЛНИ ЧИФЛИК","Средно училище ""Васил Левски""","400126","49","32.89","49","16.8"
"ВАРНА","ДОЛНИ ЧИФЛИК","ГР.ДОЛНИ ЧИФЛИК","Професионална гимназия по селско стопанствo ""Иван Владимирович Мичурин""","400127","58","24.46","58","26.13"
"ВАРНА","ДЪЛГОПОЛ","ГР.ДЪЛГОПОЛ","Средно училище ""Свети Климент Охридски""","400136","56","24.72","56","16.15"
"ВАРНА","ДЪЛГОПОЛ","С.МЕДОВЕЦ","Средно училище ""Назъм Хикмет""","400142","16","24.94","16","31.41"
"ВАРНА","ДЪЛГОПОЛ","С.ЦОНЕВО","Обединено училище ""Христо Ботев""","400145","8","7","7","7.07"
"ВАРНА","ПРОВАДИЯ","ГР.ПРОВАДИЯ","Средно училище ""Димитър Благоев""","400148","50","41.86","50","28.22"
"ВАРНА","ПРОВАДИЯ","ГР.ПРОВАДИЯ","Професионална гимназия по хотелиерство ресторантьорство и туризъм ""Цар Симеон Велики""","400149","35","13.26","37","11.72"
"ВАРНА","ПРОВАДИЯ","ГР.ПРОВАДИЯ","Професионална гимназия по селско стопанство ""Земя""","400150","59","16.86","58","12.15"
"ВАРНА","ПРОВАДИЯ","С.БЛЪСКОВО","Обединено училище ""Св.Св.Кирил и Методий""","400152","15","32.57","15","33.97"
"ВАРНА","СУВОРОВО","ГР.СУВОРОВО","Средно училище ""Никола Йонков Вапцаров""","400163","24","33.48","24","18.4"
"ВАРНА","СУВОРОВО","ГР.СУВОРОВО","Професионална гимназия по селско стопанство ""Свети Георги Победоносец""","400166","29","37.52","33","42.95"
"ВЕЛИКО ТЪРНОВО","ВЕЛИКО ТЪРНОВО","ГР.ВЕЛИКО ТЪРНОВО","Профилирана Хуманитарна гимназия "" Свети свети Кирил и Методий""","300121","38","39.34","36","15.45"
"ВЕЛИКО ТЪРНОВО","ВЕЛИКО ТЪРНОВО","ГР.ВЕЛИКО ТЪРНОВО","Природо-математическа гимназия ""Васил Друмев""","300122","134","68.83","133","55.56"
"ВЕЛИКО ТЪРНОВО","ВЕЛИКО ТЪРНОВО","ГР.ВЕЛИКО ТЪРНОВО","Профилирана езикова гимназия ""Проф. д-р Асен Златаров""","300123","127","61.29","124","29.51"
"ВЕЛИКО ТЪРНОВО","ВЕЛИКО ТЪРНОВО","ГР.ВЕЛИКО ТЪРНОВО","Средно училище ""Емилиян Станев""","300124","78","61.31","74","29.87"
"ВЕЛИКО ТЪРНОВО","ВЕЛИКО ТЪРНОВО","ГР.ВЕЛИКО ТЪРНОВО","Средно училище ""Вела Благоева""","300125","16","35.16","16","15.73"
"ВЕЛИКО ТЪРНОВО","ВЕЛИКО ТЪРНОВО","ГР.ВЕЛИКО ТЪРНОВО","Средно училище ""Владимир Комаров""","300126","17","27.62","16","13.47"
"ВЕЛИКО ТЪРНОВО","ВЕЛИКО ТЪРНОВО","ГР.ВЕЛИКО ТЪРНОВО","Професионална гимназия по строителство архитектура и геодезия ""Ангел Попов""","300128","105","51.86","105","26.87"
"ВЕЛИКО ТЪРНОВО","ВЕЛИКО ТЪРНОВО","ГР.ВЕЛИКО ТЪРНОВО","Старопрестолна професионална гимназия по икономика ""Д-р Петър Аладжов""","300129","69","46.14","69","24.78"
"ВЕЛИКО ТЪРНОВО","ВЕЛИКО ТЪРНОВО","ГР.ВЕЛИКО ТЪРНОВО","Професионална гимназия по електроника ""Александър Степанович Попов""","300130","52","21.28","52","17.91"
"ВЕЛИКО ТЪРНОВО","ВЕЛИКО ТЪРНОВО","ГР.ВЕЛИКО ТЪРНОВО","Професионална гимназия по моден дизайн","300131","16","28.72","14","26.95"
"ВЕЛИКО ТЪРНОВО","ВЕЛИКО ТЪРНОВО","ГР.ВЕЛИКО ТЪРНОВО","Професионална гимназия по туризъм ""Д-р Васил Берон""","300132","95","44.83","96","20.78"
"ВЕЛИКО ТЪРНОВО","ВЕЛИКО ТЪРНОВО","ГР.ВЕЛИКО ТЪРНОВО","Частна профилирана гимназия ""АК - Аркус"" ЕООД","300141","41","70.02","41","48.62"
"ВЕЛИКО ТЪРНОВО","ВЕЛИКО ТЪРНОВО","ГР.ВЕЛИКО ТЪРНОВО","Спортно училище ""Георги Живков""","300143","35","38.9","36","21.06"
"ВЕЛИКО ТЪРНОВО","ГОРНА ОРЯХОВИЦА","ГР.ГОРНА ОРЯХОВИЦА","Средно училище ""Георги Измирлиев""","300216","54","52.19","51","24.63"
"ВЕЛИКО ТЪРНОВО","ГОРНА ОРЯХОВИЦА","ГР.ГОРНА ОРЯХОВИЦА","Средно училище ""Вичо Грънчаров""","300217","46","49.68","42","23.85"
"ВЕЛИКО ТЪРНОВО","ГОРНА ОРЯХОВИЦА","ГР.ГОРНА ОРЯХОВИЦА","Професионална техническа гимназия ""Васил Левски""","300218","19","23.16","20","15.11"
"ВЕЛИКО ТЪРНОВО","ГОРНА ОРЯХОВИЦА","ГР.ГОРНА ОРЯХОВИЦА","Професионална гимназия по електротехника и електроника ""Михайло Василиевич Ломоносов""","300219","79","43.46","79","27.09"
"ВЕЛИКО ТЪРНОВО","ГОРНА ОРЯХОВИЦА","ГР.ГОРНА ОРЯХОВИЦА","Професионална гимназия по хранителни технологии ""Проф.д-р Асен Златаров""","300220","35","14.99","34","11.26"
"ВЕЛИКО ТЪРНОВО","ГОРНА ОРЯХОВИЦА","ГР.ГОРНА ОРЯХОВИЦА","Професионална гимназия по лека промишленост и икономика ""Атанас Буров""","300221","59","33.37","59","17.15"
"ВЕЛИКО ТЪРНОВО","ГОРНА ОРЯХОВИЦА","ГР.ГОРНА ОРЯХОВИЦА","Професионална гимназия по железопътен транспорт ""Никола Йонков Вапцаров""","300222","17","31.06","17","17.15"
"ВЕЛИКО ТЪРНОВО","ЕЛЕНА","ГР.ЕЛЕНА","Средно училище ""Иван Николов Момчилов""","300305","33","41.2","33","28.62"
"ВЕЛИКО ТЪРНОВО","ЕЛЕНА","С.МАЙСКО","Обединено училище ""Отец Паисий""","300304","14","23.21","14","28.77"
"ВЕЛИКО ТЪРНОВО","ЗЛАТАРИЦА","ГР.ЗЛАТАРИЦА","Средно училище ""Св. св. Кирил и Методий""","300404","12","20.88","12","11.13"
"ВЕЛИКО ТЪРНОВО","ЗЛАТАРИЦА","ГР.ЗЛАТАРИЦА","Професионална гимназия по механизация на селското стопанство ""Никола Златарски""","300405","11","18.36","11","11.64"
"ВЕЛИКО ТЪРНОВО","ЛЯСКОВЕЦ","ГР.ЛЯСКОВЕЦ","Средно училище ""Максим Райкович""","300507","36","37.21","35","49.33"
"ВЕЛИКО ТЪРНОВО","ЛЯСКОВЕЦ","С.ДЖУЛЮНИЦА","Обединено училище ""Петко Рачев Славейков""","300506","2","18","3","8.33"
"ВЕЛИКО ТЪРНОВО","ПАВЛИКЕНИ","ГР.ПАВЛИКЕНИ","Средно училище ""Бачо Киро""","300618","35","46.71","34","21.4"
"ВЕЛИКО ТЪРНОВО","ПАВЛИКЕНИ","ГР.ПАВЛИКЕНИ","Професионална гимназия по аграрни технологии ""Цанко Церковски""","300619","65","31.07","60","21"
"ВЕЛИКО ТЪРНОВО","ПОЛСКИ ТРЪМБЕШ","ГР.ПОЛСКИ ТРЪМБЕШ","Средно училище ""Цанко Церковски""","300711","57","32.87","57","15.97"
"ВЕЛИКО ТЪРНОВО","СВИЩОВ","ГР.СВИЩОВ","Средно училище ""Цветан Радославов""","300814","21","35.6","21","22.6"
"ВЕЛИКО ТЪРНОВО","СВИЩОВ","ГР.СВИЩОВ","Средно училище ""Николай Катранов""","300815","47","57.98","47","33.58"
"ВЕЛИКО ТЪРНОВО","СВИЩОВ","ГР.СВИЩОВ","Средно училище ""Димитър Благоев""","300816","42","53","42","27.16"
"ВЕЛИКО ТЪРНОВО","СВИЩОВ","ГР.СВИЩОВ","Професионална държавна търговска гимназия ""Димитър Хадживасилев""","300817","31","31.52","30","17.72"
"ВЕЛИКО ТЪРНОВО","СВИЩОВ","ГР.СВИЩОВ","Свищовска професионална гимназия ""Алеко Константинов""","300819","39","27.73","36","15.81"
"ВЕЛИКО ТЪРНОВО","СТРАЖИЦА","ГР.СТРАЖИЦА","Средно училище ""Ангел Каралийчев""","300911","25","27.72","26","17.02"
"ВЕЛИКО ТЪРНОВО","СТРАЖИЦА","ГР.СТРАЖИЦА","Професионална гимназия по транспорт ""Васил Друмев""","300912","13","20.81","14","15.79"
"ВЕЛИКО ТЪРНОВО","СТРАЖИЦА","С.КАМЕН","Средно училище ""Св. Климент Охридски""","300916","16","13.81","16","12.31"
"ВЕЛИКО ТЪРНОВО","СУХИНДОЛ","ГР.СУХИНДОЛ","Средно училище ""Св. Климент Охридски""","300991","3","19.33","3","11.33"
"ВИДИН","БЕЛОГРАДЧИК","ГР.БЕЛОГРАДЧИК","СУ ""Христо Ботев""","500201","28","29.05","28","13.75"
"ВИДИН","БРЕГОВО","ГР.БРЕГОВО","СУ ""Св. св. Кирил и Методий""","500401","11","40","11","37.91"
"ВИДИН","ВИДИН","ГР.ВИДИН","ППМГ ""Екзарх Антим I""","500102","77","52.55","71","33.32"
"ВИДИН","ВИДИН","ГР.ВИДИН","ПТГ ""Васил Левски""","500108","19","12.03","19","11.53"
"ВИДИН","ВИДИН","ГР.ВИДИН","ПГТ ""Михалаки Георгиев""","500110","63","21.87","61","31.25"
"ВИДИН","ВИДИН","ГР.ВИДИН","ПГ ""Проф. д-р Асен Златаров""","502035","84","41.01","85","20.03"
"ВИДИН","ВИДИН","ГР.ВИДИН","СУ ""Цар Симеон Велики""","503132","52","56.13","52","31.05"
"ВИДИН","ВИДИН","ГР.ВИДИН","СУ ""Св. св. Кирил и Методий""","503241","21","31.45","21","14.37"
"ВИДИН","ВИДИН","ГР.ВИДИН","СУ ""Петко Рачов Славейков""","503242","24","33.04","24","18.41"
"ВИДИН","ВИДИН","ГР.ВИДИН","ГПЧЕ ""Йордан Радичков""","503322","80","59.37","80","29.35"
"ВИДИН","ВИДИН","ГР.ДУНАВЦИ","ПГСС ""Г. М. Димитров""","500117","15","13.43","17","10.85"
"ВИДИН","ДИМОВО","С.АРЧАР","СУ ""Христо Ботев""","500603","11","26.77","10","11.58"
"ВИДИН","КУЛА","ГР.КУЛА","СУ ""Васил Левски""","500701","8","26.25","7","17.93"
"ВИДИН","НОВО СЕЛО","С.НОВО СЕЛО","СУ ""Св. св. Кирил и Методий""","500901","6","25.33","6","23.5"
"ВИДИН","РУЖИНЦИ","С.ДРЕНОВЕЦ","СУ ""Никола Йонков Вапцаров""","501003","18","20.11","17","11.65"
"ВИДИН","РУЖИНЦИ","С.РУЖИНЦИ","СУ ""Никола Й. Вапцаров""","501010","12","15.38","11","17.14"
"ВРАЦА","БОРОВАН","С.БОРОВАН","Професионална гимназия по транспорт ""Коста Петров""","603004","16","19.59","16","11.88"
"ВРАЦА","БЯЛА СЛАТИНА","ГР.БЯЛА СЛАТИНА","Професионална гимназия по облекло ""Елисавета Багряна""","600221","14","41.43","14","56.02"
"ВРАЦА","БЯЛА СЛАТИНА","ГР.БЯЛА СЛАТИНА","Средно училище ""Васил Левски""","603024","45","41.39","44","20.18"
"ВРАЦА","БЯЛА СЛАТИНА","ГР.БЯЛА СЛАТИНА","Професионална агротехническа гимназия ""Никола Йонков Вапцаров""","603026","61","30.12","48","14.44"
"ВРАЦА","БЯЛА СЛАТИНА","С.ГАБАРЕ","Средно училище ""Христо Ботев""","602022","16","20.25","16","20.44"
"ВРАЦА","БЯЛА СЛАТИНА","С.ГАЛИЧЕ","Средно училище ""Христо Ботев""","603025","9","48.39","7","50.18"
"ВРАЦА","ВРАЦА","ГР.ВРАЦА","Профилирана езикова гимназия ""Йоан Екзарх""","600061","106","62.13","100","26.36"
"ВРАЦА","ВРАЦА","ГР.ВРАЦА","Средно училище ""Козма Тричков""","600327","23","63.54","23","23.34"
"ВРАЦА","ВРАЦА","ГР.ВРАЦА","Профилирана природо-математическа гимназия ""Академик Иван Ценов""","602062","104","69.13","103","57.08"
"ВРАЦА","ВРАЦА","ГР.ВРАЦА","Средно училище ""Отец Паисий""","603057","22","36.23","12","18.83"
"ВРАЦА","ВРАЦА","ГР.ВРАЦА","Средно училище ""Христо Ботев""","603058","53","56.09","51","30.31"
"ВРАЦА","ВРАЦА","ГР.ВРАЦА","Средно училище ""Васил Кънчов""","603059","26","58.52","26","40.33"
"ВРАЦА","ВРАЦА","ГР.ВРАЦА","Професионална техническа гимназия ""Н. Й. Вапцаров""","603065","95","35.59","95","19.17"
"ВРАЦА","ВРАЦА","ГР.ВРАЦА","Професионална гимназия по търговия и ресторантьорство","603067","70","25.53","69","14.38"
"ВРАЦА","ВРАЦА","ГР.ВРАЦА","Средно училище ""Никола Войводов""","603070","26","53.94","26","24.9"
"ВРАЦА","ВРАЦА","ГР.ВРАЦА","Професионална гимназия ""Димитраки Хаджитошин""","603071","46","33.84","46","16.25"
"ВРАЦА","ВРАЦА","ГР.ВРАЦА","Спортно училище ""Св.Климент Охридски""","608060","27","30.37","27","13.69"
"ВРАЦА","ВРАЦА","С.БАНИЦА","Обединено училище ""Христо Ботев""","602052","12","33","12","9.42"
"ВРАЦА","ВРАЦА","С.ДЕВЕНЕ","Обединено училище ""Свети свети Кирил и Методий""","602045","8","38.75","8","17.84"
"ВРАЦА","ВРАЦА","С.ТИШЕВИЦА","Обединено училище ""Св.Климент Охридски""","601040","6","21.25","6","12.42"
"ВРАЦА","КОЗЛОДУЙ","ГР.КОЗЛОДУЙ","Средно училище ""Христо Ботев""","603076","47","46.69","47","22.6"
"ВРАЦА","КОЗЛОДУЙ","ГР.КОЗЛОДУЙ","Средно училище ""Св. св. Кирил и Методий""","603077","43","58.88","43","38.43"
"ВРАЦА","КОЗЛОДУЙ","ГР.КОЗЛОДУЙ","Професионална гимназия по ядрена енергетика ""Игор Курчатов""","603078","75","25.51","76","12.61"
"ВРАЦА","КОЗЛОДУЙ","С.БУТАН","Средно училище ""Св. Св. Кирил и Методий""","602073","17","24.15","17","27.88"
"ВРАЦА","КРИВОДОЛ","ГР.КРИВОДОЛ","Средно училище ""Св. св. Кирил и Методий""","603087","25","19.7","26","14.49"
"ВРАЦА","КРИВОДОЛ","С.КРАВОДЕР","Обединено училище ""Св. св. Кирил и Методий""","602083","7","16.14","7","8"
"ВРАЦА","МЕЗДРА","ГР.МЕЗДРА","Средно училище ""Иван Вазов""","603098","47","36.84","47","17.44"
"ВРАЦА","МЕЗДРА","ГР.МЕЗДРА","Професионална гимназия ""Алеко Константинов""","603100","17","26.06","15","11.38"
"ВРАЦА","МЕЗДРА","ГР.МЕЗДРА","Професионална гимназия ""Васил Левски""","603101","11","41.5","11","43.5"
"ВРАЦА","МЕЗДРА","С.ЗВЕРИНО","Средно училище ""Свети Климент Охридски""","603099","12","42.96","12","32.1"
"ВРАЦА","МИЗИЯ","ГР.МИЗИЯ","Професионална гимназия ""Васил Левски""","603108","14","25.07","14","14.57"
"ВРАЦА","ОРЯХОВО","ГР.ОРЯХОВО","Средно училище ""Христо Ботев""","603116","44","35.58","44","17.23"
"ВРАЦА","РОМАН","ГР.РОМАН","Средно училище ""Васил Левски""","603123","27","36.74","28","49.13"
"ВРАЦА","РОМАН","С.КУНИНО","Професионална гимназия по каменообработване","2902507","6","20.83","6","15.67"
"ВРАЦА","ХАЙРЕДИН","С.ХАЙРЕДИН","Средно училище ""Васил Воденичарски""","603130","23","37.65","22","33.14"
"ГАБРОВО","ГАБРОВО","ГР.ГАБРОВО","Средно училище ""Отец Паисий""","700113","27","37.2","27","19.31"
"ГАБРОВО","ГАБРОВО","ГР.ГАБРОВО","НАЦИОНАЛНА АПРИЛОВСКА ГИМНАЗИЯ","700115","126","60.85","125","34.67"
"ГАБРОВО","ГАБРОВО","ГР.ГАБРОВО","Природоматематическа гимназия ""Академик Иван Гюзелев""","700116","102","69.91","102","60.1"
"ГАБРОВО","ГАБРОВО","ГР.ГАБРОВО","ПРОФЕСИОНАЛНА ТЕХНИЧЕСКА ГИМНАЗИЯ ""Д-р Никола Василиади""","700118","123","40.3","123","23.87"
"ГАБРОВО","ГАБРОВО","ГР.ГАБРОВО","Професионална гимназия по туризъм ""Пенчо Семов""","700120","76","38.2","77","16.19"
"ГАБРОВО","ДРЯНОВО","ГР.ДРЯНОВО","Средно училище ""Максим Райкович""","700204","18","33.97","18","17.03"
"ГАБРОВО","ДРЯНОВО","ГР.ДРЯНОВО","ПРОФЕСИОНАЛНА ГИМНАЗИЯ ПО ИКОНОМИКА И ТЕХНИКА ""РАЧО СТОЯНОВ""","700205","20","24.8","20","15.23"
"ГАБРОВО","СЕВЛИЕВО","ГР.СЕВЛИЕВО","Средно училище ""Васил Левски""","700318","65","56.75","63","27.41"
"ГАБРОВО","СЕВЛИЕВО","ГР.СЕВЛИЕВО","Професионална гимназия по механоелектротехника ""Ген.Иван Бъчваров""","700323","88","33.26","86","17.88"
"ГАБРОВО","СЕВЛИЕВО","ГР.СЕВЛИЕВО","Професионална гимназия ""Марин Попов""","700330","28","20.23","29","12.91"
"ГАБРОВО","СЕВЛИЕВО","С.ГРАДНИЦА","Професионална гимназия по транспорт и машиностроене","700320","14","9.64","13","9.77"
"ГАБРОВО","ТРЯВНА","ГР.ТРЯВНА","Средно училище ""Петко Рачев Славейков""","700403","21","48.24","21","19.71"
"ГАБРОВО","ТРЯВНА","ГР.ТРЯВНА","НАЦИОНАЛНА ГИМНАЗИЯ ЗА ПРИЛОЖНИ ИЗКУСТВА ""ТРЕВНЕНСКА ШКОЛА""","2902503","25","48.3","25","23.21"
"ДОБРИЧ","БАЛЧИК","ГР.БАЛЧИК","Средно училище ""Христо Ботев""","800061","44","41.97","44","23.26"
"ДОБРИЧ","БАЛЧИК","С.ОБРОЧИЩЕ","Средно училище ""Христо Смирненски""","800065","21","25.36","21","15.35"
"ДОБРИЧ","ГЕНЕРАЛ ТОШЕВО","ГР.ГЕНЕРАЛ ТОШЕВО","Средно училищe ""Никола Йонков Вапцаров""","800074","19","36.74","19","23.47"
"ДОБРИЧ","ГЕНЕРАЛ ТОШЕВО","ГР.ГЕНЕРАЛ ТОШЕВО","Професионална гимназия по земеделие ""Тодор Рачински""","800076","48","23.11","48","14.42"
"ДОБРИЧ","ГР.ДОБРИЧ","ГР.ДОБРИЧ","Обединено училище ""Йордан Йовков""","800003","19","12.84","19","9.92"
"ДОБРИЧ","ГР.ДОБРИЧ","ГР.ДОБРИЧ","Спортно училище Георги Стойков Раковски""","800012","15","22.13","12","12.83"
"ДОБРИЧ","ГР.ДОБРИЧ","ГР.ДОБРИЧ","Средно училище ""Димитър Талев""","800013","25","57.86","25","24.05"
"ДОБРИЧ","ГР.ДОБРИЧ","ГР.ДОБРИЧ","Средно училище ""Свети Климент Охридски""","800015","65","55.08","63","25.02"
"ДОБРИЧ","ГР.ДОБРИЧ","ГР.ДОБРИЧ","Средно училище ""Любен Каравелов""","800016","26","46.44","26","23.27"
"ДОБРИЧ","ГР.ДОБРИЧ","ГР.ДОБРИЧ","Средно училище ""Петко Рачов Славейков""","800017","26","54.02","26","30.93"
"ДОБРИЧ","ГР.ДОБРИЧ","ГР.ДОБРИЧ","Средно училище ""Свети свети Кирил и Методий""","800018","26","60","26","29.69"
"ДОБРИЧ","ГР.ДОБРИЧ","ГР.ДОБРИЧ","Природоматематическа гимназия ""Иван Вазов""","800019","75","49.61","74","25.61"
"ДОБРИЧ","ГР.ДОБРИЧ","ГР.ДОБРИЧ","Езикова гимназия ""Гео Милев""","800020","100","70.16","99","43.57"
"ДОБРИЧ","ГР.ДОБРИЧ","ГР.ДОБРИЧ","Професионална гимназия по техника и строителство ""Михаил Василиевич Ломоносов""","800021","27","28.54","28","16.07"
"ДОБРИЧ","ГР.ДОБРИЧ","ГР.ДОБРИЧ","Професионална гимназия по ветеринарна медицина ""Проф. д-р Георги Павлов""","800022","48","34.7","47","16.85"
"ДОБРИЧ","ГР.ДОБРИЧ","ГР.ДОБРИЧ","Финансово-стопанска гимназия ""Васил Левски""","800023","104","49.61","104","22.91"
"ДОБРИЧ","ГР.ДОБРИЧ","ГР.ДОБРИЧ","Професионална гимназия по аграрно стопанство","800026","43","29.79","43","15.74"
"ДОБРИЧ","ГР.ДОБРИЧ","ГР.ДОБРИЧ","Професионална гимназия по туризъм ""П. К. Яворов""","800028","72","26.25","72","16.53"
"ДОБРИЧ","ГР.ДОБРИЧ","ГР.ДОБРИЧ","Сдружение ""Частна профилирана гимназия по туризъм и предприемачество Райко Цончев""","800325","34","58.9","34","30.15"
"ДОБРИЧ","ГР.ДОБРИЧ","ГР.ДОБРИЧ","Частно средно училище с профилирана подготовка по чужди езици и математика ""Леонардо да Винчи""","800326","7","49.5","7","32"
"ДОБРИЧ","ГР.ДОБРИЧ","ГР.ДОБРИЧ","Професионална гимназия по транспорт обслужване и лека промишленост","800328","44","21.59","44","14.8"
"ДОБРИЧ","ДОБРИЧ","С.КАРАПЕЛИТ","Средно училище ""Никола Вапцаров""","800043","3","12.17","2","15.13"
"ДОБРИЧ","ДОБРИЧ","С.ПОБЕДА","Обединено училище""Добри Войников""","800042","10","15.35","10","26.5"
"ДОБРИЧ","КАВАРНА","ГР.КАВАРНА","Средно училище ""Стефан Караджа""","800082","44","38.88","44","29.11"
"ДОБРИЧ","КАВАРНА","ГР.КАВАРНА","Професионална земеделска гимназия ""Климент Аркадиевич Тимирязев""","800086","31","23.98","31","15.3"
"ДОБРИЧ","КРУШАРИ","С.КРУШАРИ","Средно училище ""Христо Смирненски""","800093","19","14.79","18","13.08"
"ДОБРИЧ","ТЕРВЕЛ","ГР.ТЕРВЕЛ","Средно училище "" Йордан Йовков ""","800094","24","35.81","24","26.17"
"ДОБРИЧ","ТЕРВЕЛ","ГР.ТЕРВЕЛ","Професионална гимназия по техника и облекло ""Дочо Михайлов""","800105","35","20.84","33","15.89"
"ДОБРИЧ","ШАБЛА","ГР.ШАБЛА","Средно училище ""Асен Златаров""","800109","15","34.5","13","13.92"
"КЪРДЖАЛИ","АРДИНО","ГР.АРДИНО","Средно училище ""Васил Левски""","909201","49","40.79","49","27.69"
"КЪРДЖАЛИ","ДЖЕБЕЛ","ГР.ДЖЕБЕЛ","Средно училище ""Христо Ботев""","909301","27","49.59","27","58.01"
"КЪРДЖАЛИ","ДЖЕБЕЛ","ГР.ДЖЕБЕЛ","Професионална гимназия ""Руска Пеева""","909314","20","31.85","20","20.91"
"КЪРДЖАЛИ","ДЖЕБЕЛ","С.ПРИПЕК","Средно училище ""Паисий Хилендарски""","909315","2","71.5","2","66.88"
"КЪРДЖАЛИ","КИРКОВО","С.БЕНКОВСКИ","Средно училище ""Никола Йонков Вапцаров ""","909402","29","43.72","29","61.43"
"КЪРДЖАЛИ","КИРКОВО","С.КИРКОВО","Средно училище ""Отец Паисий""","909401","44","54.3","44","57.64"
"КЪРДЖАЛИ","КИРКОВО","С.ЧОРБАДЖИЙСКО","Средно училище "" Христо Ботев ""","909403","23","45.96","23","57.51"
"КЪРДЖАЛИ","КРУМОВГРАД","ГР.КРУМОВГРАД","Средно училище ""Васил Левски""","909501","72","46.13","71","27.26"
"КЪРДЖАЛИ","КРУМОВГРАД","ГР.КРУМОВГРАД","Професионална гимназия по транспорт ""Христо Смирненски""","909503","45","20.7","43","29.3"
"КЪРДЖАЛИ","КРУМОВГРАД","С.ТОКАЧКА","Обединено училище ""Пейо Крачолов Яворов""","909509","8","45.56","8","30.72"
"КЪРДЖАЛИ","КЪРДЖАЛИ","ГР.КЪРДЖАЛИ","Средно училище ""Владимир Димитров - Майстора""","909101","26","38.23","26","33.12"
"КЪРДЖАЛИ","КЪРДЖАЛИ","ГР.КЪРДЖАЛИ","Средно училище ""Йордан Йовков""","909103","53","38.92","53","33.6"
"КЪРДЖАЛИ","КЪРДЖАЛИ","ГР.КЪРДЖАЛИ","Средно училище ""Отец Паисий"" с природоматематическа насоченост","909105","103","50.77","102","50.11"
"КЪРДЖАЛИ","КЪРДЖАЛИ","ГР.КЪРДЖАЛИ","Средно училище ""Петко Рачов Славейков""","909106","78","61.14","78","33.61"
"КЪРДЖАЛИ","КЪРДЖАЛИ","ГР.КЪРДЖАЛИ","Езикова гимназия ""Христо Ботев""","909107","153","56.76","153","37.28"
"КЪРДЖАЛИ","КЪРДЖАЛИ","ГР.КЪРДЖАЛИ","Професионална гимназия по икономика ""Алеко Константинов""","909108","100","21.46","100","22.14"
"КЪРДЖАЛИ","КЪРДЖАЛИ","ГР.КЪРДЖАЛИ","Професионална гимназия по туризъм ""Проф. д-р Асен Златаров""","909109","47","17.52","48","11.03"
"КЪРДЖАЛИ","КЪРДЖАЛИ","ГР.КЪРДЖАЛИ","Професионална гимназия ""Васил Левски""","909110","12","6","11","11.36"
"КЪРДЖАЛИ","КЪРДЖАЛИ","ГР.КЪРДЖАЛИ","Професионална гимназия по облекло и дизайн ""Евридика""","909111","13","18.15","15","17.6"
"КЪРДЖАЛИ","КЪРДЖАЛИ","ГР.КЪРДЖАЛИ","Професионална гимназия по електротехника и електроника ""Капитан Петко войвода""","909112","83","24.2","83","29.75"
"КЪРДЖАЛИ","КЪРДЖАЛИ","ГР.КЪРДЖАЛИ","Професионална гимназия по селско и горско стопанство","909113","37","25.39","39","41.45"
"КЪРДЖАЛИ","КЪРДЖАЛИ","ГР.КЪРДЖАЛИ","Професионална гимназия по строителство ""Христо Смирненски""","909114","23","13.3","25","12.65"
"КЪРДЖАЛИ","МОМЧИЛГРАД","ГР.МОМЧИЛГРАД","Средно училище ""Никола Йонков Вапцаров""","909601","49","33.77","49","26.99"
"КЪРДЖАЛИ","МОМЧИЛГРАД","ГР.МОМЧИЛГРАД","Професионална гимназия по туризъм и хранително-вкусова промишленост ""Св. Св. Кирил и Методий""","909603","11","31.5","11","34.73"
"КЪРДЖАЛИ","МОМЧИЛГРАД","ГР.МОМЧИЛГРАД","Духовно Училище","909613","29","35.33","29","20.72"
"КЪРДЖАЛИ","ЧЕРНООЧЕНЕ","С.ЧЕРНООЧЕНЕ","Средно училище ""Христо Смирненски""","909701","53","32.27","53","53.6"
"КЮСТЕНДИЛ","БОБОВ ДОЛ","ГР.БОБОВ ДОЛ","Средно училище ""Христо Ботев""","1000016","8","30.75","8","12.22"
"КЮСТЕНДИЛ","БОБОВ ДОЛ","ГР.БОБОВ ДОЛ","Средно училище ""Доктор Петър Берон""","1000018","4","27.38","4","26.5"
"КЮСТЕНДИЛ","БОБОВ ДОЛ","ГР.БОБОВ ДОЛ","Професионална гимназия","1002451","23","27.2","23","14.77"
"КЮСТЕНДИЛ","ДУПНИЦА","ГР.ДУПНИЦА","Средно езиково училище ""Св. Паисий Хилендарски""","1000035","55","66.68","54","34.59"
"КЮСТЕНДИЛ","ДУПНИЦА","ГР.ДУПНИЦА","Професионална гимназия по облекло и стопанско управление ""Св. Иван Рилски""","1000049","63","34.06","50","14.24"
"КЮСТЕНДИЛ","ДУПНИЦА","ГР.ДУПНИЦА","Професионална гимназия по транспорт","1000051","18","23.19","16","26.33"
"КЮСТЕНДИЛ","ДУПНИЦА","ГР.ДУПНИЦА","Профилирана гимназия ""Христо Ботев""","1000052","99","49.04","84","25.58"
"КЮСТЕНДИЛ","ДУПНИЦА","ГР.ДУПНИЦА","Професионална гимназия ""Акад. Сергей П. Корольов""","1002136","58","24.84","55","14.8"
"КЮСТЕНДИЛ","ДУПНИЦА","ГР.ДУПНИЦА","Професионална гимназия по хранително - вкусови и химични технологии","1002137","48","38.1","42","16.96"
"КЮСТЕНДИЛ","КОЧЕРИНОВО","ГР.КОЧЕРИНОВО","Средно училище ""Христо Ботев""","1000025","16","20.97","15","11.9"
"КЮСТЕНДИЛ","КЮСТЕНДИЛ","ГР.КЮСТЕНДИЛ","Професионална гимназия по селско стопанство""Св.Климент Охридски""","1000002","15","16.93","14","10.68"
"КЮСТЕНДИЛ","КЮСТЕНДИЛ","ГР.КЮСТЕНДИЛ","Езикова гимназия ""Д-р Петър Берон""","1000540","84","58.77","84","27.36"
"КЮСТЕНДИЛ","КЮСТЕНДИЛ","ГР.КЮСТЕНДИЛ","Природоматематическа гимназия ""Проф. Емануил Иванов""","1000550","100","52.45","100","39.48"
"КЮСТЕНДИЛ","КЮСТЕНДИЛ","ГР.КЮСТЕНДИЛ","Професионална техническа гимназия ""Джон Атанасов""","1001360","15","24.77","17","12.24"
"КЮСТЕНДИЛ","КЮСТЕНДИЛ","ГР.КЮСТЕНДИЛ","Професионална гимназия по икономика и мениджмънт ""Йордан Захариев""","1001380","89","35.81","84","15.71"
"КЮСТЕНДИЛ","КЮСТЕНДИЛ","ГР.КЮСТЕНДИЛ","Спортно училище ""Васил Левски""","1001390","16","33.41","16","19.66"
"КЮСТЕНДИЛ","КЮСТЕНДИЛ","ГР.КЮСТЕНДИЛ","Професионална гимназия по туризъм ""Никола Йонков Вапцаров""","1001420","25","23.52","26","13.51"
"КЮСТЕНДИЛ","КЮСТЕНДИЛ","ГР.КЮСТЕНДИЛ","Професионална гимназия по лека промишленост ""Владимир Димитров-Майстора""","1001670","7","10.86","4","8.5"
"КЮСТЕНДИЛ","САПАРЕВА БАНЯ","ГР.САПАРЕВА БАНЯ","Средно училище ""Христо Ботев""","1000009","35","31.06","27","26.22"
"ЛОВЕЧ","АПРИЛЦИ","ГР.АПРИЛЦИ","Средно училище ""Васил Левски""","1100108","12","17.5","12","25.33"
"ЛОВЕЧ","ЛЕТНИЦА","ГР.ЛЕТНИЦА","Средно училище ""Бачо Киро""","1100201","18","24.11","17","28.62"
"ЛОВЕЧ","ЛОВЕЧ","ГР.ЛОВЕЧ","Средно училище ""Тодор Кирков""","1100316","8","24.31","6","15.17"
"ЛОВЕЧ","ЛОВЕЧ","ГР.ЛОВЕЧ","Средно училище ""Свети Климент Охридски""","1100318","11","34.23","11","16.73"
"ЛОВЕЧ","ЛОВЕЧ","ГР.ЛОВЕЧ","Профилирана природо-математическа гимназия","1100320","101","52.53","101","45.48"
"ЛОВЕЧ","ЛОВЕЧ","ГР.ЛОВЕЧ","Професионална гимназия по механоелектротехника","1100322","35","25.47","34","16.68"
"ЛОВЕЧ","ЛОВЕЧ","ГР.ЛОВЕЧ","Профилирана езикова гимназия ""Екзарх Йосиф I""","1100328","130","65.49","128","36.38"
"ЛОВЕЧ","ЛОВЕЧ","ГР.ЛОВЕЧ","Национална професионална гимназия по ветеринарна медицина ""Проф. д-р Димитър Димов""","1100329","54","43.06","53","18.05"
"ЛОВЕЧ","ЛОВЕЧ","ГР.ЛОВЕЧ","Професионална гимназия по икономика търговия и услуги","1100331","28","23.32","26","31.27"
"ЛОВЕЧ","ЛУКОВИТ","ГР.ЛУКОВИТ","Средно училище ""Алеко Константинов""","1100402","47","17.95","47","11.22"
"ЛОВЕЧ","ЛУКОВИТ","ГР.ЛУКОВИТ","Професионална гимназия по селско стопанство ""Сергей Румянцев""","1100410","62","29.29","58","13.87"
"ЛОВЕЧ","ТЕТЕВЕН","ГР.ТЕТЕВЕН","Средно училище ""Георги Бенковски""","1100509","48","39.92","48","20.63"
"ЛОВЕЧ","ТЕТЕВЕН","ГР.ТЕТЕВЕН","Национална професионална гимназия по горско стопанство и дървообработване ""Сава Младенов""","1100511","64","34.82","64","16.73"
"ЛОВЕЧ","ТЕТЕВЕН","ГР.ТЕТЕВЕН","Професионална гимназия по строителство електротехника и услуги","1100514","36","27.57","35","24.17"
"ЛОВЕЧ","ТРОЯН","ГР.ТРОЯН","Средно училище ""Васил Левски""","1100612","76","57.06","76","26.9"
"ЛОВЕЧ","ТРОЯН","ГР.ТРОЯН","Средно училище ""Свети Климент Охридски""","1100613","43","55.4","43","26.92"
"ЛОВЕЧ","ТРОЯН","ГР.ТРОЯН","Професионална гимназия по механоелектротехника ""Академик Ангел Балевски""","1100616","46","23.87","45","18.48"
"ЛОВЕЧ","ТРОЯН","ГР.ТРОЯН","Национално училище за приложни изкуства ""Проф. Венко Колев""","2902502","26","46.9","26","17.56"
"ЛОВЕЧ","ТРОЯН","С.ЧЕРНИ ОСЪМ","Средно училище ""Васил Левски""","1100610","21","29.6","20","24.44"
"ЛОВЕЧ","УГЪРЧИН","ГР.УГЪРЧИН","Средно училище ""Св. Св. Кирил и Методий""","1100705","9","28.44","10","23.5"
"ЛОВЕЧ","ЯБЛАНИЦА","ГР.ЯБЛАНИЦА","Средно училище ""Васил Левски""","1100805","43","20.05","42","41.88"
"МОНТАНА","БЕРКОВИЦА","ГР.БЕРКОВИЦА","Профилирана гимназия ""Д-р Иван Панов""","1202000","34","34.53","31","18.72"
"МОНТАНА","БЕРКОВИЦА","ГР.БЕРКОВИЦА","Лесотехническа професионална гимназия","1202011","38","36.55","38","23.95"
"МОНТАНА","БОЙЧИНОВЦИ","С.ВЛАДИМИРОВО","Професионална гимназия по транспорт ""Вл.П.Минчев""","1202052","38","20.03","37","20.15"
"МОНТАНА","БРУСАРЦИ","ГР.БРУСАРЦИ","Средно училище ""Христо Ботев""","1204000","16","35.16","17","30.06"
"МОНТАНА","ВЪЛЧЕДРЪМ","ГР.ВЪЛЧЕДРЪМ","Професионална Гимназия ""Димитър Маринов""","1207000","25","29.46","25","16.6"
"МОНТАНА","ВЪЛЧЕДРЪМ","С.ДОЛНИ ЦИБЪР","Средно училище ""Христо Ботев""","1207003","17","32.56","17","25.59"
"МОНТАНА","ВЪРШЕЦ","ГР.ВЪРШЕЦ","Средно училище ""Иван Вазов""","1208002","44","38.86","44","24.56"
"МОНТАНА","ГЕОРГИ ДАМЯНОВО","С.ГЕОРГИ ДАМЯНОВО","Професионална гимназия по селско стопанство ""Марко Марков""","1206005","8","22.75","7","14.93"
"МОНТАНА","ЛОМ","ГР.ЛОМ","Професионална гимназия по хранене и земеделие ""Дмитрий Иванович Менделеев""","1202036","36","28.22","35","32.99"
"МОНТАНА","ЛОМ","ГР.ЛОМ","Средно училище ""Отец Паисий""","1209003","7","35.93","6","42"
"МОНТАНА","ЛОМ","ГР.ЛОМ","Средно училище ""Димитър Маринов""","1209005","20","45.78","20","19.11"
"МОНТАНА","ЛОМ","ГР.ЛОМ","Профилирана гимназия ""Найден Геров""","1209006","46","45.4","46","25.37"
"МОНТАНА","ЛОМ","ГР.ЛОМ","Професионална гимназия по производствени технологии","1209012","50","30.42","51","29.46"
"МОНТАНА","ЛОМ","С.КОВАЧИЦА","Професионална гимназия по селско стопанство ""Дунавска земя""","1209013","13","20.35","13","28.98"
"МОНТАНА","МЕДКОВЕЦ","С.МЕДКОВЕЦ","Средно училище ""Отец Паисий""","1205000","12","36.13","12","13.54"
"МОНТАНА","МОНТАНА","ГР.МОНТАНА","Природо-математическа профилирана гимназия ""Св. Климент Охридски""","1201001","78","60.37","78","45.92"
"МОНТАНА","МОНТАНА","ГР.МОНТАНА","Профилирана гимназия с преподаване на чужди езици ""Петър Богдан""","1201002","80","58.66","79","25.41"
"МОНТАНА","МОНТАНА","ГР.МОНТАНА","Второ средно училище ""Никола Йонков Вапцаров""","1201004","12","38.17","14","14.5"
"МОНТАНА","МОНТАНА","ГР.МОНТАНА","Седмо средно училище ""Йордан Радичков""","1201011","23","28.85","23","18.18"
"МОНТАНА","МОНТАНА","ГР.МОНТАНА","Финансово-стопанска професионална гимназия ""Васил Левски""","1201021","73","44.42","73","18.35"
"МОНТАНА","МОНТАНА","ГР.МОНТАНА","Професионална гимназия по строителство, архитектура и компютърни науки ""Проф. Арх. Стефан Стефанов""","1201022","80","48.7","80","21.89"
"МОНТАНА","МОНТАНА","ГР.МОНТАНА","Професионална гимназия по лека промишленост","1201023","39","18.78","39","19.36"
"МОНТАНА","МОНТАНА","ГР.МОНТАНА","Професионална гимназия по техника и електротехника ""Христо Ботев""","1201033","88","32.53","89","16.24"
"МОНТАНА","МОНТАНА","ГР.МОНТАНА","Шесто средно училище ""Отец Паисий""","1201034","13","20.77","11","16.09"
"МОНТАНА","ЯКИМОВО","С.ЯКИМОВО","Средно училище ""Д-р Петър Берон""","1201200","13","11.27","13","8.04"
"ПАЗАРДЖИК","БАТАК","ГР.БАТАК","Професионална гимназия по горско стопанство и дървообработване ""Стефан Божков""","1302783","10","27.35","10","44.85"
"ПАЗАРДЖИК","БАТАК","С.НОВА МАХАЛА","Средно училище ""Кирил и Методий""","1300015","14","36.25","14","47.07"
"ПАЗАРДЖИК","БЕЛОВО","ГР.БЕЛОВО","СРЕДНО УЧИЛИЩЕ ""АЛЕКСАНДЪР ИВАНОВ - ЧАПАЙ""","1308667","46","42.65","46","27.68"
"ПАЗАРДЖИК","БРАЦИГОВО","ГР.БРАЦИГОВО","Средно училище ""Народни будители""","1301566","12","38.21","12","20.79"
"ПАЗАРДЖИК","ВЕЛИНГРАД","ГР.ВЕЛИНГРАД","Средно училище ""Св. св. Кирил и Методий""","1301674","73","48.96","71","22.17"
"ПАЗАРДЖИК","ВЕЛИНГРАД","ГР.ВЕЛИНГРАД","Средно училище ""Васил Левски""","1302573","50","67.03","50","49.57"
"ПАЗАРДЖИК","ВЕЛИНГРАД","ГР.ВЕЛИНГРАД","ПРОФЕСИОНАЛНА ГИМНАЗИЯ ПО ДЪРВООБРАБОТВАНЕ ""ИВАН ВАЗОВ""","1302979","20","26.6","21","27.6"
"ПАЗАРДЖИК","ВЕЛИНГРАД","ГР.ВЕЛИНГРАД","Професионална гимназия по икономика и туризъм ""Алеко Константинов""","1304231","91","33.63","91","18.35"
"ПАЗАРДЖИК","ВЕЛИНГРАД","ГР.ВЕЛИНГРАД","Национална професионална гимназия по горско стопанство ""Христо Ботев""","1311390","40","32.65","39","43.35"
"ПАЗАРДЖИК","ВЕЛИНГРАД","С.ДРАГИНОВО","Средно училище ""Методий Драгинов""","1301852","41","28.54","42","47"
"ПАЗАРДЖИК","ВЕЛИНГРАД","С.КРЪСТАВА","Обединено училище ""Васил Левски""","1301628","12","54.13","12","54.5"
"ПАЗАРДЖИК","ВЕЛИНГРАД","С.ПАШОВИ","Обединено училище ""Иван Вазов""","1301514","10","50.35","10","61.03"
"ПАЗАРДЖИК","ВЕЛИНГРАД","С.СВЕТА ПЕТКА","Средно училище ""Христо Смирненски""","1302349","39","46.5","39","63.86"
"ПАЗАРДЖИК","ЛЕСИЧОВО","С.КАЛУГЕРОВО","Обединено училище ""Христо Ботев ""","1302114","3","20.67","4","25"
"ПАЗАРДЖИК","ПАЗАРДЖИК","ГР.ПАЗАРДЖИК","Спортно училище град Пазарджик","1300013","59","28.69","58","14.35"
"ПАЗАРДЖИК","ПАЗАРДЖИК","ГР.ПАЗАРДЖИК","Професионална гимназия по икономика и мениджмънт","1301139","156","45.49","152","20.04"
"ПАЗАРДЖИК","ПАЗАРДЖИК","ГР.ПАЗАРДЖИК","Средно училище ""Димитър Гачев""","1301234","15","35.93","15","44.27"
"ПАЗАРДЖИК","ПАЗАРДЖИК","ГР.ПАЗАРДЖИК","ПРОФЕСИОНАЛНА ГИМНАЗИЯ ПО СЕЛСКО СТОПАНСТВО ""ЦАРИЦА ЙОАННА""","1301911","28","10.46","29","9.74"
"ПАЗАРДЖИК","ПАЗАРДЖИК","ГР.ПАЗАРДЖИК","Профилирана гимназия ""Иван Сергеевич Аксаков""","1302580","23","42.15","22","17.94"
"ПАЗАРДЖИК","ПАЗАРДЖИК","ГР.ПАЗАРДЖИК","Професионална гимназия по механоелектротехника","1302769","124","32.6","122","18.66"
"ПАЗАРДЖИК","ПАЗАРДЖИК","ГР.ПАЗАРДЖИК","Професионална гимназия по химични и хранителни технологии","1302961","85","22.75","84","30.71"
"ПАЗАРДЖИК","ПАЗАРДЖИК","ГР.ПАЗАРДЖИК","ПРОФЕСИОНАЛНА ГИМНАЗИЯ ПО ПРОМИШЛЕНИ ТЕХНОЛОГИИ","1303006","7","8.29","7","8.86"
"ПАЗАРДЖИК","ПАЗАРДЖИК","ГР.ПАЗАРДЖИК","Професионална гимназия по фризьорство и ресторантьорство-гр.Пазарджик","1303344","25","18","25","9.22"
"ПАЗАРДЖИК","ПАЗАРДЖИК","ГР.ПАЗАРДЖИК","Езикова гимназия ""Бертолт Брехт""","1304290","177","61.47","173","37.22"
"ПАЗАРДЖИК","ПАЗАРДЖИК","ГР.ПАЗАРДЖИК","Професионална гимназия по строителство и архитектура","1304332","20","20.78","17","33.79"
"ПАЗАРДЖИК","ПАЗАРДЖИК","ГР.ПАЗАРДЖИК","Средно училище ""Георги Бенковски""","1304948","25","47","25","23.55"
"ПАЗАРДЖИК","ПАЗАРДЖИК","ГР.ПАЗАРДЖИК","Средно училище ""Георги Брегов""","1305338","43","38.95","41","18.03"
"ПАЗАРДЖИК","ПАЗАРДЖИК","ГР.ПАЗАРДЖИК","Средно училище ""Д-р Петър Берон""","1305831","24","40.75","24","22.7"
"ПАЗАРДЖИК","ПАЗАРДЖИК","ГР.ПАЗАРДЖИК","ПРОФИЛИРАНА МАТЕМАТИЧЕСКА ГИМНАЗИЯ Константин Величков","1309018","124","61.75","124","48.13"
"ПАЗАРДЖИК","ПАНАГЮРИЩЕ","ГР.ПАНАГЮРИЩЕ","Средно училище ""Нешо Бончев""","1302623","60","57.01","60","31.74"
"ПАЗАРДЖИК","ПАНАГЮРИЩЕ","ГР.ПАНАГЮРИЩЕ","Професионална гимназия по индустриални технологии, мениджмънт и туризъм ""Проф. Лъчезар Цоцорков""","1305587","68","30.7","68","34.63"
"ПАЗАРДЖИК","ПАНАГЮРИЩЕ","С.ПОПИНЦИ","ОБЕДИНЕНО УЧИЛИЩЕ ""ОТЕЦ ПАИСИЙ""","1302301","3","14.67","3","26"
"ПАЗАРДЖИК","ПЕЩЕРА","ГР.ПЕЩЕРА","Средно училище ""Свети Климент Охридски""","1302630","25","45.68","25","24.75"
"ПАЗАРДЖИК","ПЕЩЕРА","ГР.ПЕЩЕРА","Професионална гимназия по хранително- вкусови технологии ""Атанас Ченгелев""","1302819","41","28.52","41","18.12"
"ПАЗАРДЖИК","ПЕЩЕРА","ГР.ПЕЩЕРА","Обединено училище ""Любен Каравелов""","1304357","20","15.1","20","31.38"
"ПАЗАРДЖИК","РАКИТОВО","ГР.РАКИТОВО","Средно училище ""Свети Климент Охридски""","1301770","40","31.54","39","21.03"
"ПАЗАРДЖИК","РАКИТОВО","ГР.РАКИТОВО","Възпитателно училище-интернат ""Ангел Узунов"" I-XII клас","1302722","7","40.14","7","42.18"
"ПАЗАРДЖИК","СЕПТЕМВРИ","ГР.СЕПТЕМВРИ","Средно училище ""Христо Ботев""","1301788","28","45.27","28","21.52"
"ПАЗАРДЖИК","СЕПТЕМВРИ","ГР.СЕПТЕМВРИ","Професионална гимназия по механизация на земеделското стопанство","1302993","27","25.39","27","38.67"
"ПАЗАРДЖИК","СЕПТЕМВРИ","ГР.СЕПТЕМВРИ","Средно училище ""Христо Смирненски""","1303889","12","20.42","12","45.71"
"ПАЗАРДЖИК","СЕПТЕМВРИ","С.ВИНОГРАДЕЦ","ПРОФЕСИОНАЛНА ГИМНАЗИЯ ПО ТРАНСПОРТ","1301013","13","27.46","13","31.92"
"ПАЗАРДЖИК","СЕПТЕМВРИ","С.СЕМЧИНОВО","Обединено училище ""Христо Ботев""","1301838","10","30.75","10","39.73"
"ПАЗАРДЖИК","СТРЕЛЧА","ГР.СТРЕЛЧА","Средно училище ""Св.Св. Кирил и Методий""","1302662","22","30.27","20","22.45"
"ПАЗАРДЖИК","СЪРНИЦА","ГР.СЪРНИЦА","Средно училище ""Св. св. Кирил и Методий""","1300706","38","33","38","34.68"
"ПЕРНИК","БРЕЗНИК","ГР.БРЕЗНИК","Средно училище ""Васил Левски""","1400842","21","38.98","22","24.58"
"ПЕРНИК","ЗЕМЕН","ГР.ЗЕМЕН","Средно училище ""Свeти Свети Кирил и Методий""","1401946","2","34.25","2","23.25"
"ПЕРНИК","ПЕРНИК","ГР.ПЕРНИК","Средно училище ""Темелко Ненков""","1403204","25","27.94","25","21.38"
"ПЕРНИК","ПЕРНИК","ГР.ПЕРНИК","Пето средно училище ""Петко Рачов Славейков""","1403213","23","49.35","23","24.03"
"ПЕРНИК","ПЕРНИК","ГР.ПЕРНИК","VI Средно училище ""Свети Свети Кирил и Методий ""","1403214","50","38.01","48","16.89"
"ПЕРНИК","ПЕРНИК","ГР.ПЕРНИК","Средно училище с разширено изучаване на чужди езици ""Д-р Петър Берон""","1403216","48","52.13","38","26.81"
"ПЕРНИК","ПЕРНИК","ГР.ПЕРНИК","Спортно училище ""Олимпиец""","1403217","22","29.05","20","14.33"
"ПЕРНИК","ПЕРНИК","ГР.ПЕРНИК","Природоматематическа гимназия ""Христо Смирненски""","1403219","105","67.04","103","45.65"
"ПЕРНИК","ПЕРНИК","ГР.ПЕРНИК","Гимназия с преподаване на чужди езици ""Симеон Радев""","1403220","151","55.84","145","27.47"
"ПЕРНИК","ПЕРНИК","ГР.ПЕРНИК","Професионална гимназия по техника и енергетика ""Христо Ботев""","1403233","73","31.01","73","14.78"
"ПЕРНИК","ПЕРНИК","ГР.ПЕРНИК","Професионална гимназия по техника и строителство ""Арх. Йордан Миланов""","1403234","101","48.16","98","21.6"
"ПЕРНИК","ПЕРНИК","ГР.ПЕРНИК","Технологична професионална гимназия ""Мария Кюри""","1403235","63","28.61","61","22.22"
"ПЕРНИК","ПЕРНИК","ГР.ПЕРНИК","Професионална гимназия по икономика","1403236","101","47.74","99","23.6"
"ПЕРНИК","ПЕРНИК","ГР.ПЕРНИК","Професионална гимназия по облекло и туризъм ""Свети Иван Рилски""","1403237","38","30.51","38","15.57"
"ПЕРНИК","РАДОМИР","ГР.РАДОМИР","Средно училище ""Свети Свети Кирил и Методий""","1403655","47","50.9","46","42.53"
"ПЕРНИК","РАДОМИР","ГР.РАДОМИР","Техническа професионална гимназия ""Никола Йонков Вапцаров""","1403656","34","26.78","31","16.34"
"ПЕРНИК","РАДОМИР","ГР.РАДОМИР","Професионална гимназия по транспорт ""Юрий Гагарин""","1403657","17","14.74","16","11.59"
"ПЕРНИК","ТРЪН","ГР.ТРЪН","Средно училище ""Гео Милев""","1405144","14","43.71","14","14.32"
"ПЛЕВЕН","БЕЛЕНЕ","ГР.БЕЛЕНЕ","Средно училище ""Димчо Дебелянов""","1500705","29","36.12","29","22.64"
"ПЛЕВЕН","БЕЛЕНЕ","ГР.БЕЛЕНЕ","Професионална гимназия по ядрена енергетика ""Мария Склодовска - Кюри""","1500706","5","46","5","26.25"
"ПЛЕВЕН","ГУЛЯНЦИ","ГР.ГУЛЯНЦИ","Средно училище ""Христо Смирненски""","1500807","35","34.41","35","34.13"
"ПЛЕВЕН","ГУЛЯНЦИ","С.ГИГЕН","Средно училище ""Асен Златаров""","1500808","11","25.82","11","45.64"
"ПЛЕВЕН","ДОЛНА МИТРОПОЛИЯ","ГР.ДОЛНА МИТРОПОЛИЯ","Средно училище ""Васил Априлов""","1500914","15","35.8","15","31.37"
"ПЛЕВЕН","ДОЛНА МИТРОПОЛИЯ","ГР.ТРЪСТЕНИК","Средно училище ""Евлоги Георгиев""","1500915","25","29.66","23","17.33"
"ПЛЕВЕН","ДОЛНИ ДЪБНИК","ГР.ДОЛНИ ДЪБНИК","Средно училище ""Христо Ботев""","1500507","12","28.63","12","10.13"
"ПЛЕВЕН","ДОЛНИ ДЪБНИК","ГР.ДОЛНИ ДЪБНИК","Професионална гимназия по селско стопанство ""Професор Иван Иванов""","1500509","19","12.42","18","12.06"
"ПЛЕВЕН","ИСКЪР","ГР.ИСКЪР","Средно училище ""Христо Смирненски""","1500404","33","31.92","33","17.55"
"ПЛЕВЕН","КНЕЖА","ГР.КНЕЖА","Средно училище ""Неофит Рилски""","1501108","9","22.22","9","41.11"
"ПЛЕВЕН","КНЕЖА","ГР.КНЕЖА","Професионална гимназия по земеделие ""Стефан Цанов""","1501109","68","30.34","67","17.71"
"ПЛЕВЕН","КНЕЖА","ГР.КНЕЖА","Професионална гимназия по механоелектротехника ""Христо Смирненски""","1501110","26","17.25","27","11.56"
"ПЛЕВЕН","ЛЕВСКИ","ГР.ЛЕВСКИ","Средно училище ""Крум Попов""","1500611","47","26.89","47","16.72"
"ПЛЕВЕН","ЛЕВСКИ","ГР.ЛЕВСКИ","Професионална гимназия по селско стопанство и транспорт ""Никола Йонков Вапцаров""","1500613","12","22.83","12","15.5"
"ПЛЕВЕН","НИКОПОЛ","ГР.НИКОПОЛ","Средно училище ""Христо Ботев""","1501007","18","29.69","18","23.14"
"ПЛЕВЕН","ПЛЕВЕН","ГР.ПЛЕВЕН","Математическа гимназия ""Гео Милев""","1500130","130","60.45","130","48.21"
"ПЛЕВЕН","ПЛЕВЕН","ГР.ПЛЕВЕН","Профилирана гимназия с преподаване на чужди езици ""Димитър Димов""","1500131","148","58.31","148","28.41"
"ПЛЕВЕН","ПЛЕВЕН","ГР.ПЛЕВЕН","Средно училище ""Стоян Заимов""","1500133","44","36.67","44","19.53"
"ПЛЕВЕН","ПЛЕВЕН","ГР.ПЛЕВЕН","Средно училище ""Иван Вазов""","1500134","129","62.45","129","33.8"
"ПЛЕВЕН","ПЛЕВЕН","ГР.ПЛЕВЕН","Средно училище ""Пейо Крачолов Яворов""","1500135","9","35.28","9","33.39"
"ПЛЕВЕН","ПЛЕВЕН","ГР.ПЛЕВЕН","Средно училище ""Христо Смирненски""","1500136","15","31.9","14","32.38"
"ПЛЕВЕН","ПЛЕВЕН","ГР.ПЛЕВЕН","Спортно училище ""Георги Бенковски""","1500138","62","28.69","58","12.11"
"ПЛЕВЕН","ПЛЕВЕН","ГР.ПЛЕВЕН","Държавна финансово-стопанска гимназия ""Интелект""","1500140","103","45.12","104","20.02"
"ПЛЕВЕН","ПЛЕВЕН","ГР.ПЛЕВЕН","Професионална гимназия по механоелектротехника","1500141","37","30.05","38","17.37"
"ПЛЕВЕН","ПЛЕВЕН","ГР.ПЛЕВЕН","Професионална гимназия по хранително-вкусови технологии ""Луи Пастьор""","1500142","26","25.52","25","12.55"
"ПЛЕВЕН","ПЛЕВЕН","ГР.ПЛЕВЕН","Професионална гимназия по мениджмънт и хранителни технологии","1500143","22","19.3","22","38.11"
"ПЛЕВЕН","ПЛЕВЕН","ГР.ПЛЕВЕН","Професионална гимназия по строителство архитектура и геодезия ""Никола Фичев""","1500144","24","27.54","24","13.67"
"ПЛЕВЕН","ПЛЕВЕН","ГР.ПЛЕВЕН","Професионална гимназия по транспорт ""Проф. Цветан Лазаров""","1500145","47","24.16","46","14.41"
"ПЛЕВЕН","ПЛЕВЕН","ГР.ПЛЕВЕН","Професионална гимназия по лозарство и винарство ""Александър Стамболийски""","1500146","15","15.57","13","12.19"
"ПЛЕВЕН","ПЛЕВЕН","ГР.ПЛЕВЕН","Професионална гимназия по облекло и текстил ""Христо Бояджиев""","1500147","21","40.98","21","39.19"
"ПЛЕВЕН","ПЛЕВЕН","ГР.ПЛЕВЕН","Професионална гимназия по електроника и химични технологии ""Проф.Асен Златаров""","1500148","102","45.14","102","24.7"
"ПЛЕВЕН","ПЛЕВЕН","ГР.ПЛЕВЕН","Професионална гимназия по ресторантьорство търговия и обслужване","1500149","40","36.41","40","15.29"
"ПЛЕВЕН","ПЛЕВЕН","ГР.ПЛЕВЕН","Професионална гимназия по подемна строителна и транспортна техника ""Г.С.Раковски""","1500151","30","16.95","30","11"
"ПЛЕВЕН","ПЛЕВЕН","ГР.ПЛЕВЕН","Професионална гимназия по туризъм ""Алеко Константинов""","1500153","100","49.36","100","20.17"
"ПЛЕВЕН","ПЛЕВЕН","ГР.ПЛЕВЕН","Национално училище по изкуствата ""Панайот Пипков""","2902107","61","50.47","61","23.57"
"ПЛЕВЕН","ПЛЕВЕН","ГР.СЛАВЯНОВО","Средно училище ""Христо Ботев""","1500137","9","13.89","7","31.21"
"ПЛЕВЕН","ПЛЕВЕН","С.МЕЧКА","Обединено училище ""Христо Ботев""","1500117","13","28.81","9","8.33"
"ПЛЕВЕН","ПЛЕВЕН","С.ТЪРНЕНЕ","Обединено училище ""Свети Свети Кирил и Методий""","1500127","6","20.5","6","13.83"
"ПЛЕВЕН","ПОРДИМ","ГР.ПОРДИМ","Средно училище ""Свети Свети Кирил и Методий""","1500305","26","31.63","26","40.03"
"ПЛЕВЕН","ПОРДИМ","С.ВЪЛЧИТРЪН","Обединено училище ""Никола Йонков Вапцаров""","1500304","4","37.25","4","17"
"ПЛЕВЕН","ЧЕРВЕН БРЯГ","ГР.КОЙНАРЕ","Средно училище "" Христо Смирненски""","1500216","21","35.81","21","35.2"
"ПЛЕВЕН","ЧЕРВЕН БРЯГ","ГР.ЧЕРВЕН БРЯГ","Средно училище ""Д-р Петър Берон""","1500215","49","53.84","49","57.11"
"ПЛЕВЕН","ЧЕРВЕН БРЯГ","ГР.ЧЕРВЕН БРЯГ","Професионална гимназия по хранителни технологии ""Юрий Гагарин""","1500217","34","31.94","34","30.41"
"ПЛЕВЕН","ЧЕРВЕН БРЯГ","ГР.ЧЕРВЕН БРЯГ","Професионална гимназия по механоелектротехника ""Девети май""","1500218","32","24.72","31","40.58"
"ПЛЕВЕН","ЧЕРВЕН БРЯГ","ГР.ЧЕРВЕН БРЯГ","Търговска гимназия ""Васил Евстатиев Априлов""","1500219","21","40.86","21","28.95"
"ПЛЕВЕН","ЧЕРВЕН БРЯГ","С.РАДОМИРЦИ","Обединено училище ""Отец Паисий""","1500210","7","9.14","7","19.14"
"ПЛЕВЕН","ЧЕРВЕН БРЯГ","С.ЧОМАКОВЦИ","Професионална гимназия по земеделско стопанство ""Александър Стамболийски""","1500220","17","34.59","16","36.59"
"ПЛОВДИВ","АСЕНОВГРАД","ГР.АСЕНОВГРАД","Средно училище Свети княз Борис I","1600114","75","51.92","75","36.34"
"ПЛОВДИВ","АСЕНОВГРАД","ГР.АСЕНОВГРАД","Средно училище ""Свети свети Кирил и Методий""","1600116","100","49.69","100","29.37"
"ПЛОВДИВ","АСЕНОВГРАД","ГР.АСЕНОВГРАД","Професионална гимназия "" Свети Патриарх Евтимий ""","1600128","40","11.76","35","9.86"
"ПЛОВДИВ","АСЕНОВГРАД","ГР.АСЕНОВГРАД","Професионална гимназия по Хранително-вкусови технологии ""Св. Димитрий Солунски""","1600617","40","18.35","42","12.47"
"ПЛОВДИВ","АСЕНОВГРАД","ГР.АСЕНОВГРАД","Професионална гимназия ""Цар Иван Асен II""","1600618","98","34.14","97","17.33"
"ПЛОВДИВ","БРЕЗОВО","ГР.БРЕЗОВО","Средно училище ""Христо Смирненски""","1600705","11","37.41","8","21.94"
"ПЛОВДИВ","БРЕЗОВО","ГР.БРЕЗОВО","Професионална гимназия ""Златю Бояджиев"" гр. Брезово","1600706","17","16.97","14","13.57"
"ПЛОВДИВ","КАЛОЯНОВО","С.ДЪЛГО ПОЛЕ","Обединено училище ""Христо Ботев""","1601203","5","19.6","5","31.5"
"ПЛОВДИВ","КАРЛОВО","ГР.КАРЛОВО","Средно училище ""Васил Левски""","1601301","75","63.69","73","31.93"
"ПЛОВДИВ","КАРЛОВО","ГР.КАРЛОВО","Средно училище ""Христо Проданов""","1601302","75","44.15","74","23.75"
"ПЛОВДИВ","КАРЛОВО","ГР.КАРЛОВО","Професионална гимназия по железопътен транспорт ""Христо Смирненски""","1601361","55","23.06","55","14.28"
"ПЛОВДИВ","КАРЛОВО","ГР.КАРЛОВО","Професионална гимназия ""Братя Евлогий и Христо Георгиеви""","1601364","35","17.74","33","17.16"
"ПЛОВДИВ","КАРЛОВО","ГР.КЛИСУРА","Професионална гимназия по икономика ""Тодор Генчов Влайков""","1600623","21","15.67","22","12.39"
"ПЛОВДИВ","КРИЧИМ","ГР.КРИЧИМ","Средно училище ""Петко Рачов Славейков""","1601403","18","22.89","15","16.37"
"ПЛОВДИВ","КУКЛЕН","ГР.КУКЛЕН","Средно училище ""Отец Паисий""","1601101","10","32.7","9","14.69"
"ПЛОВДИВ","КУКЛЕН","ГР.КУКЛЕН","Професионална гимназия по селско стопанство","1601102","22","14.59","21","9.5"
"ПЛОВДИВ","ЛЪКИ","ГР.ЛЪКИ","Средно училище ""Христо Ботев""","1601501","8","43.44","8","23.94"
"ПЛОВДИВ","МАРИЦА","С.КАЛЕКОВЕЦ","Средно училище ""Свети свети Кирил и Методий""","1601709","13","15.46","12","16.88"
"ПЛОВДИВ","МАРИЦА","С.МАНОЛЕ","Средно училище ""Васил Левски""","1601708","20","27.55","17","28.15"
"ПЛОВДИВ","ПЕРУЩИЦА","ГР.ПЕРУЩИЦА","Професионална гимназия по лозарство и винарство ""Христо Ботев""","1602402","40","14.85","42","18.38"
"ПЛОВДИВ","ПЛОВДИВ","ГР.ПЛОВДИВ","Частно средно бизнес училище ""Талантите""","1600017","5","54.4","2","37.75"
"ПЛОВДИВ","ПЛОВДИВ","ГР.ПЛОВДИВ","Частна професионална гимназия по информатика и компютърни науки "" Академик Благовест Сендов""","1600026","35","45.83","31","25.65"
"ПЛОВДИВ","ПЛОВДИВ","ГР.ПЛОВДИВ","Средно училище ""Любен Каравелов""","1690150","50","40.17","49","22.19"
"ПЛОВДИВ","ПЛОВДИВ","ГР.ПЛОВДИВ","Хуманитарна гимназия ""Св. Св. Кирил и Методий""","1690153","177","68.69","87","38.64"
"ПЛОВДИВ","ПЛОВДИВ","ГР.ПЛОВДИВ","Средно училище "" СВ. ПАИСИЙ ХИЛЕНДАРСКИ ""","1690154","74","53.03","71","29.88"
"ПЛОВДИВ","ПЛОВДИВ","ГР.ПЛОВДИВ","Средно училище ""Свети Климент Охридски""","1690155","108","47.38","102","23.73"
"ПЛОВДИВ","ПЛОВДИВ","ГР.ПЛОВДИВ","Средно училище ""Свети Патриарх Евтимий""","1690156","128","64.43","115","30.92"
"ПЛОВДИВ","ПЛОВДИВ","ГР.ПЛОВДИВ","Средно училище ""Цар Симеон Велики""","1690157","66","38.49","56","19.48"
"ПЛОВДИВ","ПЛОВДИВ","ГР.ПЛОВДИВ","Професионална гимназия по електротехника и електроника","1690174","202","51.7","187","34.33"
"ПЛОВДИВ","ПЛОВДИВ","ГР.ПЛОВДИВ","Национална търговска гимназия - Пловдив","1690175","181","68.22","161","47.94"
"ПЛОВДИВ","ПЛОВДИВ","ГР.ПЛОВДИВ","Професионална гимназия по облекло ""Ана Май""","1690176","93","32.73","92","19.45"
"ПЛОВДИВ","ПЛОВДИВ","ГР.ПЛОВДИВ","Професионална гимназия по вътрешна архитектура и дървообработване ""Христо Ботев""","1690177","94","38.64","86","19.72"
"ПЛОВДИВ","ПЛОВДИВ","ГР.ПЛОВДИВ","Професионална гимназия по туризъм ""Проф. д-р Асен Златаров""","1690178","150","50.83","145","21.31"
"ПЛОВДИВ","ПЛОВДИВ","ГР.ПЛОВДИВ","Професионална гимназия по битова техника","1690179","124","35.1","116","20.4"
"ПЛОВДИВ","ПЛОВДИВ","ГР.ПЛОВДИВ","ДУ-Пловдивска духовна семинария ""Св. Св. Кирил и Методий""-Пловдив","1690187","9","44.5","3","18.33"
"ПЛОВДИВ","ПЛОВДИВ","ГР.ПЛОВДИВ","Обединено училище ""Пенчо Славейков""","1690246","35","7.04","36","9.86"
"ПЛОВДИВ","ПЛОВДИВ","ГР.ПЛОВДИВ","Средно училище ""Найден Геров""","1690247","61","11.67","64","20.41"
"ПЛОВДИВ","ПЛОВДИВ","ГР.ПЛОВДИВ","Средно училище ""Симон Боливар""","1690248","20","12.28","18","12.69"
"ПЛОВДИВ","ПЛОВДИВ","ГР.ПЛОВДИВ","Специално училище за ученици с увреден слух ""Проф. Д-р Ст. Белинов""","1690271","4","3.5","4","7.75"
"ПЛОВДИВ","ПЛОВДИВ","ГР.ПЛОВДИВ","Професионална гимназия по архитектура строителство и геодезия ""Арх.Камен Петков""","1690272","205","50.77","182","28.08"
"ПЛОВДИВ","ПЛОВДИВ","ГР.ПЛОВДИВ","Професионална гимназия по транспорт и строителни технологии ""Гоце Делчев""","1690273","84","23.12","55","14"
"ПЛОВДИВ","ПЛОВДИВ","ГР.ПЛОВДИВ","Средно училище ""Свети свети Кирил и Методий""","1690345","69","44.96","69","19.57"
"ПЛОВДИВ","ПЛОВДИВ","ГР.ПЛОВДИВ","Математическа гимназия ""Академик Кирил Попов""","1690346","191","71.94","194","73.76"
"ПЛОВДИВ","ПЛОВДИВ","ГР.ПЛОВДИВ","Спортно училище ""Васил Левски""","1690347","65","30.45","51","15.28"
"ПЛОВДИВ","ПЛОВДИВ","ГР.ПЛОВДИВ","Обединено училище ""Йордан Йовков""","1690443","8","9.25","8","13.5"
"ПЛОВДИВ","ПЛОВДИВ","ГР.ПЛОВДИВ","Средно училище ""Никола Вапцаров""","1690446","30","41.1","13","19.9"
"ПЛОВДИВ","ПЛОВДИВ","ГР.ПЛОВДИВ","Средно училище ""Пейо Крачолов Яворов""","1690447","49","48.77","49","22.82"
"ПЛОВДИВ","ПЛОВДИВ","ГР.ПЛОВДИВ","Средно училище ""Христо Груев Данов""","1690448","23","49.48","22","21.64"
"ПЛОВДИВ","ПЛОВДИВ","ГР.ПЛОВДИВ","Езикова гимназия ""Пловдив""","1690449","231","72.18","194","63.22"
"ПЛОВДИВ","ПЛОВДИВ","ГР.ПЛОВДИВ","Езикова гимназия ""Иван Вазов""","1690450","186","63.78","137","50.92"
"ПЛОВДИВ","ПЛОВДИВ","ГР.ПЛОВДИВ","Френска езикова гимназия ""Антоан дьо Сент - Екзюпери""","1690451","180","53.6","170","26.84"
"ПЛОВДИВ","ПЛОВДИВ","ГР.ПЛОВДИВ","Професионална гимназия по хранителни технологии и техника","1690472","179","41.43","176","18.3"
"ПЛОВДИВ","ПЛОВДИВ","ГР.ПЛОВДИВ","Професионална гимназия по кожени изделия и текстил ""Д-р Иван Богоров""","1690473","49","14.92","48","12.03"
"ПЛОВДИВ","ПЛОВДИВ","ГР.ПЛОВДИВ","Средно училище ""Братя Миладинови""","1690542","25","32","19","19.14"
"ПЛОВДИВ","ПЛОВДИВ","ГР.ПЛОВДИВ","Средно училище "" Константин Величков ""","1690549","27","44.13","27","18.57"
"ПЛОВДИВ","ПЛОВДИВ","ГР.ПЛОВДИВ","Средно училище ""Свети Константин - Кирил Философ""","1690550","46","40.92","46","18.55"
"ПЛОВДИВ","ПЛОВДИВ","ГР.ПЛОВДИВ","Професионална гимназия по механотехника ""Професор Цветан Лазаров""","1690572","158","31.85","146","17.2"
"ПЛОВДИВ","ПЛОВДИВ","ГР.ПЛОВДИВ","Професионална гимназия по машиностроене","1690573","37","18.85","33","13.86"
"ПЛОВДИВ","ПЛОВДИВ","ГР.ПЛОВДИВ","Средно училище ""Димитър Матевски""","1690642","45","44.06","43","21.31"
"ПЛОВДИВ","ПЛОВДИВ","ГР.ПЛОВДИВ","Средно училище ""Свети Седмочисленици""","1690643","48","37.38","47","18.59"
"ПЛОВДИВ","ПЛОВДИВ","ГР.ПЛОВДИВ","Средно училище ""Свети Софроний Врачански""","1690644","43","36.84","43","20.09"
"ПЛОВДИВ","ПЛОВДИВ","ГР.ПЛОВДИВ","Средно училище ""Черноризец Храбър""","1690645","48","59.22","45","39.53"
"ПЛОВДИВ","ПЛОВДИВ","ГР.ПЛОВДИВ","ЧАСТНО СРЕДНО УЧИЛИЩЕ ""ДРУЖБА""","1690901","11","59.59","3","59.58"
"ПЛОВДИВ","ПЛОВДИВ","ГР.ПЛОВДИВ","Частна профилирана гимназия ""Класик""","1690904","3","60.17","2","35"
"ПЛОВДИВ","ПЛОВДИВ","ГР.ПЛОВДИВ","Частна профилирана гимназия Едмънд Бърк","1690906","17","43.59","5","16.25"
"ПЛОВДИВ","ПЛОВДИВ","ГР.ПЛОВДИВ","Частна езикова гимназия ""Стоян Сариев""","1690909","4","62.88","0","0"
"ПЛОВДИВ","ПЛОВДИВ","ГР.ПЛОВДИВ","Частна професионална гимназия по икономика и управление","1690910","12","44.33","12","21.67"
"ПЛОВДИВ","ПЛОВДИВ","ГР.ПЛОВДИВ","Национално училище за музикално и танцово изкуство ""Добрин Петков""","2902102","4","61.75","0","0"
"ПЛОВДИВ","ПЛОВДИВ","ГР.ПЛОВДИВ","Национална гимназия за сценични и екранни изкуства","2902302","27","54.17","4","35.13"
"ПЛОВДИВ","ПЛОВДИВ","ГР.ПЛОВДИВ","Национална художествена гимназия ""Цанко Лавренов""","2902402","36","61.93","20","41.29"
"ПЛОВДИВ","ПЪРВОМАЙ","ГР.ПЪРВОМАЙ","Средно училище ""Проф. д-р Асен Златаров""","1602314","76","43.82","76","23.98"
"ПЛОВДИВ","ПЪРВОМАЙ","ГР.ПЪРВОМАЙ","Професионална гимназия по селско стопанство ""Васил Левски""","1602315","48","24.23","48","11.18"
"ПЛОВДИВ","РАКОВСКИ","ГР.РАКОВСКИ","Професионална гимназия ""Петър Парчевич""","1602511","49","16.72","48","16.6"
"ПЛОВДИВ","РАКОВСКИ","С.БЕЛОЗЕМ","Професионална гимназия по селско стопанство","1602510","19","22.39","28","10.72"
"ПЛОВДИВ","САДОВО","ГР.САДОВО","Професионална селскостопанска гимназия ""Димитър Наумов""","1602810","54","17.17","52","10.73"
"ПЛОВДИВ","СОПОТ","ГР.СОПОТ","Средно училище ""Иван Вазов""","1601303","23","26.5","23","13.04"
"ПЛОВДИВ","СОПОТ","ГР.СОПОТ","Професионална гимназия ""Генерал Владимир Заимов""","1601363","154","42.09","153","20.95"
"ПЛОВДИВ","СТАМБОЛИЙСКИ","ГР.СТАМБОЛИЙСКИ","Обединено училище ""Христо Ботев"" гр. Стамболийски","1602904","6","10.67","6","8.92"
"ПЛОВДИВ","СТАМБОЛИЙСКИ","ГР.СТАМБОЛИЙСКИ","Средно училище Отец Паисий","1602907","11","27.23","7","16"
"ПЛОВДИВ","СЪЕДИНЕНИЕ","ГР.СЪЕДИНЕНИЕ","Средно училище ""Недялка Шилева""","1600035","17","18.59","18","11.93"
"ПЛОВДИВ","ХИСАРЯ","ГР.ХИСАРЯ","Средно училище ""Христо Смирненски""","1603708","47","36.59","48","17.43"
"ПЛОВДИВ","ХИСАРЯ","С.КРАСНОВО","Обединено училище "" Христо Ботев ""","1603706","6","14.33","6","12.17"
"РАЗГРАД","ЗАВЕТ","ГР.ЗАВЕТ","Средно училище ""Свети Свети Кирил и Методий""","1701101","23","22.54","23","16.4"
"РАЗГРАД","ЗАВЕТ","ГР.ЗАВЕТ","Професионална гимназия по земеделие ""Климент Тимирязев""","1701102","9","22.06","9","37.17"
"РАЗГРАД","ИСПЕРИХ","ГР.ИСПЕРИХ","Профилирана гимназия ""ВАСИЛ ЛЕВСКИ""","1701401","68","28.85","68","17.85"
"РАЗГРАД","ИСПЕРИХ","ГР.ИСПЕРИХ","Професионална гимназия по селско стопанство ""Хан Аспарух""","1701405","48","18.75","47","12.1"
"РАЗГРАД","КУБРАТ","ГР.КУБРАТ","Средно училище ""Христо Ботев""","1701601","47","53.56","47","23.67"
"РАЗГРАД","КУБРАТ","ГР.КУБРАТ","Професионална гимназия","1701602","36","18.97","37","11.58"
"РАЗГРАД","ЛОЗНИЦА","ГР.ЛОЗНИЦА","ПГВМЗ ""Ал. Стамболийски""","1701702","39","25.55","39","14.74"
"РАЗГРАД","РАЗГРАД","ГР.РАЗГРАД","Професионална гимназия по икономика ""Робер Шуман""","1702601","104","38.6","103","16.35"
"РАЗГРАД","РАЗГРАД","ГР.РАЗГРАД","Национална професионална техническа гимназия ""Шандор Петьофи""","1702602","101","33.56","100","20.49"
"РАЗГРАД","РАЗГРАД","ГР.РАЗГРАД","Професионална гимназия по химични технологии и биотехнологии ""Мария Кюри""","1702603","48","25.74","46","14.83"
"РАЗГРАД","РАЗГРАД","ГР.РАЗГРАД","Професионална гимназия по селско стопанство и хранително-вкусови технологии ""Ангел Кънчев""","1702604","27","9.72","20","13.18"
"РАЗГРАД","РАЗГРАД","ГР.РАЗГРАД","Професионална гимназия по транспорт и строителство ""Христо Смирненски""","1702607","26","12.48","26","12.31"
"РАЗГРАД","РАЗГРАД","ГР.РАЗГРАД","Профилирана гимназия с преподаване на чужди езици ""Екзарх Йосиф""","1702608","105","57.22","104","29.18"
"РАЗГРАД","РАЗГРАД","ГР.РАЗГРАД","Профилирана природоматематическа гимназия ""Академик Никола Обрешков""","1702609","102","62.56","102","50.22"
"РАЗГРАД","РАЗГРАД","ГР.РАЗГРАД","Професионална гимназия по облекло ""Станка Николица Спасо-Еленина""","1702629","17","12.35","17","9.68"
"РАЗГРАД","РАЗГРАД","ГР.РАЗГРАД","Спортно училище - Разград","1702640","23","28.41","23","15.54"
"РАЗГРАД","САМУИЛ","С.САМУИЛ","Средно училище ""Свети Свети Кирил и Методий""","1702901","28","34.57","28","17.7"
"РАЗГРАД","ЦАР КАЛОЯН","ГР.ЦАР КАЛОЯН","Средно училище ""Христо Ботев""","1703601","5","13.7","5","12.4"
"РУСЕ","БЯЛА","ГР.БЯЛА","Средно училище ""Панайот Волов""","1802004","38","36.74","38","27.66"
"РУСЕ","БЯЛА","ГР.БЯЛА","Професионална гимназия","1802005","29","20.12","29","13.08"
"РУСЕ","ВЕТОВО","ГР.ВЕТОВО","Средно училище ""Васил Левски"" с професионални паралелки","1803001","19","20.11","20","13.49"
"РУСЕ","ВЕТОВО","ГР.ГЛОДЖЕВО","Средно училище ""Христо Ботев""","1803005","17","24.15","16","20.39"
"РУСЕ","ДВЕ МОГИЛИ","ГР.ДВЕ МОГИЛИ","Средно училище ""Св. св. Кирил и Методий""","1804007","20","45.48","20","30.34"
"РУСЕ","ДВЕ МОГИЛИ","ГР.ДВЕ МОГИЛИ","Професионална гимназия по селско стопанство ""К. А. Тимирязев""","1804008","31","22.84","30","19.84"
"РУСЕ","РУСЕ","ГР.РУСЕ","Английска езикова гимназия "" Гео Милев""","1806201","113","70.46","112","51.69"
"РУСЕ","РУСЕ","ГР.РУСЕ","Математическа гимназия ""Баба Тонка""","1806202","106","72.88","106","79.78"
"РУСЕ","РУСЕ","ГР.РУСЕ","Средно училище за европейски езици ""Свети Константин-Кирил Философ""","1806203","80","65.31","79","36.67"
"РУСЕ","РУСЕ","ГР.РУСЕ","Средно училище с преподаване на немски език ""Фридрих Шилер""","1806204","79","60.08","79","37.61"
"РУСЕ","РУСЕ","ГР.РУСЕ","Средно училище ""Йордан Йовков""","1806206","25","32.34","25","18.4"
"РУСЕ","РУСЕ","ГР.РУСЕ","Средно училище ""Христо Ботев""","1806207","80","60.73","76","33.15"
"РУСЕ","РУСЕ","ГР.РУСЕ","Средно училище ""Възраждане""","1806208","26","48.62","26","25.86"
"РУСЕ","РУСЕ","ГР.РУСЕ","Средно училище ""Васил Левски""","1806209","72","48.48","72","23.09"
"РУСЕ","РУСЕ","ГР.РУСЕ","Духовно училище","1806210","11","32.09","11","14.84"
"РУСЕ","РУСЕ","ГР.РУСЕ","Първо частно средно училище ""Леонардо да Винчи"" ООД","1806213","4","42.13","4","28.81"
"РУСЕ","РУСЕ","ГР.РУСЕ","Професионална гимназия по електротехника и електроника ""Апостол Арнаудов""","1806301","101","42.49","101","23.28"
"РУСЕ","РУСЕ","ГР.РУСЕ","Професионална гимназия по дървообработване и вътрешна архитектура "" Йосиф Вондрак"" - Русе","1806302","69","36.25","69","14.95"
"РУСЕ","РУСЕ","ГР.РУСЕ","Професионална гимназия по селско стопанство ""Ангел Кънчев""","1806305","18","19.42","18","14.54"
"РУСЕ","РУСЕ","ГР.РУСЕ","ПРОФЕСИОНАЛНА ГИМНАЗИЯ ПО МЕХАНОТЕХНИКА ""ЮРИЙ ГАГАРИН""","1806306","50","20.51","50","14.96"
"РУСЕ","РУСЕ","ГР.РУСЕ","Професионална гимназия по облекло ""Недка Иван Лазарова""","1806307","62","28.15","60","15.62"
"РУСЕ","РУСЕ","ГР.РУСЕ","Професионална гимназия по туризъм ""Иван П. Павлов""","1806309","100","42.53","100","18.14"
"РУСЕ","РУСЕ","ГР.РУСЕ","Професионална гимназия по икономика и управление Елиас Канети""","1806310","82","62.71","82","38.48"
"РУСЕ","РУСЕ","ГР.РУСЕ","ПРОФЕСИОНАЛНА ГИМНАЗИЯ ПО РЕЧНО КОРАБОСТРОЕНЕ И КОРАБОПЛАВАНЕ","1806311","73","35.06","73","17.42"
"РУСЕ","РУСЕ","ГР.РУСЕ","Професионална гимназия по транспорт","1806312","52","30.89","52","19.24"
"РУСЕ","РУСЕ","ГР.РУСЕ","Професионална гимназия по строителство архитектура и геодезия ""Пеньо Пенев""","1806313","106","48.19","105","29.2"
"РУСЕ","РУСЕ","ГР.РУСЕ","Професионална гимназия по промишлени технологии ""Атанас Цонев Буров""","1806315","35","28.17","32","28.7"
"РУСЕ","РУСЕ","ГР.РУСЕ","Спортно училище ""Майор Атанас Узунов""","1806401","16","25.22","16","15.06"
"РУСЕ","РУСЕ","ГР.РУСЕ","НАЦИОНАЛНО УЧИЛИЩЕ ПО ИЗКУСТВАТА ""ПРОФ.ВЕСЕЛИН СТОЯНОВ""","2902105","36","53.58","35","20.37"
"РУСЕ","СЛИВО ПОЛЕ","ГР.СЛИВО ПОЛЕ","Средно училище ""Св.Паисий Хилендарски""","1807008","17","28.18","17","16.21"
"СИЛИСТРА","ГЛАВИНИЦА","ГР.ГЛАВИНИЦА","Средно училище ""Васил Левски""","1900201","31","23.19","30","18.05"
"СИЛИСТРА","ДУЛОВО","ГР.ДУЛОВО","Средно училище ""Васил Левски""","1900301","100","43.24","100","38.79"
"СИЛИСТРА","ДУЛОВО","ГР.ДУЛОВО","Професионална гимназия по облекло обслужване и транспорт","1900327","70","22.36","65","40.71"
"СИЛИСТРА","ДУЛОВО","С.ОКОРШ","Средно училище ""Йордан Йовков""","1900302","21","21.17","21","35.77"
"СИЛИСТРА","ДУЛОВО","С.ПАИСИЕВО","Средно училище ""Христо Ботев""","1900303","19","22.58","19","18.7"
"СИЛИСТРА","КАЙНАРДЖА","С.СРЕДИЩЕ","Професионална гимназия по механизация на селското стопанство ""Никола Йонков Вапцаров""","1900405","34","21.4","35","23.65"
"СИЛИСТРА","СИЛИСТРА","ГР.СИЛИСТРА","Средно училище ""Никола Йонков Вапцаров""","1900502","28","52.27","28","25.98"
"СИЛИСТРА","СИЛИСТРА","ГР.СИЛИСТРА","Природоматематическа гимназия ""Св.Климент Охридски""","1900503","74","60.83","73","33.2"
"СИЛИСТРА","СИЛИСТРА","ГР.СИЛИСТРА","Езикова гимназия ""Пейо Яворов""","1900504","76","58.81","76","25.41"
"СИЛИСТРА","СИЛИСТРА","ГР.СИЛИСТРА","Професионална гимназия по механотехника ""Владимир Комаров""","1900505","15","26.93","15","19.92"
"СИЛИСТРА","СИЛИСТРА","ГР.СИЛИСТРА","Професионална гимназия по стопанско управление, администрация и услуги ""Атанас Буров""","1900506","73","37.53","69","18.12"
"СИЛИСТРА","СИЛИСТРА","ГР.СИЛИСТРА","Професионална земеделска гимназия ""Добруджа""","1900507","23","32.2","23","32.89"
"СИЛИСТРА","СИЛИСТРА","ГР.СИЛИСТРА","Професионална гимназия по строителство ""Пеньо Пенев""","1900508","20","36.4","19","15.72"
"СИЛИСТРА","СИЛИСТРА","ГР.СИЛИСТРА","Професионална гимназия по производствени технологии ""Евлогий Георгиев""","1900510","13","27.5","13","21.54"
"СИЛИСТРА","СИЛИСТРА","ГР.СИЛИСТРА","Спортно училище ""Дръстър""","1900528","17","23.59","16","13.45"
"СИЛИСТРА","СИЛИСТРА","С.ПРОФЕСОР ИШИРКОВО","Обединено училище ""Свети Климент Охридски""","1900517","6","31.67","6","30.83"
"СИЛИСТРА","СИТОВО","С.СИТОВО","Професионална гимназия по селско стопанство","1900605","24","19.71","24","19.48"
"СИЛИСТРА","ТУТРАКАН","ГР.ТУТРАКАН","Средно училище ""Йордан Йовков""","1900701","23","31.5","22","17.68"
"СИЛИСТРА","ТУТРАКАН","ГР.ТУТРАКАН","Средно училище ""Христо Ботев""","1900702","46","46.84","46","30.48"
"СЛИВЕН","КОТЕЛ","ГР.КОТЕЛ","Средно училище ""Георги Стойков Раковски""","2000201","55","20.98","57","12.22"
"СЛИВЕН","КОТЕЛ","ГР.КОТЕЛ","Национално училище за фолклорни изкуства ""Филип Кутев""","2902201","41","38.87","41","31"
"СЛИВЕН","НОВА ЗАГОРА","ГР.НОВА ЗАГОРА","Средно училище ""Иван Вазов""","2000304","13","27.04","13","38.08"
"СЛИВЕН","НОВА ЗАГОРА","ГР.НОВА ЗАГОРА","Средно училище ""Христо Ботев""","2000305","60","53.84","59","29.75"
"СЛИВЕН","НОВА ЗАГОРА","ГР.НОВА ЗАГОРА","Професионална гимназия по селско стопанство","2000306","61","11.25","60","11.26"
"СЛИВЕН","НОВА ЗАГОРА","ГР.НОВА ЗАГОРА","Професионална гимназия по техника и технологии ""Атанас Димитров""","2000307","59","25.08","57","19.14"
"СЛИВЕН","СЛИВЕН","ГР.СЛИВЕН","Средно училище ""Хаджи Мина Пашов""","2000105","20","17.83","20","13.34"
"СЛИВЕН","СЛИВЕН","ГР.СЛИВЕН","Средно училище "" Пейо Крачолов Яворов ""","2000109","24","32.44","24","16.38"
"СЛИВЕН","СЛИВЕН","ГР.СЛИВЕН","Средно училище ""Йордан Йовков""","2000114","26","39.4","26","21.63"
"СЛИВЕН","СЛИВЕН","ГР.СЛИВЕН","Средно училище ""Константин Константинов""","2000115","25","33.46","25","18.76"
"СЛИВЕН","СЛИВЕН","ГР.СЛИВЕН","Професионална гимназия по текстил и облекло ""Добри Желязков""","2000117","63","16.22","65","10.39"
"СЛИВЕН","СЛИВЕН","ГР.СЛИВЕН","Професионална гимназия по електротехника и електроника ""Мария Склодовска-Кюри""","2000118","46","21.73","44","14.24"
"СЛИВЕН","СЛИВЕН","ГР.СЛИВЕН","Професионална гимназия по икономика ""Професор доктор Димитър Табаков""","2000119","129","42.33","126","20.29"
"СЛИВЕН","СЛИВЕН","ГР.СЛИВЕН","Професионална гимназия по хотелиерство и туризъм ""Академик Неделчо Неделчев""","2000120","99","38.3","98","16.9"
"СЛИВЕН","СЛИВЕН","ГР.СЛИВЕН","Сливенска професионална гимназия по строителство и геодезия ""Арх. Георги Козаров""","2000122","49","28.33","49","16.73"
"СЛИВЕН","СЛИВЕН","ГР.СЛИВЕН","Професионална гимназия по механотехника","2000123","72","9.42","68","10.4"
"СЛИВЕН","СЛИВЕН","ГР.СЛИВЕН","Профилирана природо-математическа гимназия ""Добри П. Чинтулов""","2000126","121","65.1","119","46.76"
"СЛИВЕН","СЛИВЕН","ГР.СЛИВЕН","Профилирана гимназия с преподаване на западни езици ""Захарий Стоянов""","2000127","126","63.88","122","29.91"
"СЛИВЕН","СЛИВЕН","ГР.СЛИВЕН","Спортно училище ""Димитър Рохов""","2000128","35","33.07","25","15.48"
"СЛИВЕН","СЛИВЕН","ГР.СЛИВЕН","Профилирана хуманитарна гимназия ""Дамян Дамянов""","2000129","51","49.09","51","17.87"
"СЛИВЕН","СЛИВЕН","ГР.СЛИВЕН","Национална художествена гимназия ""Димитър Добрович""","2902504","27","48.93","27","24.36"
"СЛИВЕН","СЛИВЕН","С.КРУШАРЕ","Обединено училище ""Черноризец Храбър""","2000142","9","14.44","9","15.22"
"СЛИВЕН","ТВЪРДИЦА","ГР.ТВЪРДИЦА","Средно училище ""Неофит Рилски""","2000402","36","21.19","35","14.93"
"СЛИВЕН","ТВЪРДИЦА","ГР.ШИВАЧЕВО","Средно училище ""Георги Алексиев Каравелов""","2000408","22","28.27","22","16.83"
"СМОЛЯН","БОРИНО","С.БОРИНО","Средно училище ""Никола Йонков Вапцаров""","2100301","11","53.36","11","60.41"
"СМОЛЯН","ДЕВИН","ГР.ДЕВИН","Средно училище ""Христо Ботев""","2100401","51","51.67","51","34.91"
"СМОЛЯН","ДЕВИН","ГР.ДЕВИН","Професионална гимназия по електротехника ""А. С. Попов""","2100402","31","31.77","30","17.53"
"СМОЛЯН","ДОСПАТ","ГР.ДОСПАТ","Средно училище ""Димитър Благоев""","2101001","46","48.37","46","59.95"
"СМОЛЯН","ЗЛАТОГРАД","ГР.ЗЛАТОГРАД","СРЕДНО УЧИЛИЩЕ ""АНТИМ ""","2103232","61","52.25","60","45.44"
"СМОЛЯН","ЗЛАТОГРАД","С.СТАРЦЕВО","Средно училище ""Свети княз Борис I""","2100602","6","54.5","6","47.21"
"СМОЛЯН","МАДАН","ГР.МАДАН","Средно училище ""Отец Паисий""","2100701","47","50.31","47","28.32"
"СМОЛЯН","МАДАН","ГР.МАДАН","Професионална гимназия ""Васил Димитров""","2102145","24","44.79","23","30.42"
"СМОЛЯН","МАДАН","С.ВЪРБИНА","Средно училище ""Св. Св. Кирил и Методий""","2103341","3","60.33","3","21.17"
"СМОЛЯН","НЕДЕЛИНО","ГР.НЕДЕЛИНО","Средно училище "" Свети Свети Кирил и Методий""","2100501","34","65.51","33","77"
"СМОЛЯН","РУДОЗЕМ","ГР.РУДОЗЕМ","Средно училище Свети свети Кирил и Методий","2100801","60","48.18","57","30.71"
"СМОЛЯН","РУДОЗЕМ","С.ЧЕПИНЦИ","Средно училище ""Христо Ботев""","2100802","10","37.4","10","41.28"
"СМОЛЯН","СМОЛЯН","ГР.СМОЛЯН","Средно училище ""Св. Св. Кирил и Методий""","2100103","39","46.91","38","22.85"
"СМОЛЯН","СМОЛЯН","ГР.СМОЛЯН","Средно училище ""Отец Паисий""","2100105","18","35.89","18","20.75"
"СМОЛЯН","СМОЛЯН","ГР.СМОЛЯН","Професионална гимназия по техника и технологии ""Христо Ботев""","2100111","57","33.56","56","21.95"
"СМОЛЯН","СМОЛЯН","ГР.СМОЛЯН","Професионална гимназия по икономика ""Карл Маркс""","2100113","52","46.17","52","23"
"СМОЛЯН","СМОЛЯН","ГР.СМОЛЯН","Смолянска професионална гимназия по туризъм и строителство ""Никола Й. Вапцаров""","2100115","31","33.26","30","17.86"
"СМОЛЯН","СМОЛЯН","ГР.СМОЛЯН","Профилирана природо-математическа гимназия ""Васил Левски""","2103321","78","61.51","78","52.01"
"СМОЛЯН","СМОЛЯН","ГР.СМОЛЯН","Езикова гимназия ""Иван Вазов""","2103331","79","63.57","78","35.87"
"СМОЛЯН","СМОЛЯН","ГР.СМОЛЯН","Професионална гимназия за приложни изкуства","2902506","14","45.32","14","20.75"
"СМОЛЯН","СМОЛЯН","С.ШИРОКА ЛЪКА","Национално училище за фолклорни изкуства ""Широка лъка""","2902202","15","44.13","15","21.8"
"СМОЛЯН","ЧЕПЕЛАРЕ","ГР.ЧЕПЕЛАРЕ","Средно Училище ""Васил Дечев""","2100901","7","54.5","7","15.18"
"СМОЛЯН","ЧЕПЕЛАРЕ","ГР.ЧЕПЕЛАРЕ","Професионална гимназия по селско горско стопанство и туризъм ""Никола Йонков Вапцаров""","2100903","28","32.64","27","22.26"
"СОФИЯ-ГРАД","СТОЛИЧНА","ГР.БАНКЯ","78. Средно училище ""Христо Смирненски""","2201078","38","29.33","35","17.12"
"СОФИЯ-ГРАД","СТОЛИЧНА","ГР.БАНКЯ","Професионална гимназия по туризъм ""Алеко Константинов""","2201400","71","28.77","69","14.21"
"СОФИЯ-ГРАД","СТОЛИЧНА","ГР.БУХОВО","117. СУ","2210117","24","30.06","24","15.89"
"СОФИЯ-ГРАД","СТОЛИЧНА","ГР.НОВИ ИСКЪР","170 Средно училище ""Васил Левски""","2215170","80","43.26","79","20.99"
"СОФИЯ-ГРАД","СТОЛИЧНА","ГР.НОВИ ИСКЪР","172 Обединено училище ""Христо Ботев""","2215172","14","18.07","15","9.93"
"СОФИЯ-ГРАД","СТОЛИЧНА","ГР.СОФИЯ","Частна професионална гимназия по дигитални науки СофтУни Будител","2200013","69","50.93","60","35.14"
"СОФИЯ-ГРАД","СТОЛИЧНА","ГР.СОФИЯ","ЧСУ ""Роналд Лаудер""","2200021","12","65.21","12","46.06"
"СОФИЯ-ГРАД","СТОЛИЧНА","ГР.СОФИЯ","Частно средно училище ""Константин-Кирил Философ""","2200023","3","37.83","3","18.83"
"СОФИЯ-ГРАД","СТОЛИЧНА","ГР.СОФИЯ","Частно средно училище ""Наука за деца""","2200024","13","78.58","13","78.75"
"СОФИЯ-ГРАД","СТОЛИЧНА","ГР.СОФИЯ","Частна гимназия по природни науки и предприемачество Асен Йорданов","2200039","3","47.67","2","29.88"
"СОФИЯ-ГРАД","СТОЛИЧНА","ГР.СОФИЯ","ЧАСТНА ПРОФИЛИРАНА ГИМНАЗИЯ ""ПРОГРЕСИВНО ОБРАЗОВАНИЕ - СОФИЯ""","2200040","2","44.25","0","0"
"СОФИЯ-ГРАД","СТОЛИЧНА","ГР.СОФИЯ","ЧАСТНА ПРОФЕСИОНАЛНА ГИМНАЗИЯ ПО СЦЕНИЧНИ ИЗКУСТВА И МЕНИДЖМЪНТ АКАТАМУС - СОФИЯ","2200042","11","55.23","11","60.91"
"СОФИЯ-ГРАД","СТОЛИЧНА","ГР.СОФИЯ","2 Средно училище ""Академик Емилиян Станев ""","2202002","107","53.4","102","32.25"
"СОФИЯ-ГРАД","СТОЛИЧНА","ГР.СОФИЯ","26 Средно училище ""Йордан Йовков""","2202026","23","40.41","23","25.66"
"СОФИЯ-ГРАД","СТОЛИЧНА","ГР.СОФИЯ","Професионална гимназия по екология и биотехнологии ""Проф. д-р Асен Златаров""","2202401","115","38.62","115","17.93"
"СОФИЯ-ГРАД","СТОЛИЧНА","ГР.СОФИЯ","Частно профилирано средно училище ""Свети Наум""","2202534","15","59.53","15","40.57"
"СОФИЯ-ГРАД","СТОЛИЧНА","ГР.СОФИЯ","ЧСУ ""Рьорих"" с ранно чуждоезиково обучение и разширено изучаване на музика и изобразително изкуство","2202535","15","42.1","11","22.41"
"СОФИЯ-ГРАД","СТОЛИЧНА","ГР.СОФИЯ","Частно средно езиково училище ""Британика""","2202536","25","73.32","25","69.95"
"СОФИЯ-ГРАД","СТОЛИЧНА","ГР.СОФИЯ","Частно средно училище ""Свети Георги""","2202574","26","58.19","23","50.7"
"СОФИЯ-ГРАД","СТОЛИЧНА","ГР.СОФИЯ","Специално училище за ученици с увреден слух ""Проф. д-р Дечо Денев""","2202612","8","44","9","51.39"
"СОФИЯ-ГРАД","СТОЛИЧНА","ГР.СОФИЯ","Частно средно училище ""Професор Николай Райнов""","2202620","9","45.94","7","23.04"
"СОФИЯ-ГРАД","СТОЛИЧНА","ГР.СОФИЯ","Частно средно училище Евлоги и Христо Георгиеви ЕООД","2202704","3","66.83","0","0"
"СОФИЯ-ГРАД","СТОЛИЧНА","ГР.СОФИЯ","Частно средно Монтесори училище ""Откривател""","2202705","1","63.5","1","35"
"СОФИЯ-ГРАД","СТОЛИЧНА","ГР.СОФИЯ","74 СУ ""ГОЦЕ ДЕЛЧЕВ""","2203074","46","32.02","45","17.12"
"СОФИЯ-ГРАД","СТОЛИЧНА","ГР.СОФИЯ","140. СРЕДНО УЧИЛИЩЕ ""ИВАН БОГОРОВ""","2203140","75","37.73","73","15.1"
"СОФИЯ-ГРАД","СТОЛИЧНА","ГР.СОФИЯ","Специално училище за ученици с нарушено зрение ""ЛУИ БРАЙЛ""","2203603","1","48","0","0"
"СОФИЯ-ГРАД","СТОЛИЧНА","ГР.СОФИЯ","Частно средно училище ""Дружба"" - София","2203720","13","56.42","8","31.31"
"СОФИЯ-ГРАД","СТОЛИЧНА","ГР.СОФИЯ","18 Средно училище ""Уилям Гладстон""","2204018","205","66.4","194","44.97"
"СОФИЯ-ГРАД","СТОЛИЧНА","ГР.СОФИЯ","30 СРЕДНО УЧИЛИЩЕ ""БРАТЯ МИЛАДИНОВИ""","2204030","80","62.65","77","39.87"
"СОФИЯ-ГРАД","СТОЛИЧНА","ГР.СОФИЯ","32. СРЕДНО УЧИЛИЩЕ С ИЗУЧАВАНЕ НА ЧУЖДИ ЕЗИЦИ ""СВЕТИ КЛИМЕНТ ОХРИДСКИ""","2204032","159","66.95","159","54.21"
"СОФИЯ-ГРАД","СТОЛИЧНА","ГР.СОФИЯ","91. НЕМСКА ЕЗИКОВА ГИМНАЗИЯ ""Професор Константин Гълъбов""","2204091","190","76.29","190","71.79"
"СОФИЯ-ГРАД","СТОЛИЧНА","ГР.СОФИЯ","134. средно училище ""Димчо Дебелянов""","2204134","81","71.43","81","45.64"
"СОФИЯ-ГРАД","СТОЛИЧНА","ГР.СОФИЯ","Профилирана гимназия с интензивно изучаване на румънски език ""МИХАЙ ЕМИНЕСКУ""","2204311","65","46.19","65","22.53"
"СОФИЯ-ГРАД","СТОЛИЧНА","ГР.СОФИЯ","НАЦИОНАЛНА ПРОФЕСИОНАЛНА ГИМНАЗИЯ ПО ПРЕЦИЗНА ТЕХНИКА И ОПТИКА ""М. В. Ломоносов""","2204402","191","57.85","192","54.68"
"СОФИЯ-ГРАД","СТОЛИЧНА","ГР.СОФИЯ","ПРОФЕСИОНАЛНА ГИМНАЗИЯ ПО ТЕКСТИЛНИ И КОЖЕНИ ИЗДЕЛИЯ","2204403","58","20.14","58","11.65"
"СОФИЯ-ГРАД","СТОЛИЧНА","ГР.СОФИЯ","ПРОФЕСИОНАЛНА ГИМНАЗИЯ ПО ПОДЕМНА, СТРОИТЕЛНА И ТРАНСПОРТНА ТЕХНИКА","2204405","19","32.55","22","40.99"
"СОФИЯ-ГРАД","СТОЛИЧНА","ГР.СОФИЯ","Частна профилирана гимназия с чуждоезиково обучение ""Езиков свят""","2204511","7","47.36","6","42.96"
"СОФИЯ-ГРАД","СТОЛИЧНА","ГР.СОФИЯ","Частно средно училище с немски език ""Веда""","2204549","5","60.8","5","43.7"
"СОФИЯ-ГРАД","СТОЛИЧНА","ГР.СОФИЯ","105. СРЕДНО УЧИЛИЩЕ ""АТАНАС ДАЛЧЕВ""","2205105","80","58.82","65","25.12"
"СОФИЯ-ГРАД","СТОЛИЧНА","ГР.СОФИЯ","119 Средно училище ""Академик Михаил Арнаудов""","2205119","107","62.58","89","35.07"
"СОФИЯ-ГРАД","СТОЛИЧНА","ГР.СОФИЯ","СОФИЙСКА ПРОФЕСИОНАЛНА ГИМНАЗИЯ по ЕЛЕКТРОНИКА ""Джон Атанасов""","2205407","189","61.25","185","57.53"
"СОФИЯ-ГРАД","СТОЛИЧНА","ГР.СОФИЯ","Частна езикова гимназия ""Проф.Иван Апостолов""","2205520","67","71.7","67","57.7"
"СОФИЯ-ГРАД","СТОЛИЧНА","ГР.СОФИЯ","3. СУ ""Марин Дринов""","2206003","47","52.27","40","22.74"
"СОФИЯ-ГРАД","СТОЛИЧНА","ГР.СОФИЯ","113 СУ ""САВА ФИЛАРЕТОВ""","2206113","29","13.47","29","12.66"
"СОФИЯ-ГРАД","СТОЛИЧНА","ГР.СОФИЯ","Втора английска езикова гимназия ""Томас Джеферсън""","2206302","196","73.51","194","67.57"
"СОФИЯ-ГРАД","СТОЛИЧНА","ГР.СОФИЯ","Професионална гимназия по транспорт и енергетика ""Хенри Форд""","2206409","217","34.22","220","18.81"
"СОФИЯ-ГРАД","СТОЛИЧНА","ГР.СОФИЯ","ПРОФЕСИОНАЛНА ГИМНАЗИЯ ПО ВИСОКИ ТЕХНОЛОГИИ ""А. С. ПОПОВ""","2206410","153","44.19","149","26.52"
"СОФИЯ-ГРАД","СТОЛИЧНА","ГР.СОФИЯ","Професионална гимназия по хранително-вкусови технологии ""Проф. д-р Георги Павлов""","2206411","69","25.72","63","13.47"
"СОФИЯ-ГРАД","СТОЛИЧНА","ГР.СОФИЯ","68. Средно училище ""Академик Никола Обрешков""","2207068","74","35.01","74","17.46"
"СОФИЯ-ГРАД","СТОЛИЧНА","ГР.СОФИЯ","69 Средно училище ""Димитър Маринов""","2207069","19","30.34","19","15.08"
"СОФИЯ-ГРАД","СТОЛИЧНА","ГР.СОФИЯ","108 Средно училище ""Никола Беловеждов""","2207108","52","47.08","52","22.89"
"СОФИЯ-ГРАД","СТОЛИЧНА","ГР.СОФИЯ","28 Средно училище ""Алеко Константинов""","2208028","77","55.83","77","55.88"
"СОФИЯ-ГРАД","СТОЛИЧНА","ГР.СОФИЯ","123 Средно училищe ""Стефан Стамболов""","2208123","41","23.07","39","12.99"
"СОФИЯ-ГРАД","СТОЛИЧНА","ГР.СОФИЯ","135 средно училище ""Ян Амос Коменски""","2208135","28","38.16","26","17.12"
"СОФИЯ-ГРАД","СТОЛИЧНА","ГР.СОФИЯ","Софийска гимназия по хлебни и сладкарски технологии","2208413","53","31.66","50","20.16"
"СОФИЯ-ГРАД","СТОЛИЧНА","ГР.СОФИЯ","19 СРЕДНО УЧИЛИЩЕ ""ЕЛИН ПЕЛИН""","2209019","80","61.19","79","27.43"
"СОФИЯ-ГРАД","СТОЛИЧНА","ГР.СОФИЯ","36 Средно училище ""Максим Горки""","2209036","50","50.22","48","20.26"
"СОФИЯ-ГРАД","СТОЛИЧНА","ГР.СОФИЯ","51 СРЕДНО УЧИЛИЩЕ ""ЕЛИСАВЕТА БАГРЯНА""","2209051","90","65.4","87","46.12"
"СОФИЯ-ГРАД","СТОЛИЧНА","ГР.СОФИЯ","132. Средно училище ""Ваня Войнова""","2209132","70","35.69","68","17.61"
"СОФИЯ-ГРАД","СТОЛИЧНА","ГР.СОФИЯ","203 Профилирана езикова гимназия ""Свети Методий""","2209305","127","51.46","120","21.13"
"СОФИЯ-ГРАД","СТОЛИЧНА","ГР.СОФИЯ","Частно езиково средно училище ""Дорис Тенеди""","2209529","35","63.43","35","38.72"
"СОФИЯ-ГРАД","СТОЛИЧНА","ГР.СОФИЯ","85 Средно училище ""Отец Паисий""","2210085","20","28.98","20","20.8"
"СОФИЯ-ГРАД","СТОЛИЧНА","ГР.СОФИЯ","162 Средно училище ""Отец Паисий""","2210162","19","13.53","19","12.58"
"СОФИЯ-ГРАД","СТОЛИЧНА","ГР.СОФИЯ","21 СРЕДНО УЧИЛИЩЕ ""ХРИСТО БОТЕВ""","2211021","47","57.4","31","30.26"
"СОФИЯ-ГРАД","СТОЛИЧНА","ГР.СОФИЯ","35. СРЕДНО ЕЗИКОВО УЧИЛИЩЕ ""ДОБРИ ВОЙНИКОВ""","2211035","136","70.04","133","50.42"
"СОФИЯ-ГРАД","СТОЛИЧНА","ГР.СОФИЯ","Национална природо-математическа гимназия ""Академик Любомир Чакалов""","2211304","191","72.42","191","77.75"
"СОФИЯ-ГРАД","СТОЛИЧНА","ГР.СОФИЯ","Професионална гимназия по облекло ""Княгиня Мария Луиза""","2211417","116","47.13","111","20.56"
"СОФИЯ-ГРАД","СТОЛИЧНА","ГР.СОФИЯ","СОФИЙСКА ГИМНАЗИЯ ПО СТРОИТЕЛСТВО, АРХИТЕКТУРА И ГЕОДЕЗИЯ ""ХРИСТО БОТЕВ""","2211419","185","65.51","181","48.13"
"СОФИЯ-ГРАД","СТОЛИЧНА","ГР.СОФИЯ","НАЦИОНАЛНА ФИНАНСОВО-СТОПАНСКА ГИМНАЗИЯ","2211420","184","63.46","183","41.48"
"СОФИЯ-ГРАД","СТОЛИЧНА","ГР.СОФИЯ","ЧАСТНА ПРОФЕСИОНАЛНА ГИМНАЗИЯ ""БАНКЕР""","2211517","12","48.33","9","54.67"
"СОФИЯ-ГРАД","СТОЛИЧНА","ГР.СОФИЯ","Духовно Училище Софийска духовна семинария ""Св. Иван Рилски""","2211557","10","39","10","20.58"
"СОФИЯ-ГРАД","СТОЛИЧНА","ГР.СОФИЯ","Частно средно училище Българско школо ООД","2211564","7","62.36","0","0"
"СОФИЯ-ГРАД","СТОЛИЧНА","ГР.СОФИЯ","27. Средно училище ""Акад. Георги Караславов""","2212027","22","34.14","22","24.48"
"СОФИЯ-ГРАД","СТОЛИЧНА","ГР.СОФИЯ","37. Средно училище ""Райна Княгиня""","2212037","38","29","39","35.1"
"СОФИЯ-ГРАД","СТОЛИЧНА","ГР.СОФИЯ","40 Средно училище ""Луи Пастьор""","2212040","52","43.06","48","36.73"
"СОФИЯ-ГРАД","СТОЛИЧНА","ГР.СОФИЯ","56. Средно училище ""Професор Константин Иречек""","2212056","73","44.38","73","21.95"
"СОФИЯ-ГРАД","СТОЛИЧНА","ГР.СОФИЯ","79 средно училище ""Индира Ганди""","2212079","44","30.88","44","16.97"
"СОФИЯ-ГРАД","СТОЛИЧНА","ГР.СОФИЯ","90 Средно училище ""Генерал Хосе де Сан Мартин""","2212090","44","44.83","43","20.16"
"СОФИЯ-ГРАД","СТОЛИЧНА","ГР.СОФИЯ","96 Средно училище ""Лев Николаевич Толстой""","2212096","105","50.02","94","42.48"
"СОФИЯ-ГРАД","СТОЛИЧНА","ГР.СОФИЯ","97 Средно училище ""Братя Миладинови""","2212097","74","42.48","63","19.68"
"СОФИЯ-ГРАД","СТОЛИЧНА","ГР.СОФИЯ","137 средно училище ""Ангел Кънчев""","2212137","76","46.93","74","17.92"
"СОФИЯ-ГРАД","СТОЛИЧНА","ГР.СОФИЯ","33. Езикова гимназия ""Света София""","2212303","129","54.22","122","22.82"
"СОФИЯ-ГРАД","СТОЛИЧНА","ГР.СОФИЯ","Частно средно училище ""Петко Рачов Славейков""","2212553","7","51.29","7","34.79"
"СОФИЯ-ГРАД","СТОЛИЧНА","ГР.СОФИЯ","10 Средно училище "" Теодор Траянов ""","2213010","48","43.39","48","19.17"
"СОФИЯ-ГРАД","СТОЛИЧНА","ГР.СОФИЯ","39 Средно училище ""Петър Динеков""","2213039","74","45.34","70","20.84"
"СОФИЯ-ГРАД","СТОЛИЧНА","ГР.СОФИЯ","81. Средно училище ""Виктор Юго""","2213081","50","48.26","38","24"
"СОФИЯ-ГРАД","СТОЛИЧНА","ГР.СОФИЯ","118 Средно училище ""Академик Людмил Стоянов""","2213118","51","48.81","48","23.49"
"СОФИЯ-ГРАД","СТОЛИЧНА","ГР.СОФИЯ","125 СУ ""Боян Пенев"" с изучаване на чужди езици","2213125","49","59.07","44","33.19"
"СОФИЯ-ГРАД","СТОЛИЧНА","ГР.СОФИЯ","128 СРЕДНО УЧИЛИЩЕ ""АЛБЕРТ АЙНЩАЙН""","2213128","49","52.8","48","32.19"
"СОФИЯ-ГРАД","СТОЛИЧНА","ГР.СОФИЯ","131. СУ ""Климент Аркадиевич Тимирязев""","2213131","49","51.77","43","51.76"
"СОФИЯ-ГРАД","СТОЛИЧНА","ГР.СОФИЯ","144 Средно училище ""Народни будители""","2213144","101","43.45","99","19.96"
"СОФИЯ-ГРАД","СТОЛИЧНА","ГР.СОФИЯ","СПОРТНО УЧИЛИЩЕ ""ГЕН. ВЛАДИМИР СТОЙЧЕВ""","2213307","90","39.22","91","16.81"
"СОФИЯ-ГРАД","СТОЛИЧНА","ГР.СОФИЯ","Технологично училище ""Електронни системи"" към Технически Университет - София","2213350","103","69.96","103","82.62"
"СОФИЯ-ГРАД","СТОЛИЧНА","ГР.СОФИЯ","Частна профилирана гимназия с чуждоезиково обучение Меридиан 22""","2213503","29","60.09","29","33.29"
"СОФИЯ-ГРАД","СТОЛИЧНА","ГР.СОФИЯ","АМЕРИКАНСКИ КОЛЕЖ В СОФИЯ","2213507","187","77.22","188","82.47"
"СОФИЯ-ГРАД","СТОЛИЧНА","ГР.СОФИЯ","15 Средно училище "" Адам Мицкевич""","2214015","54","34.27","46","18.76"
"СОФИЯ-ГРАД","СТОЛИЧНА","ГР.СОФИЯ","54. СРЕДНО УЧИЛИЩЕ ""Свети ИВАН РИЛСКИ""","2214054","76","52.74","72","20.94"
"СОФИЯ-ГРАД","СТОЛИЧНА","ГР.СОФИЯ","101. СРЕДНО УЧИЛИЩЕ ""БАЧО КИРО""","2214101","52","49.95","54","25.09"
"СОФИЯ-ГРАД","СТОЛИЧНА","ГР.СОФИЯ","153 Спортно училище ""Неофит Рилски""","2214153","88","25.86","73","14.91"
"СОФИЯ-ГРАД","СТОЛИЧНА","ГР.СОФИЯ","1 Средно училище ""Пенчо П. Славейков""","2216001","127","64.49","123","56.94"
"СОФИЯ-ГРАД","СТОЛИЧНА","ГР.СОФИЯ","164. гимназия с преподаване на испански език ""Мигел де Сервантес""","2216164","165","78.32","165","73.65"
"СОФИЯ-ГРАД","СТОЛИЧНА","ГР.СОФИЯ","Първа английска езикова гимназия","2216301","222","70.36","221","60.02"
"СОФИЯ-ГРАД","СТОЛИЧНА","ГР.СОФИЯ","Софийска математическа гимназия ""Паисий Хилендарски""","2216306","157","73.58","155","89.95"
"СОФИЯ-ГРАД","СТОЛИЧНА","ГР.СОФИЯ","IV Сменно-вечерна гимназия "" Отец Паисий ""","2216309","1","0","1","0"
"СОФИЯ-ГРАД","СТОЛИЧНА","ГР.СОФИЯ","Професионална гимназия по механоелектротехника ""Н.Й.Вапцаров""","2216422","61","30.57","60","18.65"
"СОФИЯ-ГРАД","СТОЛИЧНА","ГР.СОФИЯ","СОФИЙСКА ПРОФЕСИОНАЛНА ГИМНАЗИЯ ПО ТУРИЗЪМ","2216423","180","43.05","174","19.14"
"СОФИЯ-ГРАД","СТОЛИЧНА","ГР.СОФИЯ","Частно средно училище ""УВЕКИНД""","2216532","23","55.26","19","41.7"
"СОФИЯ-ГРАД","СТОЛИЧНА","ГР.СОФИЯ","Първа частна английска гимназия ""Уилям Шекспир-Интелект Инвест""","2216533","20","46.63","21","24.42"
"СОФИЯ-ГРАД","СТОЛИЧНА","ГР.СОФИЯ","66 Средно училище ""Филип Станиславов""","2217066","17","30.94","16","16.92"
"СОФИЯ-ГРАД","СТОЛИЧНА","ГР.СОФИЯ","88. Средно училище ""Димитър Попниколов""","2217088","47","41.67","47","19.24"
"СОФИЯ-ГРАД","СТОЛИЧНА","ГР.СОФИЯ","149 Средно училище ,,Иван Хаджийски""","2217149","44","45.72","42","17.41"
"СОФИЯ-ГРАД","СТОЛИЧНА","ГР.СОФИЯ","НАЦИОНАЛНО СРЕДНО УЧИЛИЩЕ ""СОФИЯ""","2217151","87","40.55","84","19.38"
"СОФИЯ-ГРАД","СТОЛИЧНА","ГР.СОФИЯ","ПРОФЕСИОНАЛНА ГИМНАЗИЯ ПО ЕЛЕКТРОТЕХНИКА И АВТОМАТИКА","2217424","108","39.95","107","22.93"
"СОФИЯ-ГРАД","СТОЛИЧНА","ГР.СОФИЯ","ПРОФЕСИОНАЛНА ГИМНАЗИЯ ""Д-Р СТАМЕН ГРИГОРОВ""","2217426","14","9.75","15","9.87"
"СОФИЯ-ГРАД","СТОЛИЧНА","ГР.СОФИЯ","24 Средно училище ""П.К.Яворов""","2219024","15","14.17","12","11.98"
"СОФИЯ-ГРАД","СТОЛИЧНА","ГР.СОФИЯ","44. Средно училище ""Неофит Бозвели""","2219044","50","54.26","50","25.46"
"СОФИЯ-ГРАД","СТОЛИЧНА","ГР.СОФИЯ","95 СУ ""Проф. Иван Шишманов""","2219095","100","40.4","99","36.49"
"СОФИЯ-ГРАД","СТОЛИЧНА","ГР.СОФИЯ","130. средно училище ""Стефан Караджа""","2219130","16","21.78","16","12.53"
"СОФИЯ-ГРАД","СТОЛИЧНА","ГР.СОФИЯ","166 Спортно училище ""Васил Левски""","2219166","74","42.26","66","46.92"
"СОФИЯ-ГРАД","СТОЛИЧНА","ГР.СОФИЯ","14. средно училище ""Проф. д-р Асен Златаров""","2220014","43","45.21","43","19.87"
"СОФИЯ-ГРАД","СТОЛИЧНА","ГР.СОФИЯ","29. Средно училище ""Кузман Шапкарев""","2220029","99","50.1","98","26.49"
"СОФИЯ-ГРАД","СТОЛИЧНА","ГР.СОФИЯ","59 СРЕДНО УЧИЛИЩЕ ""ВАСИЛ ЛЕВСКИ""","2220059","22","22.86","20","25.33"
"СОФИЯ-ГРАД","СТОЛИЧНА","ГР.СОФИЯ","Профилирана гимназия за изобразителни изкуства ""Професор Николай Райнов""","2220308","25","52.62","26","24.88"
"СОФИЯ-ГРАД","СТОЛИЧНА","ГР.СОФИЯ","23 Средно училище ""Фредерик Жолио-Кюри""","2221023","79","57.78","73","26.67"
"СОФИЯ-ГРАД","СТОЛИЧНА","ГР.СОФИЯ","31 Средно училище за чужди езици и математика ""Иван Вазов""","2221031","128","67.48","125","52.77"
"СОФИЯ-ГРАД","СТОЛИЧНА","ГР.СОФИЯ","93-то Средно училище ""Александър Теодоров - Балан""","2221093","106","54.5","105","21.06"
"СОФИЯ-ГРАД","СТОЛИЧНА","ГР.СОФИЯ","94 СРЕДНО УЧИЛИЩЕ ""Димитър Страшимиров""","2221094","56","17.45","56","13"
"СОФИЯ-ГРАД","СТОЛИЧНА","ГР.СОФИЯ","138. СРЕДНО УЧИЛИЩЕ ЗА ЗАПАДНИ И ИЗТОЧНИ ЕЗИЦИ ""ПРОФ. ВАСИЛ ЗЛАТАРСКИ""","2221138","100","56.56","98","35.59"
"СОФИЯ-ГРАД","СТОЛИЧНА","ГР.СОФИЯ","157 Гимназия с изучаване на чужд език ""Сесар Вайехо""","2221157","125","55.52","124","25"
"СОФИЯ-ГРАД","СТОЛИЧНА","ГР.СОФИЯ","ПРОФЕСИОНАЛНА ГИМНАЗИЯ ПО ТРАНСПОРТ ""МАКГАХАН""","2221430","25","28.35","12","15.75"
"СОФИЯ-ГРАД","СТОЛИЧНА","ГР.СОФИЯ","Първа Частна Математическа Гимназия","2221563","44","74.49","44","83.4"
"СОФИЯ-ГРАД","СТОЛИЧНА","ГР.СОФИЯ","Частна профилирана гимназия ""Образователни технологии""","2221590","45","55.92","41","36.42"
"СОФИЯ-ГРАД","СТОЛИЧНА","ГР.СОФИЯ","7. СРЕДНО УЧИЛИЩЕ ""СВ. СЕДМОЧИСЛЕНИЦИ""","2222007","161","67.89","160","45.2"
"СОФИЯ-ГРАД","СТОЛИЧНА","ГР.СОФИЯ","9 Френска езикова гимназия ""Алфонс дьо Ламартин""","2222009","219","73.97","212","57.13"
"СОФИЯ-ГРАД","СТОЛИЧНА","ГР.СОФИЯ","12 Средно училище "" Цар Иван Асен II""","2222012","104","61.84","101","36.09"
"СОФИЯ-ГРАД","СТОЛИЧНА","ГР.СОФИЯ","127 СРЕДНО УЧИЛИЩЕ ""Иван Николаевич Денкоглу""","2222127","216","61.98","216","34.26"
"СОФИЯ-ГРАД","СТОЛИЧНА","ГР.СОФИЯ","133 Средно училище „Александър Сергеевич Пушкин”","2222133","104","67.93","103","46.59"
"СОФИЯ-ГРАД","СТОЛИЧНА","ГР.СОФИЯ","8. Средно училище ""Васил Левски""","2223008","25","57.84","24","62.58"
"СОФИЯ-ГРАД","СТОЛИЧНА","ГР.СОФИЯ","55 СРЕДНО УЧИЛИЩЕ ""ПЕТКО КАРАВЕЛОВ""","2223055","52","54.2","50","31.53"
"СОФИЯ-ГРАД","СТОЛИЧНА","ГР.СОФИЯ","ПРОФЕСИОНАЛНА ГИМНАЗИЯ ПО ТЕЛЕКОМУНИКАЦИИ","2223431","184","53.4","184","38.32"
"СОФИЯ-ГРАД","СТОЛИЧНА","ГР.СОФИЯ","ЧАСТНА ЕЗИКОВА ГИМНАЗИЯ ""ПРОФ.Д-Р В.ЗЛАТАРСКИ""","2223547","37","59.11","37","34.21"
"СОФИЯ-ГРАД","СТОЛИЧНА","ГР.СОФИЯ","22 Средно езиково училище ""Георги Стойков Раковски""","2224022","165","68.3","158","46.47"
"СОФИЯ-ГРАД","СТОЛИЧНА","ГР.СОФИЯ","47 Средно училище ""Христо Груев Данов""","2224047","98","42.1","91","22.1"
"СОФИЯ-ГРАД","СТОЛИЧНА","ГР.СОФИЯ","73.СУ с преподаване на чужди езици ""Владислав Граматик""","2224073","109","70.88","104","58.79"
"СОФИЯ-ГРАД","СТОЛИЧНА","ГР.СОФИЯ","121 СРЕДНО УЧИЛИЩЕ ""ГЕОРГИ ИЗМИРЛИЕВ""","2224121","100","49.59","91","24.71"
"СОФИЯ-ГРАД","СТОЛИЧНА","ГР.СОФИЯ","Професионална гимназия по дизайн ""Елисавета Вазова""","2224432","109","64.04","105","36.22"
"СОФИЯ-ГРАД","СТОЛИЧНА","ГР.СОФИЯ","НАЦИОНАЛНА ТЪРГОВСКО - БАНКОВА ГИМНАЗИЯ","2224433","263","63.12","251","46.32"
"СОФИЯ-ГРАД","СТОЛИЧНА","ГР.СОФИЯ","ЧСУ по изкуства и чужди езици ""Артис""","2224544","25","46.1","17","19.62"
"СОФИЯ-ГРАД","СТОЛИЧНА","ГР.СОФИЯ","ЧАСТНА ПРОФЕСИОНАЛНА ГИМНАЗИЯ ПО БАНКОВО ДЕЛО ТЪРГОВИЯ И ФИНАНСИ","2224545","36","40.82","31","21.23"
"СОФИЯ-ГРАД","СТОЛИЧНА","ГР.СОФИЯ","Национално музикално училище ""Любомир Пипков""","2902101","66","51.9","57","26.84"
"СОФИЯ-ГРАД","СТОЛИЧНА","ГР.СОФИЯ","Национално училище за танцово изкуство","2902301","68","42.98","59","21.69"
"СОФИЯ-ГРАД","СТОЛИЧНА","ГР.СОФИЯ","Национално училище за изящни изкуства ""Илия Петров""","2902401","46","56.24","39","32.55"
"СОФИЯ-ГРАД","СТОЛИЧНА","ГР.СОФИЯ","НАЦИОНАЛНА ГИМНАЗИЯ ЗА ПРИЛОЖНИ ИЗКУСТВА ""СВЕТИ ЛУКА"" - СОФИЯ","2902501","96","54.4","86","26.06"
"СОФИЯ-ГРАД","СТОЛИЧНА","ГР.СОФИЯ","Национална професионална гимназия по полиграфия и фотография","2902601","105","54.81","105","20.46"
"СОФИЯ-ГРАД","СТОЛИЧНА","ГР.СОФИЯ","Национален учебен комплекс по култура с лицей за изучаване на италиански език и култура с участието на Република Италия","2902701","50","63.07","46","47.54"
"СОФИЯ-ГРАД","СТОЛИЧНА","ГР.СОФИЯ","Национална гимназия за древни езици и култури Константин Кирил Философ","2902702","74","77.39","74","43.05"
"СОФИЯ-ГРАД","СТОЛИЧНА","С.БИСТРИЦА","192. СРЕДНО УЧИЛИЩЕ ""ХРИСТО БОТЕВ""","2218192","23","32.04","23","15.87"
"СОФИЯ-ГРАД","СТОЛИЧНА","С.КАЗИЧЕНЕ","71 Средно училище ""Пейо Яворов""","2218071","28","34.82","27","17.31"
"СОФИЯ-ГРАД","СТОЛИЧНА","С.ЛОЗЕН","Частно средно училище с чуждоезиков профил ""Абрахам Линкълн""","2213600","9","62.78","9","33.89"
"СОФИЯ-ГРАД","СТОЛИЧНА","СОФИЯ 08 РН ИЗГРЕВ","Софийска професионална гимназия ""Княгиня Евдокия""","2205408","199","42.25","197","17.12"
"СОФИЯ-ГРАД","СТОЛИЧНА","СОФИЯ 11 РН КРАСНА ПОЛЯНА","57 Спортно училище ""Свети Наум Охридски""","2208057","85","32.47","75","16.62"
"СОФИЯ-ГРАД","СТОЛИЧНА","СОФИЯ 14 РН ИСКЪР","ПРОФЕСИОНАЛНА ГИМНАЗИЯ ПО ТРАНСПОРТ","2207412","72","31.69","72","15.52"
"СОФИЯ-ГРАД","ЧУЖБИНА","Братислава","Българско средно училище ""Христо Ботев""","2900001","2","49","2","24.5"
"СОФИЯ-ГРАД","ЧУЖБИНА","Прага","Българско средно училище ""Д-р Петър Берон""","2900102","9","40.11","9","23.94"
"СОФИЯ-ОБЛАСТ","БОЖУРИЩЕ","ГР.БОЖУРИЩЕ","Средно училище ""Летец Христо Топракчиев""","2308970","24","51.48","24","27.58"
"СОФИЯ-ОБЛАСТ","БОТЕВГРАД","ГР.БОТЕВГРАД","Профилирана природо-математическа гимназия ""Акад.проф.д-р Асен Златаров""","2300099","101","57.25","102","35.18"
"СОФИЯ-ОБЛАСТ","БОТЕВГРАД","ГР.БОТЕВГРАД","Професионална гимназия по техника и мениджмънт ""Христо Ботев""","2300284","79","28.15","79","13.33"
"СОФИЯ-ОБЛАСТ","БОТЕВГРАД","ГР.БОТЕВГРАД","Техническа професионална гимназия ""Стамен Панчев""","2301044","34","15.12","33","10.15"
"СОФИЯ-ОБЛАСТ","ГОДЕЧ","ГР.ГОДЕЧ","Средно училище ""Проф. д-р Асен Златаров""","2300163","32","42.86","32","25.69"
"СОФИЯ-ОБЛАСТ","ГОРНА МАЛИНА","С.АПРИЛОВО","Средно училище ""Свети Свети Кирил и Методий""","2309200","19","17.79","18","11.94"
"СОФИЯ-ОБЛАСТ","ГОРНА МАЛИНА","С.ГОРНА МАЛИНА","Средно училище ""Христо Ботев""","2309225","34","50.43","34","18.02"
"СОФИЯ-ОБЛАСТ","ДОЛНА БАНЯ","ГР.ДОЛНА БАНЯ","Професионална гимназия ""Христо Ботев""","2303582","17","18.35","17","28.24"
"СОФИЯ-ОБЛАСТ","ДОЛНА БАНЯ","ГР.ДОЛНА БАНЯ","Средно училище ""Неофит Рилски""","2306213","13","32.27","14","38.79"
"СОФИЯ-ОБЛАСТ","ДРАГОМАН","ГР.ДРАГОМАН","Средно училище ""Христо Ботев""","2300214","17","39.79","17","20.26"
"СОФИЯ-ОБЛАСТ","ЕЛИН ПЕЛИН","ГР.ЕЛИН ПЕЛИН","Средно училище ""Васил Левски""","2300170","95","43.36","95","29.78"
"СОФИЯ-ОБЛАСТ","ЕЛИН ПЕЛИН","С.ЕЛИН ПЕЛИН (ГАРА ЕЛИН П","ПГИТТ ""Елин Пелин""","2300274","25","20.28","25","16.8"
"СОФИЯ-ОБЛАСТ","ЕТРОПОЛЕ","ГР.ЕТРОПОЛЕ","Средно училище ""Христо Ясенов""","2300195","42","40.39","42","21.3"
"СОФИЯ-ОБЛАСТ","ЕТРОПОЛЕ","ГР.ЕТРОПОЛЕ","Професионална гимназия ""Тодор Пеев""","2300327","38","18.05","38","14.51"
"СОФИЯ-ОБЛАСТ","ЗЛАТИЦА","ГР.ЗЛАТИЦА","Професионална гимназия "" Златица""","2300302","27","36.63","27","32.16"
"СОФИЯ-ОБЛАСТ","ЗЛАТИЦА","ГР.ЗЛАТИЦА","Средно училище ""Свети Паисий Хилендарски""","2308792","19","51.13","19","23.88"
"СОФИЯ-ОБЛАСТ","ИХТИМАН","ГР.ИХТИМАН","Средно училище ""Христо Ботев""","2300188","37","40.13","29","22.16"
"СОФИЯ-ОБЛАСТ","ИХТИМАН","ГР.ИХТИМАН","Професионална гимназия ""Васил Левски""","2300417","68","11.46","63","10.15"
"СОФИЯ-ОБЛАСТ","ИХТИМАН","С.ВАКАРЕЛ","Средно училище ""Христо Смирненски""","2309054","10","33.1","9","15"
"СОФИЯ-ОБЛАСТ","КОПРИВЩИЦА","ГР.КОПРИВЩИЦА","Средно училище ""Любен Каравелов""","2306331","7","64.57","7","71.71"
"СОФИЯ-ОБЛАСТ","КОСТЕНЕЦ","ГР.КОСТЕНЕЦ","Средно училище ""Св. Климент Охридски""","2303490","52","56.27","50","65.09"
"СОФИЯ-ОБЛАСТ","КОСТЕНЕЦ","ГР.КОСТЕНЕЦ","Професионална гимназия ""Георги Сава Раковски""","2304717","52","35.57","51","51.04"
"СОФИЯ-ОБЛАСТ","КОСТИНБРОД","ГР.КОСТИНБРОД","Средно училище ""Д-р Петър Берон""","2309638","43","40.7","41","19.94"
"СОФИЯ-ОБЛАСТ","КОСТИНБРОД","ГР.КОСТИНБРОД","Професионална гимназия по ветеринарна медицина и селско стопанство ""Св. Г. Победоносец""","2309735","46","43.68","42","19.99"
"СОФИЯ-ОБЛАСТ","ПИРДОП","ГР.ПИРДОП","Средно училище ""Саво Ценов Савов""","2300105","20","53.1","20","35.78"
"СОФИЯ-ОБЛАСТ","ПИРДОП","ГР.ПИРДОП","Професионална гимназия по туризъм и хранителни технологии ""Никола Димов""","2300448","14","31.64","14","15.14"
"СОФИЯ-ОБЛАСТ","ПИРДОП","ГР.ПИРДОП","Професионална гимназия по механаноелектротехника","2302504","37","28.39","36","18.67"
"СОФИЯ-ОБЛАСТ","ПРАВЕЦ","ГР.ПРАВЕЦ","Профилирана гимназия с преподаване на чужди езици ""Алеко Константинов""","2304770","98","49.94","97","19.83"
"СОФИЯ-ОБЛАСТ","ПРАВЕЦ","ГР.ПРАВЕЦ","Национална професионална гимназия по компютърни технологии и системи","2309991","138","55.72","136","56.06"
"СОФИЯ-ОБЛАСТ","САМОКОВ","ГР.САМОКОВ","Профилирана природоматематическа гимназия ""Константин Фотинов""","2300131","49","57.12","49","35.19"
"СОФИЯ-ОБЛАСТ","САМОКОВ","ГР.САМОКОВ","Професионална техническа гимназия ""Никола Й. Вапцаров""","2300291","68","40.27","68","42.86"
"СОФИЯ-ОБЛАСТ","САМОКОВ","ГР.САМОКОВ","Професионална гимназия по туризъм","2300505","53","17.39","47","11.95"
"СОФИЯ-ОБЛАСТ","САМОКОВ","ГР.САМОКОВ","Средно училище ""Отец Паисий""","2303106","44","55.4","44","33.61"
"СОФИЯ-ОБЛАСТ","САМОКОВ","ГР.САМОКОВ","Обединено училище ""Неофит Рилски""","2303825","26","8.52","20","13.5"
"СОФИЯ-ОБЛАСТ","САМОКОВ","ГР.САМОКОВ","Спортно училище ""Никола Велчев""","2304610","14","45.82","14","24.36"
"СОФИЯ-ОБЛАСТ","СВОГЕ","ГР.СВОГЕ","Професионална гимназия ""Велизар Пеев""","2303022","119","47.79","118","22.85"
"СОФИЯ-ОБЛАСТ","СВОГЕ","ГР.СВОГЕ","Средно училище ""Иван Вазов""","2308867","10","45.7","10","18.68"
"СОФИЯ-ОБЛАСТ","СЛИВНИЦА","ГР.СЛИВНИЦА","Професионална гимназия по транспорт ""Никола Йонков Вапцаров""","2300455","45","36.78","45","17.48"
"СОФИЯ-ОБЛАСТ","СЛИВНИЦА","ГР.СЛИВНИЦА","Средно училище Св.Св. Кирил и Методий""","2306517","23","54.07","23","32"
"СОФИЯ-ОБЛАСТ","СЛИВНИЦА","С.АЛДОМИРОВЦИ","Обединено Училище ""Иван Вазов""","2306518","2","31","2","30"
"СОФИЯ-ОБЛАСТ","ЧЕЛОПЕЧ","С.ЧЕЛОПЕЧ","Частна профилирана гимназия с чуждоезиково обучение ""ЧЕЛОПЕЧ""","2303852","26","65.73","26","30.91"
"СТАРА ЗАГОРА","БРАТЯ ДАСКАЛОВИ","С.БРАТЯ ДАСКАЛОВИ","Средно училище ""Христо Ботев""","2403098","11","12.86","11","30.64"
"СТАРА ЗАГОРА","ГУРКОВО","ГР.ГУРКОВО","Средно училище ""Христо Смирненски""","2406129","22","28.55","22","19.26"
"СТАРА ЗАГОРА","ГЪЛЪБОВО","ГР.ГЪЛЪБОВО","Средно училище ""Васил Левски""","2404107","22","29.07","22","15.28"
"СТАРА ЗАГОРА","ГЪЛЪБОВО","ГР.ГЪЛЪБОВО","Професионална гимназия по енергетика и електротехника","2404108","46","23.4","45","13.69"
"СТАРА ЗАГОРА","КАЗАНЛЪК","ГР.КАЗАНЛЪК","Профилирана гимназия "" Академик Петко Стайнов""","2400261","18","12.25","21","13.09"
"СТАРА ЗАГОРА","КАЗАНЛЪК","ГР.КАЗАНЛЪК","Профилирана природо-математическа гимназия ""Никола Обрешков""","2400262","107","64.54","106","52.28"
"СТАРА ЗАГОРА","КАЗАНЛЪК","ГР.КАЗАНЛЪК","Профилирана хуманитарна гимназия ""Св. Св. Кирил и Методий""","2400263","66","42.53","65","19.19"
"СТАРА ЗАГОРА","КАЗАНЛЪК","ГР.КАЗАНЛЪК","Средно училище ""Екзарх Антим I""","2400264","79","55.09","78","29.16"
"СТАРА ЗАГОРА","КАЗАНЛЪК","ГР.КАЗАНЛЪК","ПРОФЕСИОНАЛНА ГИМНАЗИЯ ""ИВАН ХАДЖИЕНОВ""","2400265","101","40.82","101","22.71"
"СТАРА ЗАГОРА","КАЗАНЛЪК","ГР.КАЗАНЛЪК","ПРОФЕСИОНАЛНА ГИМНАЗИЯ ПО ТРАНСПОРТ И ТРАНСПОРТЕН МЕНИДЖМЪНТ","2400266","78","13.79","75","11.28"
"СТАРА ЗАГОРА","КАЗАНЛЪК","ГР.КАЗАНЛЪК","Професионална гимназия по лека промишленост и туризъм","2400268","72","37.78","73","16.52"
"СТАРА ЗАГОРА","КАЗАНЛЪК","ГР.КАЗАНЛЪК","Национално училище по пластични изкуства и дизайн ""Академик Дечко Узунов""","2902505","47","44.67","47","19.98"
"СТАРА ЗАГОРА","КАЗАНЛЪК","С.РЪЖЕНА","Обединено училище ""Свети Свети Кирил и Методий""","2400286","8","11","8","11.19"
"СТАРА ЗАГОРА","МЪГЛИЖ","ГР.МЪГЛИЖ","Професионална гимназия по селско стопанство ""Гео Милев""","2405117","21","16.9","13","12.27"
"СТАРА ЗАГОРА","НИКОЛАЕВО","ГР.НИКОЛАЕВО","Професионална гимназия ""Атанас Дамянов""","2407132","13","20.23","21","12.81"
"СТАРА ЗАГОРА","ОПАН","С.ОПАН","Средно училище ""Христо Ботев""","2400837","6","30.75","6","17.67"
"СТАРА ЗАГОРА","ПАВЕЛ БАНЯ","ГР.ПАВЕЛ БАНЯ","Средно училище ""Христо Ботев""","2409139","10","21.75","11","12.59"
"СТАРА ЗАГОРА","ПАВЕЛ БАНЯ","ГР.ПАВЕЛ БАНЯ","Професионална гимназия по ресторантьорство и хотелиерство","2409140","37","11.57","35","11.36"
"СТАРА ЗАГОРА","РАДНЕВО","ГР.РАДНЕВО","Средно училище ""Гео Милев""","2401052","47","45.06","45","18.72"
"СТАРА ЗАГОРА","РАДНЕВО","ГР.РАДНЕВО","Професионална гимназия ""Св.Иван Рилски""","2401053","24","21.42","24","15.14"
"СТАРА ЗАГОРА","СТАРА ЗАГОРА","ГР.СТАРА ЗАГОРА","Средно училище ""Железник""","2400014","23","42.91","23","18.88"
"СТАРА ЗАГОРА","СТАРА ЗАГОРА","ГР.СТАРА ЗАГОРА","Професионална гимназия по компютърни науки и математически анализи ""Проф. Минко Балкански""","2400020","76","55.29","74","40.57"
"СТАРА ЗАГОРА","СТАРА ЗАГОРА","ГР.СТАРА ЗАГОРА","Профилирана природоматематическа гимназия ""Гео Милев""","2400102","128","69.79","124","55.63"
"СТАРА ЗАГОРА","СТАРА ЗАГОРА","ГР.СТАРА ЗАГОРА","Средно училище ""Васил Левски""","2400104","28","40.96","28","21.76"
"СТАРА ЗАГОРА","СТАРА ЗАГОРА","ГР.СТАРА ЗАГОРА","Средно училище ""Христо Смирненски""","2400105","10","10.4","10","27.93"
"СТАРА ЗАГОРА","СТАРА ЗАГОРА","ГР.СТАРА ЗАГОРА","Средно училище ""Максим Горки""","2400106","105","53.6","106","23.39"
"СТАРА ЗАГОРА","СТАРА ЗАГОРА","ГР.СТАРА ЗАГОРА","Средно училище ""Иван Вазов""","2400107","47","46.8","47","21.98"
"СТАРА ЗАГОРА","СТАРА ЗАГОРА","ГР.СТАРА ЗАГОРА","Спортно училище ""Тодор Каблешков""","2400108","48","30.74","47","16.64"
"СТАРА ЗАГОРА","СТАРА ЗАГОРА","ГР.СТАРА ЗАГОРА","Професионална гимназия по механотехника и транспорт ""Н. Й. Вапцаров""","2400111","34","19.93","35","13.05"
"СТАРА ЗАГОРА","СТАРА ЗАГОРА","ГР.СТАРА ЗАГОРА","ПРОФЕСИОНАЛНА ГИМНАЗИЯ ПО ЕЛЕКТРОТЕХНИКА И ТЕХНОЛОГИИ"" Г. С. РАКОВСКИ""","2400112","68","29.84","69","18.34"
"СТАРА ЗАГОРА","СТАРА ЗАГОРА","ГР.СТАРА ЗАГОРА","Национална професионална гимназия по ветеринарна медицина ""Иван Павлов""","2400116","105","44.35","105","18.61"
"СТАРА ЗАГОРА","СТАРА ЗАГОРА","ГР.СТАРА ЗАГОРА","Професионална гимназия по електроника ""Джон Атанасов""","2400117","99","38.27","99","18.77"
"СТАРА ЗАГОРА","СТАРА ЗАГОРА","ГР.СТАРА ЗАГОРА","Професионална гимназия по строителство и дървообработване ""Инж. Недьо Ранчев""","2400119","56","14.15","47","9.12"
"СТАРА ЗАГОРА","СТАРА ЗАГОРА","ГР.СТАРА ЗАГОРА","Професионална гимназия по облекло и хранене ""Райна Княгиня""","2400165","101","35.47","99","15.89"
"СТАРА ЗАГОРА","СТАРА ЗАГОРА","ГР.СТАРА ЗАГОРА","Средно училище ""Христо Ботев""","2400174","14","17.61","13","11.96"
"СТАРА ЗАГОРА","СТАРА ЗАГОРА","ГР.СТАРА ЗАГОРА","Търговска гимназия ""Княз Симеон Търновски""","2402016","105","60.65","104","29.56"
"СТАРА ЗАГОРА","СТАРА ЗАГОРА","ГР.СТАРА ЗАГОРА","Професионална гимназия по строителство, архитектура и геодезия ""Лубор Байер""","2402131","130","58.94","128","37.28"
"СТАРА ЗАГОРА","СТАРА ЗАГОРА","ГР.СТАРА ЗАГОРА","Гимназия с преподаване на чужди езици ""Ромен Ролан""","2403264","211","71.5","199","47.3"
"СТАРА ЗАГОРА","СТАРА ЗАГОРА","ГР.СТАРА ЗАГОРА","Национално училище за музикални и сценични изкуства""Христина Морфова""","2902104","42","42.15","37","17.28"
"СТАРА ЗАГОРА","СТАРА ЗАГОРА","С.КИРИЛОВО","Частно средно училище ""Нов век""","2400161","3","45.83","2","18.25"
"СТАРА ЗАГОРА","ЧИРПАН","ГР.ЧИРПАН","Средно училище ""Пейо Крачолов Яворов""","2401178","58","46.09","57","29.3"
"СТАРА ЗАГОРА","ЧИРПАН","ГР.ЧИРПАН","Професионална гимназия по селско стопанство","2401179","71","27.73","71","26.02"
"ТЪРГОВИЩЕ","АНТОНОВО","ГР.АНТОНОВО","Средно училище ""Свети Свети Кирил и Методий""","2500201","16","37.41","16","35.84"
"ТЪРГОВИЩЕ","ОМУРТАГ","ГР.ОМУРТАГ","Профилирана гимназия ""Симеон Велчев""","2520401","75","36.45","75","17.01"
"ТЪРГОВИЩЕ","ОМУРТАГ","ГР.ОМУРТАГ","Професионална гимназия  по транспорт и лека промишленост","2520601","31","21.9","31","33.9"
"ТЪРГОВИЩЕ","ОПАКА","ГР.ОПАКА","Средно училище ""Васил Левски""","2530201","16","33.03","16","15.83"
"ТЪРГОВИЩЕ","ПОПОВО","ГР.ПОПОВО","Профилирана гимназия ""Христо Ботев""","2540401","41","51.59","41","32.05"
"ТЪРГОВИЩЕ","ПОПОВО","ГР.ПОПОВО","Професионална гимназия по техника и лека промишленост","2540601","44","28.73","43","16.81"
"ТЪРГОВИЩЕ","ПОПОВО","ГР.ПОПОВО","Професионална гимназия по селско стопанство ""Никола Пушкаров""","2540602","91","31.65","89","17.28"
"ТЪРГОВИЩЕ","ТЪРГОВИЩЕ","ГР.ТЪРГОВИЩЕ","Спортно училище ""Никола Симов""","2500203","20","24.48","20","36.74"
"ТЪРГОВИЩЕ","ТЪРГОВИЩЕ","ГР.ТЪРГОВИЩЕ","Първо средно училище ""Свети Седмочисленици""","2500204","102","58.03","100","37.25"
"ТЪРГОВИЩЕ","ТЪРГОВИЩЕ","ГР.ТЪРГОВИЩЕ","Професионална гимназия по икономическа информатика ""Джон Атанасов ""","2500601","89","36.89","89","23.66"
"ТЪРГОВИЩЕ","ТЪРГОВИЩЕ","ГР.ТЪРГОВИЩЕ","Професионална техническа гимназия ""Цар Симеон Велики""","2500602","66","35.05","66","28.09"
"ТЪРГОВИЩЕ","ТЪРГОВИЩЕ","ГР.ТЪРГОВИЩЕ","Професионална гимназия по електротехника и строителство","2500603","13","20.31","13","14.73"
"ТЪРГОВИЩЕ","ТЪРГОВИЩЕ","ГР.ТЪРГОВИЩЕ","Професионална гимназия по туризъм и хранително-вкусови технологии ""Алеко Константинов""","2500604","45","17.28","42","11.33"
"ТЪРГОВИЩЕ","ТЪРГОВИЩЕ","ГР.ТЪРГОВИЩЕ","Професионална гимназия по земеделие","2500605","31","12.97","31","14.36"
"ТЪРГОВИЩЕ","ТЪРГОВИЩЕ","ГР.ТЪРГОВИЩЕ","Специално училище за ученици с увреден слух ""Свети Иван Рилски""","2500703","5","4.8","5","9.6"
"ТЪРГОВИЩЕ","ТЪРГОВИЩЕ","ГР.ТЪРГОВИЩЕ","Второ средно училище ""Професор Никола Маринов""","2501694","80","55.76","79","27.58"
"ХАСКОВО","ДИМИТРОВГРАД","ГР.ДИМИТРОВГРАД","Обединено училище ""Свети свети Кирил и Методий""","2602003","18","13.64","18","8.79"
"ХАСКОВО","ДИМИТРОВГРАД","ГР.ДИМИТРОВГРАД","Средно училище ""Любен Каравелов""","2602018","49","36.24","49","19.54"
"ХАСКОВО","ДИМИТРОВГРАД","ГР.ДИМИТРОВГРАД","Природо-математическа гимназия със засилено изучаване на чужди езици ""Иван Вазов""","2602019","95","54.85","95","37.36"
"ХАСКОВО","ДИМИТРОВГРАД","ГР.ДИМИТРОВГРАД","ПРОФИЛИРАНА ЕЗИКОВА ГИМНАЗИЯ ""Д-р Иван Богоров""","2602020","83","49.65","82","23.89"
"ХАСКОВО","ДИМИТРОВГРАД","ГР.ДИМИТРОВГРАД","Професионална гимназия ""Проф. д-р Асен Златаров""","2602023","52","16.66","49","11.17"
"ХАСКОВО","ИВАЙЛОВГРАД","ГР.ИВАЙЛОВГРАД","Средно училище ""Христо Ботев""","2610005","26","36.58","26","23.73"
"ХАСКОВО","ЛЮБИМЕЦ","ГР.ЛЮБИМЕЦ","Средно училище ""Желязко Терпешев""","2606005","58","25.49","56","19.33"
"ХАСКОВО","МАДЖАРОВО","ГР.МАДЖАРОВО","Средно училище ""Димитър Маджаров""","2608001","9","10.44","8","7.56"
"ХАСКОВО","МИНЕРАЛНИ БАНИ","С.КАРАМАНЦИ","СРЕДНО УЧИЛИЩЕ ""ХРИСТО БОТЕВ""","2607002","9","29.67","9","22.31"
"ХАСКОВО","МИНЕРАЛНИ БАНИ","С.МИНЕРАЛНИ БАНИ","СРЕДНО УЧИЛИЩЕ ""ПРОФ. Д-Р АСЕН ЗЛАТАРОВ""","2607001","11","26","11","16.45"
"ХАСКОВО","СВИЛЕНГРАД","ГР.СВИЛЕНГРАД","Средно училище ""Д-р Петър Берон""","2605008","67","52.75","64","38.49"
"ХАСКОВО","СВИЛЕНГРАД","ГР.СВИЛЕНГРАД","Професионална гимназия по селско стопанство и икономика ""Христо Ботев""","2605016","79","30.07","75","16.94"
"ХАСКОВО","СИМЕОНОВГРАД","ГР.СИМЕОНОВГРАД","Средно училище ""Свети Климент Охридски""","2604004","22","14.95","22","10.69"
"ХАСКОВО","СТАМБОЛОВО","С.СТАМБОЛОВО","Средно училище "" Свети Климент Охридски ""","2609006","16","25.16","16","13.88"
"ХАСКОВО","ТОПОЛОВГРАД","ГР.ТОПОЛОВГРАД","Средно училище ""Д-р Петър Берон""","2611018","58","31.03","58","35"
"ХАСКОВО","ХАРМАНЛИ","ГР.ХАРМАНЛИ","Средно училище ""Неофит Рилски""","2603008","89","33.62","89","32.4"
"ХАСКОВО","ХАРМАНЛИ","ГР.ХАРМАНЛИ","Професионална гимназия по електропромишленост и текстил ""Захари Стоянов""","2603009","37","14.95","37","10.36"
"ХАСКОВО","ХАСКОВО","ГР.ХАСКОВО","Средно училище "" Васил Левски""","2601025","27","38.46","26","23.44"
"ХАСКОВО","ХАСКОВО","ГР.ХАСКОВО","Средно училище ""Св.Паисий Хилендарски""","2601026","17","37.24","17","19.57"
"ХАСКОВО","ХАСКОВО","ГР.ХАСКОВО","СПОРТНО УЧИЛИЩЕ ""СТЕФАН КАРАДЖА""","2601027","27","11.22","26","12.04"
"ХАСКОВО","ХАСКОВО","ГР.ХАСКОВО","Езикова гимназия ""Проф. д-р Асен Златаров""","2601028","184","66.44","183","36.02"
"ХАСКОВО","ХАСКОВО","ГР.ХАСКОВО","Природо-математическа гимназия ""Академик Боян Петканчин""","2601029","128","64.46","127","54.91"
"ХАСКОВО","ХАСКОВО","ГР.ХАСКОВО","Финансово-стопанска гимназия ""Атанас Буров""","2601031","118","33.27","116","17.63"
"ХАСКОВО","ХАСКОВО","ГР.ХАСКОВО","Професионална гимназия по туризъм ""Александър Паскалев""","2601032","90","31.66","87","16.14"
"ХАСКОВО","ХАСКОВО","ГР.ХАСКОВО","Професионална гимназия по дървообработване и строителство ""Цар Иван Асен ""","2601034","120","44.13","120","23.41"
"ХАСКОВО","ХАСКОВО","ГР.ХАСКОВО","Професионална гимназия по лека промишленост ""Райна Княгиня""","2601035","41","12.8","41","9.94"
"ХАСКОВО","ХАСКОВО","ГР.ХАСКОВО","Професионална гимназия по механоелектротехника ""Стойчо и Кица Марчеви""","2601036","66","16.36","65","13.46"
"ХАСКОВО","ХАСКОВО","ГР.ХАСКОВО","Професионална гимназия по транспорт и аграрни технологии ""Н.Й.Вапцаров""","2601904","29","9.33","26","16.15"
"ШУМЕН","ВЕЛИКИ ПРЕСЛАВ","ГР.ВЕЛИКИ ПРЕСЛАВ","Професионална техническа гимназия ""Симеон Велики""","2700024","47","32.19","46","13.83"
"ШУМЕН","ВЕЛИКИ ПРЕСЛАВ","ГР.ВЕЛИКИ ПРЕСЛАВ","Средно училище ""Черноризец Храбър""","2700103","7","28.29","7","17.68"
"ШУМЕН","ВЕЛИКИ ПРЕСЛАВ","ГР.ВЕЛИКИ ПРЕСЛАВ","Професионална гимназия по селско стопанство","2700282","15","21.37","14","13.18"
"ШУМЕН","ВЕНЕЦ","С.ВЕНЕЦ","Средно училище ""Никола Йонков Вапцаров""","2700069","17","34.82","17","36.6"
"ШУМЕН","ВЪРБИЦА","ГР.ВЪРБИЦА","Средно училище ""Св. Паисий Хилендарски""","2700062","45","22.12","45","14.46"
"ШУМЕН","ВЪРБИЦА","С.БЯЛА РЕКА","Обединено училище ""Св. св. Кирил и Методий""","2700061","9","35.72","9","22.92"
"ШУМЕН","КАОЛИНОВО","ГР.КАОЛИНОВО","Средно училище ""Георги Стойков Раковски""","2700216","12","22.63","12","17.98"
"ШУМЕН","КАОЛИНОВО","С.БРАНИЧЕВО","Обединено училище ""Йордан Йовков""","2700238","11","18.86","12","12.56"
"ШУМЕН","КАОЛИНОВО","С.ТОДОР ИКОНОМОВО","Обединено училище ""Панайот Волов""","2700239","19","29.42","19","41.68"
"ШУМЕН","КАСПИЧАН","ГР.КАСПИЧАН","Средно училище ""Панайот Волов""","2700067","17","25.26","17","12.5"
"ШУМЕН","КАСПИЧАН","С.КАСПИЧАН","Обединено училище ""Христо Ботев""","2700068","11","12.36","10","10.85"
"ШУМЕН","НИКОЛА КОЗЛЕВО","С.НИКОЛА КОЗЛЕВО","Средно училище ""Цанко Бакалов Церковски""","2700192","27","24.65","28","32.02"
"ШУМЕН","НОВИ ПАЗАР","ГР.НОВИ ПАЗАР","Средно училище ""Васил Левски""","2700047","48","30.66","48","15.85"
"ШУМЕН","НОВИ ПАЗАР","ГР.НОВИ ПАЗАР","Средно училище ""Хан Исперих""","2700071","26","34.35","25","23.4"
"ШУМЕН","НОВИ ПАЗАР","ГР.НОВИ ПАЗАР","Професионална гимназия по селско стопанство","2700220","19","7.95","19","12.37"
"ШУМЕН","НОВИ ПАЗАР","ГР.НОВИ ПАЗАР","Професионална гимназия по химични технологии и дизайн ""Проф. д-р Асен Златаров""","2700224","21","7.19","21","10.33"
"ШУМЕН","СМЯДОВО","ГР.СМЯДОВО","Средно училище ""Св. св. Кирил и Методий""","2700191","36","33.99","36","20.63"
"ШУМЕН","ХИТРИНО","С.ХИТРИНО","Средно училище ""Д-р Петър Берон""","2700088","17","18.85","17","17.79"
"ШУМЕН","ШУМЕН","ГР.ШУМЕН","Професионална гимназия по строителство архитектура и геодезия","2700006","75","26.04","75","14.14"
"ШУМЕН","ШУМЕН","ГР.ШУМЕН","Професионална гимназия по икономика","2700011","98","33.82","97","16.47"
"ШУМЕН","ШУМЕН","ГР.ШУМЕН","Професионална гимназия по облекло, хранене и химични технологии Проф. д-р Асен Златаров","2700031","30","22.03","27","10.79"
"ШУМЕН","ШУМЕН","ГР.ШУМЕН","Професионална гимназия по селско стопанство и хранителни технологии","2700064","43","13.85","41","11.44"
"ШУМЕН","ШУМЕН","ГР.ШУМЕН","Средно училище ""Панайот Волов""","2700076","78","60.31","74","29.82"
"ШУМЕН","ШУМЕН","ГР.ШУМЕН","Профилирана езикова гимназия ""Никола Йонков Вапцаров""","2700083","118","53.5","119","24.91"
"ШУМЕН","ШУМЕН","ГР.ШУМЕН","Средно училище ""Трайко Симеонов""","2700147","15","16.63","12","10.38"
"ШУМЕН","ШУМЕН","ГР.ШУМЕН","Средно училище ""Йоан Екзарх Български""","2700182","77","49.64","76","20.84"
"ШУМЕН","ШУМЕН","ГР.ШУМЕН","Средно училище ""Сава Доброплодни""","2700197","102","59.75","101","33.49"
"ШУМЕН","ШУМЕН","ГР.ШУМЕН","Духовно училище ""Нювваб""","2700217","20","27.18","20","17.4"
"ШУМЕН","ШУМЕН","ГР.ШУМЕН","Профилирана природоматематическа гимназия ""Нанчо Попович""","2700221","130","62.19","125","45.64"
"ШУМЕН","ШУМЕН","ГР.ШУМЕН","Средно училище ""Васил Левски""","2700231","22","28.18","22","16.14"
"ШУМЕН","ШУМЕН","ГР.ШУМЕН","Професионална гимназия по механотехника електроника телекомуникации и транспорт ""Христо Ботев""","2707033","77","23.21","77","13.01"
"ШУМЕН","ШУМЕН","С.ДРУМЕВО","Обединено училище ""Христо Ботев""","2700160","10","15.1","12","14.25"
"ШУМЕН","ШУМЕН","С.ИВАНСКИ","Обединено училище ""Христо Ботев""","2700273","11","16.27","11","8.09"
"ЯМБОЛ","БОЛЯРОВО","ГР.БОЛЯРОВО","Средно училище ""Д-р Петър Берон""","2821519","15","29.83","15","33.78"
"ЯМБОЛ","ЕЛХОВО","ГР.ЕЛХОВО","Профилирана гимназия ""Св. Климент Охридски""","2831522","51","57.26","51","70.25"
"ЯМБОЛ","ЕЛХОВО","ГР.ЕЛХОВО","Професионална гимназия ""Стефан Караджа""","2831609","43","32.83","43","32.79"
"ЯМБОЛ","ЕЛХОВО","С.БОЯНОВО","Професионална гимназия по механизация на селското стопанство ""Ернесто Че Гевара""","2831610","19","56.5","23","44.13"
"ЯМБОЛ","СТРАЛДЖА","ГР.СТРАЛДЖА","Средно училище ""Пейо Крачолов Яворов""","2841532","30","53.85","30","53.87"
"ЯМБОЛ","ТУНДЖА","С.СКАЛИЦА","Средно училище ""Св. Паисий Хилендарски""","2851559","7","22.14","7","12.5"
"ЯМБОЛ","ТУНДЖА","С.ТЕНЕВО","Обединено училище ""Васил Левски""","2851560","7","28","7","24.71"
"ЯМБОЛ","ЯМБОЛ","ГР.ЯМБОЛ","Средно училище ""Св. Климент Охридски""","2811510","20","33.33","19","14.92"
"ЯМБОЛ","ЯМБОЛ","ГР.ЯМБОЛ","Обединено училище ""Д-р Петър Берон""","2811514","33","30.12","31","34.1"
"ЯМБОЛ","ЯМБОЛ","ГР.ЯМБОЛ","Профилирана гимназия ""Васил Левски""","2811515","99","53.01","98","23.13"
"ЯМБОЛ","ЯМБОЛ","ГР.ЯМБОЛ","Природо-математическа гимназия ""Атанас Радев""","2811516","96","59.92","96","41.49"
"ЯМБОЛ","ЯМБОЛ","ГР.ЯМБОЛ","Езикова гимназия ""Васил Карагьозов""","2811517","64","48.28","63","25.98"
"ЯМБОЛ","ЯМБОЛ","ГР.ЯМБОЛ","Спортно училище ""Пиер дьо Кубертен""","2811518","10","35.15","9","23.5"
"ЯМБОЛ","ЯМБОЛ","ГР.ЯМБОЛ","Професионална техническа гимназия ""Иван Райнов""","2811601","50","26.69","50","16.38"
"ЯМБОЛ","ЯМБОЛ","ГР.ЯМБОЛ","Професионална гимназия по икономика ""Георги Стойков Раковски""","2811602","11","19.27","11","9.45"
"ЯМБОЛ","ЯМБОЛ","ГР.ЯМБОЛ","Професионална гимназия по туризъм ""Алеко Константинов""","2811603","39","27.33","38","17.93"
"ЯМБОЛ","ЯМБОЛ","ГР.ЯМБОЛ","Професионална гимназия по земеделие ""Христо Ботев""","2811604","40","27.08","39","38.01"
"ЯМБОЛ","ЯМБОЛ","ГР.ЯМБОЛ","Гимназия по строителство и архитектура, графика и дизайн ""Кольо Фичето""","2811607","106","53.02","106","42.24"
"ЯМБОЛ","ЯМБОЛ","ГР.ЯМБОЛ","Професионална гимназия по подемна, строителна и транспортна техника ""Никола Й. Вапцаров""","2811608","37","14.42","37","29.3"
"ЯМБОЛ","ЯМБОЛ","ГР.ЯМБОЛ","Професионална гимназия по лека промишленост, екология и химични технологии","2811613","48","25.89","48","37.93"
